date,2m_temperature_mean,2m_temperature_min,2m_temperature_max,10m_u_component_of_wind_mean,10m_v_component_of_wind_mean,surface_pressure_mean,total_precipitation_sum,surface_net_solar_radiation_sum,total_cloud_cover_mean,evaporation_sum,soil_temperature_level_1_mean,snowfall_sum,wind_speed,temp_celsius_mean,temp_celsius_min,temp_celsius_max,solar_radiation_MJ,water_level,is_interpolated
1/4/2015,267.9906,262.29272,273.68848,0.6378496,1.46119673,80242.845,0,187510.56,0.363015991,1.03E-06,269.22388,0,1.594348769,-5.1594,-10.85728,0.53848,0.18751056,37.11,FALSE
1/5/2015,270.46338,264.1753,276.75146,1.2138853,1.21024608,80741.8125,0,170655.75,0.917553245,4.30E-07,270.537355,0,1.714121669,-2.68662,-8.9747,3.60146,0.17065575,37.11,FALSE
1/6/2015,275.27344,270.28345,280.26343,-0.04347502,1.051917,80984.5,0,272958.94,0.98269828,-3.24E-06,271.88855,0,1.052815013,2.12344,-2.86655,7.11343,0.27295894,37.11,FALSE
1/7/2015,276.30432,270.21094,282.3977,-0.9965955,0.836208875,80908.375,0,314047.2,0.50122118,-8.90E-07,272.76965,0,1.300941149,3.15432,-2.93906,9.2477,0.3140472,37.109375,TRUE
1/8/2015,274.338255,265.19604,283.48047,-0.18031293,0.73809584,80485.28,0,364818.06,0.461829035,-4.25E-06,273.37549,1.54E-07,0.759801436,1.188255,-7.95396,10.33047,0.36481806,37.10875,TRUE
1/9/2015,274.018185,266.25073,281.78564,0.077662358,0.276850885,80045.0325,1.59E-06,375621.94,0.63646108,-1.29E-06,273.752195,1.48E-06,0.28753757,0.868185,-6.89927,8.63564,0.37562194,37.108125,TRUE
1/10/2015,277.64966,273.1045,282.19482,0.12141283,0.55353345,79746.94,4.38E-05,290418.12,0.9077146,-1.61E-05,274.560545,1.98E-08,0.56669247,4.49966,-0.0455,9.04482,0.29041812,37.1075,TRUE
1/11/2015,276.57837,273.13477,280.02197,0.42961771,0.4835116,79695.655,4.30E-05,371553.62,0.8336132,-2.94E-05,274.842405,4.57E-08,0.646803559,3.42837,-0.01523,6.87197,0.37155362,37.106875,TRUE
1/12/2015,278.136235,275.14087,281.1316,0.8806083,0.44094057,79902.25,0.000238421,344841.06,0.714558475,-2.12E-05,275.43579,0.000108733,0.98483479,4.986235,1.99087,7.9816,0.34484106,37.10625,TRUE
1/13/2015,272.312865,269.3208,275.30493,1.71928645,-1.6664076,80081.375,2.39E-05,221010.56,0.55595404,-2.91E-05,274.077515,2.34E-05,2.394339196,-0.837135,-3.8292,2.15493,0.22101056,37.105625,TRUE
1/14/2015,271.90588,269.00586,274.8059,0.12819913,-2.0262918,80367.375,1.36E-06,430354.25,0.712862065,-2.17E-05,273.222415,1.12E-06,2.030343192,-1.24412,-4.14414,1.6559,0.43035425,,TRUE
1/15/2015,269.88245,263.6294,276.1355,-0.94163342,0.44374215,80478.44,0,396431.2,0.8260466,-9.60E-06,272.177125,7.97E-08,1.040951773,-3.26755,-9.5206,2.9855,0.3964312,,TRUE
1/16/2015,277.487665,273.6079,281.36743,-0.20210197,1.439548722,80325.0925,0,260548.38,0.80673638,-4.29E-05,274.028925,0,1.453666306,4.337665,0.4579,8.21743,0.26054838,,TRUE
1/17/2015,275.653075,270.47168,280.83447,0.60093575,0.410254,80346.5325,0,432889.62,0.74538353,-2.36E-05,273.60999,0,0.727620863,2.503075,-2.67832,7.68447,0.43288962,,TRUE
1/18/2015,279.308225,275.82153,282.79492,0.284366963,1.93337965,80374.375,0,525641.1,0.949009445,-4.25E-05,275.50415,0,1.954180504,6.158225,2.67153,9.64492,0.5256411,,TRUE
1/19/2015,279.43054,273.97998,284.8811,1.4290428,1.26545765,80359.8425,0,502996.44,0.478597183,-4.29E-05,276.2373,0,1.908807583,6.28054,0.82998,11.7311,0.50299644,,TRUE
1/20/2015,276.18873,270.50806,281.8694,0.69936154,-1.022870222,80211.3125,2.54E-06,454069.62,0.627721815,-4.13E-05,275.805425,2.06E-06,1.239100502,3.03873,-2.64194,8.7194,0.45406962,,TRUE
1/21/2015,271.8656,267.16577,276.56543,-0.45297525,-1.5840011,80019.47,3.16E-07,613834.2,0.696874945,-5.01E-05,273.95874,1.98E-07,1.647496908,-1.2844,-5.98423,3.41543,0.6138342,,TRUE
1/22/2015,270.765625,265,276.53125,0.02656755,-0.958856015,80385.03,0,515563.2,0.160461465,-3.21E-05,271.80787,0,0.959224005,-2.384375,-8.15,3.38125,0.5155632,37.1,FALSE
1/23/2015,273.54309,266.95874,280.12744,0.548163,-0.43192772,80554.315,0,614992,0.490100633,-5.05E-05,273.121215,0,0.697885542,0.39309,-6.19126,6.97744,0.614992,37.11,FALSE
1/24/2015,272.59302,266.44507,278.74097,0.95188585,-1.91621935,80825.5625,0,619188.75,0.142510737,-4.29E-05,272.542965,0,2.139622226,-0.55698,-6.70493,5.59097,0.61918875,37.11,FALSE
1/25/2015,275.94764,270.72388,281.1714,0.41740402,-0.723980595,80771.3125,0,644228.06,0.057363293,-4.46E-05,273.97619,0,0.835687751,2.79764,-2.42612,8.0214,0.64422806,37.1,FALSE
1/26/2015,278.260255,270.23926,286.28125,-1.1476326,0.0062375,80570.0625,0,534951.6,0.003704818,-3.72E-05,275.84839,0,1.147649551,5.110255,-2.91074,13.13125,0.5349516,37.1,TRUE
1/27/2015,281.501465,276.85767,286.14526,-1.15832231,1.41014915,80034.155,0.000158053,436731.3,0.97212043,-6.53E-05,277.168585,0,1.824892106,8.351465,3.70767,12.99526,0.4367313,37.1,TRUE
1/28/2015,275.95654,272.42188,279.4912,2.1338463,0.788107315,80185.5925,0,445579.38,0.83958042,-6.01E-05,276.39575,2.96E-07,2.274733649,2.80654,-0.72812,6.3412,0.44557938,37.1,FALSE
1/29/2015,277.47754,273.74878,281.2063,-1.19149885,-1.11963803,80394.595,2.07E-05,308710.5,0.78097275,-3.95E-05,276.4292,0,1.635010345,4.32754,0.59878,8.0563,0.3087105,37.1,TRUE
1/30/2015,276.922975,274.02393,279.82202,-1.07597529,0.455532339,80027.47,0.000128758,256755.69,0.9993769,-3.88E-05,275.944215,2.51E-05,1.168431657,3.772975,0.87393,6.67202,0.25675569,37.1,TRUE
1/31/2015,274.66687,271.27026,278.06348,0.471514572,-3.047791,79605.5625,1.13E-05,734081.2,0.8979991,-6.91E-05,275.575685,1.10E-05,3.084048633,1.51687,-1.87974,4.91348,0.7340812,37.1,TRUE
2/1/2015,273.82653,268.38696,279.2661,1.22089345,-0.70269485,80059.875,0,726509.4,0.509120874,-6.51E-05,275.386115,0,1.408673443,0.67653,-4.76304,6.1161,0.7265094,37.1,FALSE
2/2/2015,278.080685,272.16064,284.00073,1.4566226,0.786114865,80122.3125,0.000341281,292442.88,0.923593575,-4.40E-05,276.215575,0,1.655211763,4.930685,-0.98936,10.85073,0.29244288,37.1,TRUE
2/3/2015,277.989985,274.57007,281.4099,2.18723675,0.31471695,80039.4675,8.25E-06,760855.9,0.993001225,-9.08E-05,277.267215,0,2.209762738,4.839985,1.42007,8.2599,0.7608559,37.1,TRUE
2/4/2015,279.99731,273.9851,286.00952,2.83430245,0.64000435,80046.47,0,654605.9,0.494088609,-7.54E-05,278.092775,0,2.905662738,6.84731,0.8351,12.85952,0.6546059,37.1,FALSE
2/5/2015,281.54761,276.48145,286.61377,0.71100618,1.86447727,80072.905,0,609064.44,0.98199758,-7.90E-05,278.55273,0,1.995446135,8.39761,3.33145,13.46377,0.60906444,37.10166667,TRUE
2/6/2015,283.019035,278.4431,287.59497,-0.335079525,3.3030281,79862.0625,0,742394.25,0.8197214,-9.59E-05,279.013425,0,3.319980861,9.869035,5.2931,14.44497,0.74239425,37.10333333,TRUE
2/7/2015,285.363285,281.14917,289.5774,1.45872539,4.54720785,79560.1875,8.01E-06,702195.06,0.79537565,-6.26E-05,280.64441,0,4.775455894,12.213285,7.99917,16.4274,0.70219506,37.105,TRUE
2/8/2015,281.019165,274.9021,287.13623,1.605364515,1.00869035,79956.4675,2.11E-05,468457.5,0.37226543,-4.15E-05,279.89196,0,1.895956605,7.869165,1.7521,13.98623,0.4684575,37.10666667,TRUE
2/9/2015,284.40307,280.11084,288.6953,1.77326345,3.5233426,79806.9675,0.000873458,850606.25,0.74994917,-4.93E-05,282.23864,0,3.944414575,11.25307,6.96084,15.5453,0.85060625,37.10833333,TRUE
2/10/2015,277.94653,271.45898,284.43408,3.17518905,-0.250650225,80063.155,0,919819.25,0.026126733,-3.45E-05,278.95948,0,3.185066881,4.79653,-1.69102,11.28408,0.91981925,37.11,FALSE
2/11/2015,276.469975,271.02075,281.9192,-0.868926265,-1.3130528,80353.5,0,906310.94,0.210034043,-3.50E-05,278.305415,0,1.574528663,3.319975,-2.12925,8.7692,0.90631094,37.12,FALSE
2/12/2015,278.719365,272.10645,285.33228,-1.2737894,2.12507675,80575.0325,0,916768.6,0.6163544,-4.57E-05,279.180415,0,2.477597754,5.569365,-1.04355,12.18228,0.9167686,37.11,FALSE
2/13/2015,283.555175,276.13013,290.98022,-0.237013383,0.11719655,80574.685,0,906129.7,0.57400266,-3.36E-05,281.82471,0,0.264405702,10.405175,2.98013,17.83022,0.9061297,37.1,FALSE
2/14/2015,283.671875,274.36768,292.97607,-0.419619665,1.126814011,80367.125,0,765423.1,0.83675164,-3.12E-05,282.49207,0,1.202410279,10.521875,1.21768,19.82607,0.7654231,37.1,TRUE
2/15/2015,280.78589,271.49243,290.07935,1.4326148,-1.75215675,80173.625,0,991107,0.69038367,-1.37E-05,281.050905,0,2.26328046,7.63589,-1.65757,16.92935,0.991107,37.1,TRUE
2/16/2015,277.119385,269.15845,285.08032,1.559464,-1.11261235,80051.69,0,980756.7,0.259389435,-1.15E-05,279.83911,0,1.915681134,3.969385,-3.99155,11.93032,0.9807567,37.1,TRUE
2/17/2015,276.02368,268.50024,283.54712,0.2701323,-1.70857442,80052.31,0,999933.56,0.40106353,-1.19E-05,278.61316,0,1.7297971,2.87368,-4.64976,10.39712,0.99993356,37.1,FALSE
2/18/2015,279.409785,271.062,287.75757,1.75852875,-0.42776155,80171.4675,0,1010000,0.000618699,-1.66E-05,280.42664,0,1.809807533,6.259785,-2.088,14.60757,1.01,37.11,FALSE
2/19/2015,280.8756,271.1953,290.5559,1.07762722,-0.05529595,80209.2825,0,897815.8,0.048320115,-1.73E-05,281.91419,0,1.079044979,7.7256,-1.9547,17.4059,0.8978158,37.11714286,TRUE
2/20/2015,281.648315,273.323,289.97363,2.85137745,-1.294932342,79881.405,0,1020000,0.483142885,-4.40E-06,281.92798,0,3.131645435,8.498315,0.173,16.82363,1.02,37.12428571,TRUE
2/21/2015,276.648195,270.74756,282.54883,1.86107495,-1.73817492,79653.315,0,1010000,0.394218475,-2.65E-06,279.87133,0,2.546537261,3.498195,-2.40244,9.39883,1.01,37.13142857,TRUE
2/22/2015,274.7052,269.1682,280.2422,0.872773175,-2.9733166,79301.8125,8.57E-06,636999.5,0.32475832,-1.93E-06,278.7229,8.34E-06,3.098765015,1.5552,-3.9818,7.0922,0.6369995,37.13857143,TRUE
2/23/2015,270.475465,265.24683,275.7041,-2.1734557,-2.5825162,79409.2825,0,1100000,0.97547795,-4.13E-06,275.456055,0,3.375396214,-2.674535,-7.90317,2.5541,1.1,37.14571429,TRUE
2/24/2015,270.971315,265.41846,276.52417,-0.3781629,-2.9515887,80096.44,0,1100000,0,-1.03E-05,274.47986,0,2.97571555,-2.178685,-7.73154,3.37417,1.1,37.15285714,TRUE
2/25/2015,275.36925,268.4016,282.3369,2.36870095,-1.168821,80240.625,0,795090.44,0.29434252,-9.23E-06,277.56714,0,2.6413797,2.21925,-4.7484,9.1869,0.79509044,37.16,FALSE
2/26/2015,278.26025,272.84985,283.67065,1.75492575,-2.29836515,79781.5925,4.55E-05,776642.75,0.99975598,-9.00E-06,278.9148,3.55E-05,2.89175496,5.11025,-0.30015,10.52065,0.77664275,37.13,FALSE
2/27/2015,274.127195,269.77246,278.48193,1.574068,-1.5267,79231.78,0.000471373,695502.1,0.81496868,-1.37E-05,277.31347,0.00017334,2.192829897,0.977195,-3.37754,5.33193,0.6955021,37.115,TRUE
2/28/2015,274.46814,271.08398,277.8523,1.47266344,-0.03698867,78449.625,0.000493885,533872.75,0.64330983,-1.36E-05,278.536745,0.000386241,1.473127886,1.31814,-2.06602,4.7023,0.53387275,37.1,FALSE
3/1/2015,272.69275,271.19556,274.18994,-0.424588925,-1.84724235,79099.19,2.30E-05,664940.06,0.7471881,-2.71E-05,277.678835,8.22E-06,1.89541026,-0.45725,-1.95444,1.03994,0.66494006,37.16,FALSE
3/2/2015,273.73816,269.48218,277.99414,-1.652702075,0.78864939,79146.22,8.61E-05,634450.6,0.726239475,-3.66E-05,277.362185,1.66E-05,1.831226914,0.58816,-3.66782,4.84414,0.6344506,37.13,FALSE
3/3/2015,273.2738,270.71313,275.83447,2.9945345,-0.98462921,78970.5925,0.000294953,750586.06,0.8131574,-4.18E-05,277.1405,0.000294767,3.152258167,0.1238,-2.43687,2.68447,0.75058606,37.16,FALSE
3/4/2015,267.41944,262.43848,272.4004,1.0849109,-2.47546815,79572.31,0,848071.5,0.15522385,-2.59E-05,274.33655,0,2.702771582,-5.73056,-10.71152,-0.7496,0.8480715,37.19,FALSE
3/5/2015,270.15441,264.239,276.06982,0.620290825,-0.1638546,80297.7175,0,961144.75,0.02240519,-4.71E-05,275.31067,0,0.641567641,-2.99559,-8.911,2.91982,0.96114475,37.21,FALSE
3/6/2015,275.416625,267.66895,283.1643,0.611765445,0.008856535,80651.875,0,1070000,0.139342783,-8.75E-05,276.976935,0,0.61182955,2.266625,-5.48105,10.0143,1.07,37.2,FALSE
3/7/2015,279.96094,273.59473,286.32715,-0.50834845,-0.7124754,80514.53,0,1160000,0,-0.000116017,278.131715,0,0.875236735,6.81094,0.44473,13.17715,1.16,37.17,FALSE
3/8/2015,280.80273,273.1267,288.47876,1.134338135,-1.0556766,80113.565,0,1230000,0.024197264,-0.0001328,279.445315,0,1.549572873,7.65273,-0.0233,15.32876,1.23,37.17,FALSE
3/9/2015,279.2909,271.5066,287.0752,1.3765216,-1.571116015,79992.875,0,1280000,0,-0.000128857,279.181035,0,2.088831551,6.1409,-1.6434,13.9252,1.28,37.17,FALSE
3/10/2015,278.91968,270.81934,287.02002,-0.02956742,-0.6325774,79935,0,1080000,0,-0.000124296,279.600465,0,0.633268031,5.76968,-2.33066,13.87002,1.08,37.17,FALSE
3/11/2015,285.577145,280.26562,290.88867,-0.28735021,2.6170988,79852.9075,0.00033822,375345.5,0.9991764,-5.39E-05,282.784915,0,2.63282667,12.427145,7.11562,17.73867,0.3753455,37.18,FALSE
3/12/2015,277.282465,274.9851,279.57983,0.72188341,1.239087565,80266.125,9.54E-07,746798.75,0.64244428,-8.51E-05,277.660155,0,1.434034048,4.132465,1.8351,6.42983,0.74679875,37.22,FALSE
3/13/2015,280.00415,274.4358,285.5725,-0.350206345,-2.234174705,80644.75,0,1340000,0.411648517,-0.000119062,278.7251,0,2.261455526,6.85415,1.2858,12.4225,1.34,37.21,FALSE
3/14/2015,282.44434,275.96948,288.9192,-1.65202685,1.8147693,80479.97,0,1120000,0.523525078,-0.00010099,282.11072,0,2.454094604,9.29434,2.81948,15.7692,1.12,37.2,FALSE
3/15/2015,286.79455,281.4641,292.125,0.36901575,1.39482345,80268.4075,0,1280000,0.65421075,-6.07E-05,285.057375,0,1.442811519,13.64455,8.3141,18.975,1.28,37.19,FALSE
3/16/2015,286.389035,278.7434,294.03467,0.9565313,3.146752,80018.625,0,1240000,0.819680625,-2.79E-05,286.304445,0,3.288920838,13.239035,5.5934,20.88467,1.24,37.18,FALSE
3/17/2015,287.15455,280.469,293.8401,0.86794221,2.29864025,79778.7175,0,982378.25,0.95290215,-1.57E-05,288.35498,0,2.457045111,14.00455,7.319,20.6901,0.98237825,37.18,FALSE
3/18/2015,282.356325,276.22217,288.49048,1.82313393,-0.622934844,79818.155,0,1260000,0.98223535,-1.91E-05,284.59583,0,1.926620136,9.206325,3.07217,15.34048,1.26,37.19,FALSE
3/19/2015,280.056155,272.28394,287.82837,0.968684125,-2.8594594,80056.905,0,1450000,0.5,-3.31E-05,283.90357,0,3.019082144,6.906155,-0.86606,14.67837,1.45,37.21,FALSE
3/20/2015,279.911985,270.99365,288.83032,-0.105840745,-0.1755342,80142.125,0,1290000,0.08248967,-4.29E-05,284.267575,0,0.204974434,6.761985,-2.15635,15.68032,1.29,37.2,FALSE
3/21/2015,285.30871,277.20752,293.4099,2.49728675,0.589275028,79973.4075,0,1360000,0.99068035,-3.02E-05,286.75903,0,2.565869476,12.15871,4.05752,20.2599,1.36,37.2,FALSE
3/22/2015,281.613765,273.90503,289.3225,2.714221,-0.22171608,79939.405,0,827286.9,0.783192455,-4.82E-06,285.72363,0,2.723261584,8.463765,0.75503,16.1725,0.8272869,37.2,FALSE
3/23/2015,282.12146,276.01392,288.229,2.9029741,0.89578032,79737.69,0.0001202,1280000,0.591176005,-3.16E-05,285.523675,0,3.038039007,8.97146,2.86392,15.079,1.28,37.21,FALSE
3/24/2015,278.27722,273.36304,283.1914,4.2100882,0.11598748,79937.78,9.24E-06,623181.75,0.557058015,-2.54E-05,282.055545,0,4.211685618,5.12722,0.21304,10.0414,0.62318175,37.22,FALSE
3/25/2015,276.806765,272.24097,281.37256,2.83601095,-1.84450245,80226.7175,0,1430000,0.76594602,-3.85E-05,280.39722,2.78E-07,3.383067749,3.656765,-0.90903,8.22256,1.43,37.24,FALSE
3/26/2015,280.26856,274.50122,286.0359,0.77961162,-1.74945634,80587.75,0,1460000,0.867091585,-2.53E-05,283.77246,0,1.915304614,7.11856,1.35122,12.8859,1.46,37.24,FALSE
3/27/2015,283.64551,275.97144,291.31958,-0.160520421,-0.0203843,80487.2175,0,1490000,0,-4.17E-05,287.772705,0,0.161809534,10.49551,2.82144,18.16958,1.49,37.22,FALSE
3/28/2015,287.212035,278.20532,296.21875,2.2968526,-0.13448167,80174.2825,0,1430000,0.023826208,-1.85E-05,289.59033,0,2.30078621,14.062035,5.05532,23.06875,1.43,37.22,FALSE
3/29/2015,284.568845,276.98535,292.15234,1.56190773,-2.054147385,80370.75,1.42E-06,1440000,0.44358136,-9.78E-06,287.43335,0,2.580518792,11.418845,3.83535,19.00234,1.44,37.22,FALSE
3/30/2015,287.1411,280.8098,293.4724,0.143095402,-0.50036797,80188.155,0,1540000,0.31699813,-3.61E-05,289.60168,0,0.520427132,13.9911,7.6598,20.3224,1.54,37.21,FALSE
3/31/2015,287.44873,278.63892,296.25854,1.2442549,1.844032875,79819.75,0,1550000,0.60401164,-2.74E-05,290.631715,0,2.224551078,14.29873,5.48892,23.10854,1.55,37.19,FALSE
4/1/2015,281.17493,271.37183,290.97803,4.21433735,-1.332514165,79659.1875,0,1190000,0.074589058,-3.37E-05,287.061035,0,4.419981142,8.02493,-1.77817,17.82803,1.19,37.21,FALSE
4/2/2015,277.31775,271.46118,283.17432,0.700765865,-2.6240158,79596.25,6.38E-07,1590000,0.902102675,-3.88E-05,284.800535,3.53E-07,2.71597712,4.16775,-1.68882,10.02432,1.59,37.23,FALSE
4/3/2015,274.08838,267.70996,280.4668,0.76165941,-1.3245249,80196.94,0,1630000,0,-4.73E-05,281.27625,0,1.527904208,0.93838,-5.44004,7.3168,1.63,37.24,FALSE
4/4/2015,279.15332,272.13892,286.16772,1.39169683,3.07387875,79816.935,0,1590000,0.130595265,-2.76E-05,283.07398,0,3.374248159,6.00332,-1.01108,13.01772,1.59,37.2,FALSE
4/5/2015,284.68958,279.95386,289.4253,3.141920475,0.29758645,79071.2175,0,919399.4,0.2269952,-5.48E-06,286.20325,0,3.155981934,11.53958,6.80386,16.2753,0.9193994,37.17,FALSE
4/6/2015,280.52527,273.8335,287.21704,3.40151455,0.524343535,78765.905,1.37E-06,951805.3,0.93898362,-6.01E-06,284.91699,1.01E-06,3.441691063,7.37527,0.6835,14.06704,0.9518053,37.2,FALSE
4/7/2015,278.34668,274.1604,282.53296,1.14150955,0.90419055,79006.44,0.00060795,914858.25,0.9954196,-2.98E-05,285.5432,0.000493137,1.456229585,5.19668,1.0104,9.38296,0.91485825,37.19,FALSE
4/8/2015,277.26062,270.646,283.87524,2.69772005,3.44305162,78842.655,0.000113581,823076.2,0.97125295,-4.36E-05,283.64954,2.00E-05,4.374048231,4.11062,-2.504,10.72524,0.8230762,37.21,FALSE
4/9/2015,273.62085,268.8723,278.3694,2.34126323,-1.366374,79709.1875,0,1440000,0.4547541,-9.45E-05,279.68165,0,2.710810104,0.47085,-4.2777,5.2194,1.44,37.22,FALSE
4/10/2015,278.28503,271.5996,284.97046,-0.331961369,1.6615329,79613.125,0,1410000,0.457786115,-0.000144493,283.1554,0,1.694370068,5.13503,-1.5504,11.82046,1.41,37.218,TRUE
4/11/2015,281.80298,274.64844,288.95752,1.7098732,1.41621033,79528.1875,0,1280000,0.897443145,-0.000109653,284.279295,0,2.22020676,8.65298,1.49844,15.80752,1.28,37.216,TRUE
4/12/2015,280.343505,273.36426,287.32275,2.99764497,-0.63513569,79662.625,0,1550000,0.36547435,-9.61E-05,283.79016,0,3.064192016,7.193505,0.21426,14.17275,1.55,37.214,TRUE
4/13/2015,280.5769,272.3667,288.7871,0.52599372,-0.152019,80011.4075,0,1520000,0.3787205,-6.21E-05,285.61401,0,0.547520931,7.4269,-0.7833,15.6371,1.52,37.212,TRUE
4/14/2015,287.324095,279.58813,295.06006,2.7728553,4.07148075,79408.1575,0.000109271,1450000,0.42822087,-2.74E-05,288.024295,6.93E-05,4.926020911,14.174095,6.43813,21.91006,1.45,37.21,FALSE
4/15/2015,271.17858,267.4973,274.85986,5.0046468,-2.7431283,79950.53,0,1560000,0.491813245,-7.06E-05,279.71582,4.57E-08,5.707122082,-1.97142,-5.6527,1.70986,1.56,37.24,FALSE
4/16/2015,273.55884,269.05225,278.06543,1.7000394,-3.89762305,80058.935,0,1250000,0.3696427,-8.23E-05,279.13782,0,4.252246395,0.40884,-4.09775,4.91543,1.25,37.23,FALSE
4/17/2015,278.747315,272.6958,284.79883,0.1454959,-3.112545235,80061.875,0,1700000,0.481654225,-8.32E-05,280.97205,0,3.115943982,5.597315,-0.4542,11.64883,1.7,37.23,FALSE
4/18/2015,282.47937,275.35132,289.60742,1.50246095,-2.27268333,79972.375,7.75E-06,1710000,0,-4.70E-05,284.88635,0,2.724422586,9.32937,2.20132,16.45742,1.71,37.22,FALSE
4/19/2015,284.54639,277.65552,291.43726,1.03272965,-2.794117998,79954.345,0,1750000,0.110194355,-2.21E-05,286.554195,0,2.978863192,11.39639,4.50552,18.28726,1.75,37.22,FALSE
4/20/2015,285.406735,277.97363,292.83984,1.25151875,-1.585915975,79678.94,0,1750000,0.14335233,-2.78E-05,288.74805,0,2.020254603,12.256735,4.82363,19.68984,1.75,37.2,FALSE
4/21/2015,286.54968,279.99756,293.1018,0.92689422,-0.64253285,79449.28,0,1260000,0.2021012,-3.20E-05,289.780765,0,1.12782151,13.39968,6.84756,19.9518,1.26,37.19,FALSE
4/22/2015,285.41723,278.46826,292.3662,1.59839105,0.82179127,79265.72,0.000533756,679528.3,0.88990385,-5.03E-05,290.684685,0,1.797274281,12.26723,5.31826,19.2162,0.6795283,37.2,FALSE
4/23/2015,279.763675,274.2439,285.28345,1.31845235,0.557330535,79334.875,0.00141911,1330000,0.72308468,-0.00016062,287.416985,0,1.431409768,6.613675,1.0939,12.13345,1.33,37.2,FALSE
4/24/2015,281.10608,277.2732,284.93896,2.08735035,-0.3643432,79110.2825,0.000243276,873017,0.84788265,-0.000117861,287.83069,0,2.118909496,7.95608,4.1232,11.78896,0.873017,37.2,FALSE
4/25/2015,277.527465,275.3291,279.72583,2.18930245,0.6393343,79053.5,0.000538086,1120000,0.72210422,-0.00013798,282.953735,0.000122638,2.280744081,4.377465,2.1791,6.57583,1.12,37.2,FALSE
4/26/2015,274.90039,272.69263,277.10815,3.4731069,-2.17051175,79252.0625,9.14E-06,1670000,0.816547485,-0.000199057,280.48474,9.61E-06,4.09555769,1.75039,-0.45737,3.95815,1.67,37.25,FALSE
4/27/2015,277.21546,272.69702,281.7339,1.07102935,-3.65503785,80106.2825,0,1730000,0.41516413,-0.000214844,279.84985,0,3.80872755,4.06546,-0.45298,8.5839,1.73,37.25,FALSE
4/28/2015,281.486085,274.59912,288.37305,-0.819161,-0.9150724,80212.4675,0,1760000,0.148459615,-0.00023792,282.99744,0,1.22816214,8.336085,1.44912,15.22305,1.76,37.23,FALSE
4/29/2015,286.20679,277.16016,295.25342,1.14297095,1.67769,79938.095,1.10E-06,1500000,0.44645135,-0.000169158,286.681395,0,2.030031115,13.05679,4.01016,22.10342,1.5,37.22,FALSE
4/30/2015,286.408575,278.19995,294.6172,2.69889403,-2.0294814,79840.2175,0,1690000,0.20068893,-0.000122794,287.9569,0,3.376806737,13.258575,5.04995,21.4672,1.69,37.23,FALSE
5/1/2015,287.28858,280.7837,293.79346,0.04284221,-1.433035835,79868.935,7.08E-06,1210000,0.35225495,-7.12E-05,290.053465,0,1.4336761,14.13858,7.6337,20.64346,1.21,37.22,FALSE
5/2/2015,289.17261,282.64478,295.70044,1.282051125,0.15417705,79684.125,0,1140000,0.883371295,-4.66E-05,292.11475,0,1.291288368,16.02261,9.49478,22.55044,1.14,37.21,FALSE
5/3/2015,290.135375,283.65698,296.61377,1.37271665,0.96441185,79457.22,0,1330000,0.694778565,-6.03E-05,292.71887,0,1.677629643,16.985375,10.50698,23.46377,1.33,37.22,FALSE
5/4/2015,287.833375,280.594,295.07275,0.9262416,0.50553998,79471.3425,7.67E-05,1060000,0.8404162,-7.74E-05,293.105105,0,1.055222333,14.683375,7.444,21.92275,1.06,37.23,FALSE
5/5/2015,285.48328,279.67432,291.29224,0.95554957,0.828511415,79460.095,0.00033446,1350000,0.64728594,-7.80E-05,290.737305,0,1.264715836,12.33328,6.52432,18.14224,1.35,37.22,FALSE
5/6/2015,284.9458,279.39868,290.49292,2.517153825,-1.329878615,79199.375,7.67E-05,1040000,0.67515695,-8.37E-05,290.596075,0,2.846865032,11.7958,6.24868,17.34292,1.04,37.21,FALSE
5/7/2015,280.5791,275.47754,285.68066,0.83127171,-1.4282606,78905.81,0.000632452,1360000,0.91967645,-0.000141094,287.744505,0.000131635,1.652555898,7.4291,2.32754,12.53066,1.36,37.21,FALSE
5/8/2015,280.65088,277.36792,283.93384,-2.69995925,-1.05717275,78927.125,0.000657624,737567.1,0.8363004,-0.000112462,285.912965,0,2.899550685,7.50088,4.21792,10.78384,0.7375671,37.22,FALSE
5/9/2015,278.986815,278.20215,279.77148,0.83380553,0.0686865,79407.875,0.000169286,1710000,0.9988117,-0.000270511,284.36096,0,0.836629845,5.836815,5.05215,6.62148,1.71,37.24,FALSE
5/10/2015,280.201415,274.68433,285.7185,2.0751805,-2.65924435,79795.405,0,1880000,0.40071243,-0.00027866,283.60901,0,3.373122384,7.051415,1.53433,12.5685,1.88,37.25,FALSE
5/11/2015,285.08729,278.86768,291.3069,0.80159963,0.7007174,79692.6575,2.71E-05,1400000,0.863454865,-0.000211072,286.275015,0,1.064690961,11.93729,5.71768,18.1569,1.4,37.23,FALSE
5/12/2015,285.87586,280.7649,290.98682,1.27881162,3.4193299,79160.9375,6.17E-05,1490000,0.519276502,-0.000158009,286.37244,0,3.650640509,12.72586,7.6149,17.83682,1.49,37.21,FALSE
5/13/2015,283.658815,275.99805,291.31958,1.9680866,2.68323235,79078.78,1.08E-06,1350000,0.8792865,-0.000110182,286.1018,0,3.327626889,10.508815,2.84805,18.16958,1.35,37.23,FALSE
5/14/2015,285.27001,280.10522,290.4348,0.82857565,3.1331581,78995.155,0.000591926,964559.1,0.9874838,-9.20E-05,287.22546,0,3.240866749,12.12001,6.95522,17.2848,0.9645591,37.22,FALSE
5/15/2015,279.49353,275.75293,283.23413,-0.85596385,3.09005885,78749.4675,0.000682313,1210000,0.7682544,-0.00014513,284.6654,1.13E-07,3.20642134,6.34353,2.60293,10.08413,1.21,37.23,FALSE
5/16/2015,277.794185,275.9475,279.64087,3.63312575,-0.227119035,79065.185,0.000208236,1460000,0.98098353,-0.000192659,285.057865,0,3.640217819,4.644185,2.7975,6.49087,1.46,37.26,FALSE
5/17/2015,280.63586,275.5996,285.67212,2.57957841,-0.61484625,79567.69,0.00032796,1100000,0.6965857,-0.000140087,284.17456,0,2.651840999,7.48586,2.4496,12.52212,1.1,37.27,FALSE
5/18/2015,283.514895,280.40894,286.62085,0.46844435,2.07024087,79709.94,0.000831593,961557.94,0.946970215,-0.000144134,287.092895,0,2.122578001,10.364895,7.25894,13.47085,0.96155794,37.26,FALSE
5/19/2015,280.98596,278.74536,283.22656,0.581340138,0.770385275,79622.845,0.001247342,1140000,0.99384555,-0.000198972,284.9729,0,0.965116484,7.83596,5.59536,10.07656,1.14,37.25,FALSE
5/20/2015,280.424675,276.46655,284.3828,0.8444942,-0.51142165,79655.72,1.27E-05,1220000,0.59163816,-0.000210818,284.375125,0,0.987280385,7.274675,3.31655,11.2328,1.22,37.25,FALSE
5/21/2015,281.4607,276.5044,286.417,-0.56505132,2.877278665,79568.8425,0.000108666,1320000,0.525872771,-0.000219115,283.752925,0,2.932237288,8.3107,3.3544,13.267,1.32,37.25,FALSE
5/22/2015,282.29602,278.72168,285.87036,0.11972855,1.22155373,79413.405,0.000744022,1020000,0.7561504,-0.000165513,285.49939,0,1.227407203,9.14602,5.57168,12.72036,1.02,37.25,FALSE
5/23/2015,282.01758,279.77246,284.2627,1.29389475,-0.904890885,79544.845,0.001081664,1120000,0.65522012,-0.000184078,285.6477,0,1.578920878,8.86758,6.62246,11.1127,1.12,37.26,FALSE
5/24/2015,282.87268,281.90186,283.8435,1.6710944,-1.6507303,79656.7825,0.000565302,1110000,0.94652505,-0.000216323,285.84363,0,2.348928908,9.72268,8.75186,10.6935,1.11,37.26,FALSE
5/25/2015,282.486085,277.45264,287.51953,1.122283,-0.90283585,79669.22,0.002041626,1380000,0.588350185,-0.000258357,285.201785,0,1.440358186,9.336085,4.30264,14.36953,1.38,37.27,FALSE
5/26/2015,284.184815,279.32568,289.04395,0.413268745,0.15645075,79714.53,0.001786717,1070000,0.584447565,-0.000236555,287.25427,0,0.441891268,11.034815,6.17568,15.89395,1.07,37.27,FALSE
5/27/2015,285.34778,281.52368,289.17188,0.81251,0.85698295,79830.1875,0.000138378,1430000,0.35770202,-0.000291772,287.297605,0,1.180928565,12.19778,8.37368,16.02188,1.43,37.28,FALSE
5/28/2015,285.14966,279.26514,291.03418,1.096410525,0.11668775,79926.625,3.04E-06,1840000,0.536108255,-0.000322496,287.38586,0,1.102602408,11.99966,6.11514,17.88418,1.84,37.29,FALSE
5/29/2015,288.457515,283.4807,293.43433,0.63012282,-0.66447616,80109.22,1.73E-06,1840000,0.495342055,-0.000307489,288.610715,0,0.915741959,15.307515,10.3307,20.28433,1.84,37.29,FALSE
5/30/2015,290.10913,282.9043,297.31396,0.18836947,0.872915515,80033.065,1.29E-06,1390000,0.62482801,-0.000230246,291.141355,0,0.893008709,16.95913,9.7543,24.16396,1.39,37.28,FALSE
5/31/2015,291.88684,283.24902,300.52466,1.84868707,1.88679125,79920.655,1.58E-07,1410000,0.6734114,-0.000137738,292.1338,0,2.641519469,18.73684,10.09902,27.37466,1.41,37.27,FALSE
6/1/2015,293.668585,285.83887,301.4983,1.42771295,1.66475205,79650.4675,0,1530000,0.556048375,-7.57E-05,294.09692,0,2.193117337,20.518585,12.68887,28.3483,1.53,37.27,FALSE
6/2/2015,289.807495,281.86694,297.74805,3.90983675,-0.057884305,79681.595,0,2000000,0.343186765,-5.02E-05,294.294065,0,3.910265209,16.657495,8.71694,24.59805,2,37.28,FALSE
6/3/2015,290.17981,283.03394,297.32568,1.377729165,-0.790777918,79639.9375,1.36E-06,1370000,0.48564258,-3.07E-05,294.94348,0,1.588542529,17.02981,9.88394,24.17568,1.37,37.27,FALSE
6/4/2015,289.835815,283.25635,296.41528,1.70255615,-1.55808685,79298.22,1.38E-05,695074.6,0.92416137,-2.69E-05,295.625735,0,2.307884762,16.685815,10.10635,23.26528,0.6950746,37.27,FALSE
6/5/2015,285.95105,281.05835,290.84375,0.21388137,1.35518455,79466.3125,0,1620000,0.9964302,-4.50E-05,291.02612,0,1.371958602,12.80105,7.90835,17.69375,1.62,37.3,FALSE
6/6/2015,288.85596,283.93018,293.78174,-0.260579903,0.01587853,79580.935,0.000500402,1100000,0.62688059,-4.48E-05,294.554435,0,0.261063237,15.70596,10.78018,20.63174,1.1,37.3,FALSE
6/7/2015,286.8324,281.1875,292.4773,-0.48902008,-1.703652112,79854.97,0,1130000,0.438649977,-0.000103122,293.7671,0,1.772447787,13.6824,8.0375,19.3273,1.13,37.31,FALSE
6/8/2015,290.26831,284.2727,296.26392,-1.88441655,-0.58969555,80200.6875,0,2040000,0.42190695,-9.34E-05,292.60584,0,1.974529457,17.11831,11.1227,23.11392,2.04,37.31,FALSE
6/9/2015,292.05383,284.59204,299.51562,-0.854011285,1.1656604,80119.3125,0,1620000,0.006889984,-3.98E-05,297.8573,0,1.445025759,18.90383,11.44204,26.36562,1.62,37.29,FALSE
6/10/2015,295.75671,290.08472,301.4287,0.1217203,1.1079612,79657.5,0.000568903,841173.2,0.8523565,-5.32E-05,301.336175,0,1.114627226,22.60671,16.93472,28.2787,0.8411732,37.27,FALSE
6/11/2015,289.345215,285.0625,293.62793,0.852939125,-0.37486303,79643.315,0.000219977,1800000,0.7069414,-0.000354629,297.553225,0,0.931679903,16.195215,11.9125,20.47793,1.8,37.29,FALSE
6/12/2015,289.59314,284.84912,294.33716,0.8520908,-2.112244445,79928.5325,0,1980000,0.225362067,-0.00033067,292.63953,0,2.277638103,16.44314,11.69912,21.18716,1.98,37.3,FALSE
6/13/2015,291.2301,283.33276,299.12744,1.11598285,-0.92426445,79818.25,0,1780000,0,-0.000231778,293.31933,0,1.449028121,18.0801,10.18276,25.97744,1.78,37.29,FALSE
6/14/2015,292.777585,284.4309,301.12427,2.1094679,0.3469672,79639.7825,0,1880000,0.178309134,-0.000131224,294.833495,0,2.137812213,19.627585,11.2809,27.97427,1.88,37.29,FALSE
6/15/2015,295.43689,289.60278,301.271,2.28004425,0.572823315,79662.0325,0,1840000,0.090236275,-7.35E-05,297.095095,0,2.350899473,22.28689,16.45278,28.121,1.84,37.31,FALSE
6/16/2015,294.73853,285.9419,303.53516,3.56245425,-0.145809985,79750.4675,0,2030000,0.19171005,-3.19E-05,298.27172,0,3.565436977,21.58853,12.7919,30.38516,2.03,37.32,FALSE
6/17/2015,294.94824,286.38354,303.51294,2.15705927,0.0820613,79963.875,0,1470000,0.000243994,-1.43E-05,300.11609,0,2.15861964,21.79824,13.23354,30.36294,1.47,37.32,FALSE
6/18/2015,296.609005,288.52197,304.69604,2.365130615,0.481856114,79993.75,0,2020000,0.38498232,-2.14E-05,300.573125,0,2.413716665,23.459005,15.37197,31.54604,2.02,37.32,FALSE
6/19/2015,297.30383,288.00366,306.604,3.1804857,0.361296295,79942.625,0,2050000,0,-2.01E-05,301.839475,0,3.200941159,24.15383,14.85366,33.454,2.05,37.32,FALSE
6/20/2015,295.495725,286.6892,304.30225,3.132338365,0.289475,79985.22,0,1940000,0.30317765,-2.08E-05,300.37817,0,3.145685841,22.345725,13.5392,31.15225,1.94,37.32,FALSE
6/21/2015,296.848875,287.49292,306.20483,3.10426515,-0.08674975,79825.2175,0,2040000,0.50706935,-1.94E-05,301.11817,0,3.105477039,23.698875,14.34292,33.05483,2.04,37.31,FALSE
6/22/2015,296.24414,287.5188,304.96948,3.6530594,0.033835631,79939,0,2070000,0.062044175,-2.25E-05,300.49097,0,3.653216094,23.09414,14.3688,31.81948,2.07,37.33,FALSE
6/23/2015,296.299805,288.51196,304.08765,1.76003585,-0.789276135,80082.155,0,2060000,0,-2.16E-05,301.59924,0,1.928907206,23.149805,15.36196,30.93765,2.06,37.32,FALSE
6/24/2015,298.072145,290.05103,306.09326,1.06760915,0.583542615,79951.1575,0,2060000,0.000662371,-2.19E-05,303.34278,0,1.216680435,24.922145,16.90103,32.94326,2.06,37.32,FALSE
6/25/2015,297.822875,288.7644,306.88135,1.3153939,1.3134356,80088.5325,0,1840000,0,-2.32E-05,304.023435,0,1.858863682,24.672875,15.6144,33.73135,1.84,37.33,FALSE
6/26/2015,300.6698,293.55615,307.78345,0.053677085,0.3378841,80302.2825,1.36E-07,1310000,0.481568,-1.78E-05,305.88575,0,0.342121169,27.5198,20.40615,34.63345,1.31,37.33,FALSE
6/27/2015,299.08167,291.6526,306.51074,1.9732553,1.4225936,80380.1875,0,1750000,0.52774214,-2.21E-05,305.156985,0,2.432593067,25.93167,18.5026,33.36074,1.75,37.33,FALSE
6/28/2015,300.38367,292.2046,308.56274,-0.040240707,1.383214,80161.565,0,1740000,0.593479155,-2.10E-05,307.111825,0,1.383799221,27.23367,19.0546,35.41274,1.74,37.32,FALSE
6/29/2015,299.444095,291.52515,307.36304,1.5031638,1.28284647,80180.655,0,1890000,0.667520265,-2.16E-05,305.75391,0,1.976156997,26.294095,18.37515,34.21304,1.89,37.32,FALSE
6/30/2015,299.4187,292.77905,306.05835,0.92659143,1.49686195,80216.1875,1.36E-07,1880000,0.100206379,-2.20E-05,305.9187,0,1.760445221,26.2687,19.62905,32.90835,1.88,37.32,FALSE
7/1/2015,298.395135,291.09717,305.6931,0.747942175,-0.5344005,80284.905,1.50E-06,1710000,0.62305258,-4.81E-05,307.19922,0,0.919239572,25.245135,17.94717,32.5431,1.71,37.32,FALSE
7/2/2015,299.449585,291.90503,306.99414,-1.593458815,-0.8864204,80196.25,2.72E-07,1770000,0.830571075,-4.55E-05,306.5348,0,1.823417703,26.299585,18.75503,33.84414,1.77,37.31,FALSE
7/3/2015,297.805785,292.2456,303.36597,1.156277655,0.657777,80180.53,0,1690000,0.72465342,-3.59E-05,306.55408,0,1.330281398,24.655785,19.0956,30.21597,1.69,37.3,FALSE
7/4/2015,299.093505,292.47803,305.70898,1.66306735,0.404530285,79938.6575,4.31E-06,535408.25,0.63118627,-4.10E-05,306.49072,0,1.711560038,25.943505,19.32803,32.55898,0.53540825,37.3,FALSE
7/5/2015,290.78564,286.5266,295.04468,2.4949207,0.499964355,80092.375,0,1970000,0.5,-3.98E-05,298.2693,0,2.544522284,17.63564,13.3766,21.89468,1.97,37.31,FALSE
7/6/2015,294.630615,288.1189,301.14233,3.07867435,-1.129118475,80205.6875,0,1880000,0.38891546,-2.29E-05,300.904055,0,3.279198726,21.480615,14.9689,27.99233,1.88,37.31,FALSE
7/7/2015,294.442135,288.6914,300.19287,0.45473125,-0.5208211,80157.19,0.000277516,1230000,0.60566292,-2.38E-05,302.54968,0,0.691400845,21.292135,15.5414,27.04287,1.23,37.31,FALSE
7/8/2015,292.099605,286.24023,297.95898,0.63745165,-0.083193865,79914.22,0.001281008,1310000,0.53995153,-0.000124268,301.08081,0,0.642857547,18.949605,13.09023,24.80898,1.31,37.29,FALSE
7/9/2015,287.96301,282.98657,292.93945,0.2791872,1.6776992,79549.5325,3.23E-05,985307.44,0.3760845,-0.000116411,298.006225,0,1.700770443,14.81301,9.83657,19.78945,0.98530744,37.29,FALSE
7/10/2015,286.367435,282.19092,290.54395,0.2082648,2.82769155,79550.435,8.67E-05,1350000,0.15110338,-0.000111591,293.94605,0,2.835350724,13.217435,9.04092,17.39395,1.35,37.3,FALSE
7/11/2015,288.766235,283.89233,293.64014,0.762956195,2.49830822,79739.655,6.94E-06,1670000,0.354283422,-0.000104545,295.37134,0,2.612210963,15.616235,10.74233,20.49014,1.67,37.31,FALSE
7/12/2015,291.0896,285.2119,296.9673,1.696094825,1.93953505,80008.56,6.81E-07,1310000,0.338767055,-6.54E-05,296.05322,0,2.576535244,17.9396,12.0619,23.8173,1.31,37.31,FALSE
7/13/2015,292.88428,286.42432,299.34424,1.92808185,1.357484165,80078.5325,1.44E-05,1770000,0.89906122,-5.97E-05,297.284785,0,2.358020967,19.73428,13.27432,26.19424,1.77,37.3,FALSE
7/14/2015,294.08362,288.7024,299.46484,1.5423769,0.0557894,79904,1.02E-05,1590000,0.232660053,-2.33E-05,299.09205,0,1.543385551,20.93362,15.5524,26.31484,1.59,37.29,FALSE
7/15/2015,296.38282,289.87964,302.886,1.37567505,1.697223965,79685.3425,0,1740000,0.497260175,-2.31E-05,300.78186,0,2.184731341,23.23282,16.72964,29.736,1.74,37.3,FALSE
7/16/2015,296.517945,289.94336,303.09253,1.89872073,-0.502446808,79894.845,0,1890000,0.314591923,-2.32E-05,302.28162,0,1.964075662,23.367945,16.79336,29.94253,1.89,37.3,FALSE
7/17/2015,296.48486,289.53052,303.4392,2.32644845,-1.01522075,79841.065,0,1720000,0.301588078,-1.47E-05,303.19568,0,2.538313527,23.33486,16.38052,30.2892,1.72,37.3,FALSE
7/18/2015,294.826295,287.08472,302.56787,1.79962635,-1.08544713,79814.5625,1.83E-07,1840000,0.608614485,-2.37E-05,302.54541,0,2.101630432,21.676295,13.93472,29.41787,1.84,37.31,FALSE
7/19/2015,293.429565,288.13647,298.72266,1.7808908,-0.64393715,80185.565,0,1420000,0.327349494,-1.24E-05,299.534665,0,1.893733639,20.279565,14.98647,25.57266,1.42,37.32,FALSE
7/20/2015,294.354125,288.63208,300.07617,0.00580609,0.748715395,80383.5925,0,1250000,0.5633955,-2.69E-05,301.37268,0,0.748737907,21.204125,15.48208,26.92617,1.25,37.3,FALSE
7/21/2015,294.495115,288.84253,300.1477,-0.743552725,-0.09413525,80070.25,1.83E-07,1510000,0.94431305,-2.35E-05,300.57239,0,0.749487892,21.345115,15.69253,26.9977,1.51,37.28,FALSE
7/22/2015,292.96765,287.22583,298.70947,1.125328365,1.4873295,79843.6575,9.54E-07,1380000,0.7344912,-2.22E-05,302.72375,0,1.865077202,19.81765,14.07583,25.55947,1.38,37.28,FALSE
7/23/2015,291.150515,284.76758,297.53345,1.648927325,1.31223505,79810.8125,2.92E-05,1540000,0.44693694,-7.15E-05,299.98694,0,2.107349556,18.000515,11.61758,24.38345,1.54,37.28,FALSE
7/24/2015,293.333375,287.96118,298.70557,1.1753758,1.308376567,80095.1575,6.13E-06,1440000,0.40401928,-3.91E-05,298.89856,0,1.758794335,20.183375,14.81118,25.55557,1.44,37.3,FALSE
7/25/2015,292.714845,285.73242,299.69727,1.640115385,0.16668765,80267.25,0.000115253,1710000,0.331341175,-7.43E-05,299.227175,0,1.648563996,19.564845,12.58242,26.54727,1.71,37.28,FALSE
7/26/2015,294.235115,285.9817,302.48853,2.049804925,0.58621935,79939.595,0,1920000,0.23693013,-2.84E-05,299.874515,0,2.131983433,21.085115,12.8317,29.33853,1.92,37.25,FALSE
7/27/2015,295.647945,286.85693,304.43896,4.49955225,0.0455337,79668.19,4.58E-05,1980000,0.144561975,-2.06E-05,301.75781,0,4.499782636,22.497945,13.70693,31.28896,1.98,37.26,FALSE
7/28/2015,290.0204,282.8069,297.2339,1.4692963,-2.06147765,80234.155,0,1970000,0,-1.64E-05,297.75012,0,2.53150582,16.8704,9.6569,24.0839,1.97,37.28,FALSE
7/29/2015,292.44153,285.49316,299.3899,-0.43861417,-0.73116365,80364.75,0,1960000,0,-1.63E-05,300.71411,0,0.852632789,19.29153,12.34316,26.2399,1.96,37.28,FALSE
7/30/2015,297.77283,291.0525,304.49316,0.93876233,-0.5382271,80502.065,0,1630000,0.02700894,-1.47E-05,302.82508,0,1.082110495,24.62283,17.9025,31.34316,1.63,37.27,FALSE
7/31/2015,298.39685,291.41064,305.38306,-0.9045172,-2.5641565,80492.7825,0,1270000,0.87118848,-1.69E-05,303.42005,0,2.719016352,25.24685,18.26064,32.23306,1.27,37.26,FALSE
8/1/2015,297.47046,289.88208,305.05884,0.034881565,0.47225709,80297.25,0,1230000,0.88866265,-1.66E-05,303.064695,0,0.473543538,24.32046,16.73208,31.90884,1.23,37.24,FALSE
8/2/2015,297.593505,292.26196,302.92505,0.031892175,1.06556235,80171.1875,0,1080000,0.9962851,-1.14E-05,303.563235,0,1.066039508,24.443505,19.11196,29.77505,1.08,37.22,FALSE
8/3/2015,294.84704,289.5642,300.12988,0.471719595,1.3493315,80001.97,6.81E-07,1570000,0.76191817,-1.57E-05,300.826165,0,1.429410673,21.69704,16.4142,26.97988,1.57,37.22,FALSE
8/4/2015,294.59619,287.39795,301.79443,1.6489239,0.5801224,79994.375,0,1620000,0.466256445,-3.94E-05,302.18835,0,1.747996575,21.44619,14.24795,28.64443,1.62,37.22,FALSE
8/5/2015,297.36036,289.8152,304.90552,2.6658845,2.334756075,79908.22,0,1890000,0.737927085,-1.75E-05,302.24133,0,3.543730534,24.21036,16.6652,31.75552,1.89,37.23,FALSE
8/6/2015,292.67822,285.1311,300.22534,2.896235,0.43593035,80103.875,6.15E-06,740866.94,0.827619,-7.86E-06,300.00257,0,2.928858557,19.52822,11.9811,27.07534,0.74086694,37.23,FALSE
8/7/2015,294.73694,288.58545,300.88843,1.462474695,-0.1202798,79838.0625,0.003263739,637496.06,0.91033935,-0.000134431,300.27722,0,1.467412506,21.58694,15.43545,27.73843,0.63749606,37.22,FALSE
8/8/2015,284.776485,281.81567,287.7373,0.894105105,0.83813924,79915.2825,3.65E-07,1630000,0.53872429,-0.000265825,294.269655,0,1.225520838,11.626485,8.66567,14.5873,1.63,37.24,FALSE
8/9/2015,289.65368,283.3684,295.93896,-0.178682272,-0.2324014,80085.375,0,1660000,0.06637943,-0.000229973,294.49475,0,0.293151437,16.50368,10.2184,22.78896,1.66,37.25,FALSE
8/10/2015,292.932735,285.2683,300.59717,-0.53128177,2.65474085,80024.25,0,1620000,0.213742271,-0.000144506,295.147095,0,2.707380524,19.782735,12.1183,27.44717,1.62,37.23,FALSE
8/11/2015,293.92346,285.85156,301.99536,-0.79564903,3.47667985,79912.25,0,1720000,0.13052824,-7.78E-05,296.300785,0,3.566561391,20.77346,12.70156,28.84536,1.72,37.24,FALSE
8/12/2015,295.75305,288.71997,302.78613,-1.37083625,4.01523355,80073.905,1.08E-05,1640000,0.366938105,-2.64E-05,299.15503,0,4.242793005,22.60305,15.56997,29.63613,1.64,37.25,FALSE
8/13/2015,296.088375,288.87085,303.3059,-0.290504725,3.48435165,80418.0925,0.000257797,1360000,0.2292968,-2.55E-05,300.426025,0,3.496440964,22.938375,15.72085,30.1559,1.36,37.25,FALSE
8/14/2015,296.37255,289.4807,303.2644,-0.573529385,3.90411755,80269.345,5.23E-07,1390000,0.66629675,-0.0001078,301.3888,0,3.946019488,23.22255,16.3307,30.1144,1.39,37.24,FALSE
8/15/2015,296.91114,289.99878,303.8235,1.99350445,2.227645445,80239.345,0,1760000,0.348399078,-3.68E-05,299.523195,0,2.989391948,23.76114,16.84878,30.6735,1.76,37.25,FALSE
8/16/2015,297.844485,291.2334,304.45557,2.14239565,-1.259808,80256.875,0,1370000,0.55063835,-1.79E-05,302.0642,0,2.485352152,24.694485,18.0834,31.30557,1.37,37.25,FALSE
8/17/2015,297.269655,289.81958,304.71973,1.7542265,-0.516986115,80119.25,0,1820000,0.789267165,-1.34E-05,301.83557,0,1.828820728,24.119655,16.66958,31.56973,1.82,37.25,FALSE
8/18/2015,297.00049,288.73096,305.27002,2.7402548,-1.386849285,80097.8125,0,1790000,0,-1.38E-05,301.060545,0,3.071212677,23.85049,15.58096,32.12002,1.79,37.26,FALSE
8/19/2015,296.244145,288.55396,303.93433,1.912223115,-1.64269785,80060.97,0,1430000,0.008581478,-1.80E-05,300.33093,0,2.520923138,23.094145,15.40396,30.78433,1.43,37.27,FALSE
8/20/2015,296.15124,288.51538,303.7871,2.219192,-0.7273822,79901.155,0,1540000,0.92667204,-1.33E-05,301.2334,0,2.335358216,23.00124,15.36538,30.6371,1.54,37.27,FALSE
8/21/2015,296.13745,287.84448,304.43042,2.352931,-0.12832355,79736.6875,0,1640000,0.3504298,-1.17E-05,301.478265,0,2.35642764,22.98745,14.69448,31.28042,1.64,37.28,FALSE
8/22/2015,295.7638,288.271,303.2566,3.2211989,-0.893434665,79820.625,0,1670000,0.4048314,-1.43E-05,300.9397,0,3.342805387,22.6138,15.121,30.1066,1.67,37.3,FALSE
8/23/2015,296.05713,287.85498,304.25928,-0.189945,-0.492711265,80059.1875,0,1700000,0.253412924,-1.31E-05,303.5531,0,0.528056336,22.90713,14.70498,31.10928,1.7,37.31,FALSE
8/24/2015,296.299935,286.43677,306.1631,1.8316166,2.2299819,80173.0325,0,1630000,0.299438991,-1.37E-05,302.1615,0,2.885764828,23.149935,13.28677,33.0131,1.63,37.32,FALSE
8/25/2015,297.50903,288.62476,306.3933,1.45835678,0.9911813,80216.94,0,1480000,0.118742825,-1.20E-05,302.960565,0,1.763305098,24.35903,15.47476,33.2433,1.48,37.32,FALSE
8/26/2015,298.11304,290.12305,306.10303,0.1624618,2.5276623,80143.345,0,1520000,0.503421245,-1.19E-05,302.58728,0,2.532877916,24.96304,16.97305,32.95303,1.52,37.33,FALSE
8/27/2015,295.78979,288.19238,303.3872,2.0044718,-0.56647945,80411.78,0,1300000,0.11056057,-1.18E-05,302.023805,0,2.082980116,22.63979,15.04238,30.2372,1.3,37.33,FALSE
8/28/2015,294.946415,287.5525,302.34033,0.9297394,0.1755252,80364.875,0,1410000,0.808180735,-1.11E-05,301.37036,0,0.946163013,21.796415,14.4025,29.19033,1.41,37.31,FALSE
8/29/2015,297.95618,292.77344,303.13892,0.82484991,3.5998154,80038.315,0,1410000,0.689037135,-1.06E-05,302.37317,0,3.693108215,24.80618,19.62344,29.98892,1.41,37.31,FALSE
8/30/2015,297.113405,289.29346,304.93335,2.42065025,2.1173953,79812.345,0,1560000,0.53838059,-9.59E-06,300.94629,0,3.216039566,23.963405,16.14346,31.78335,1.56,37.32,FALSE
8/31/2015,292.85999,285.29102,300.42896,1.835898975,-1.517562515,79965.31,0,1600000,0.071377485,-1.83E-05,299.3053,0,2.381915413,19.70999,12.14102,27.27896,1.6,37.32,FALSE
9/1/2015,295.099485,287.07495,303.12402,1.19597108,1.57409905,79837.155,0,1500000,0,-1.16E-05,300.35034,0,1.976900261,21.949485,13.92495,29.97402,1.5,37.32,FALSE
9/2/2015,295.34021,287.42358,303.25684,1.712720803,3.52303075,79760.875,0,1530000,0.109444168,-1.04E-05,299.603395,0,3.917289652,22.19021,14.27358,30.10684,1.53,37.32,FALSE
9/3/2015,294.985225,287.75732,302.21313,2.037934375,2.863085275,79588.625,3.65E-07,1010000,0.16808489,-8.00E-06,298.919065,0,3.514318399,21.835225,14.60732,29.06313,1.01,37.31,FALSE
9/4/2015,291.59741,284.07642,299.1184,2.8048362,1.033797215,79333.345,1.66E-05,1280000,0.44645983,-7.46E-06,297.348515,0,2.989288007,18.44741,10.92642,25.9684,1.28,37.31,FALSE
9/5/2015,289.223515,281.95435,296.49268,3.1609397,2.576867735,79371.2175,0,1550000,0.257573556,-9.89E-06,295.29125,0,4.078208812,16.073515,8.80435,23.34268,1.55,37.35,FALSE
9/6/2015,285.57409,279.0244,292.12378,1.65944239,-1.752892915,80078.1575,0,1520000,0.003747046,-2.63E-05,292.790165,0,2.413790094,12.42409,5.8744,18.97378,1.52,37.35,FALSE
9/7/2015,289.97168,282.53394,297.40942,1.825180339,0.254616735,80101.815,0,1500000,0.00718928,-2.26E-05,294.163325,0,1.842854566,16.82168,9.38394,24.25942,1.5,37.36,FALSE
9/8/2015,292.07299,285.29858,298.8474,1.03579305,-0.80125227,80221.5,0,1490000,0,-2.14E-05,296.77857,0,1.309531383,18.92299,12.14858,25.6974,1.49,37.36,FALSE
9/9/2015,293.01709,285.32983,300.70435,0.961227825,-0.2180682,80276.72,0,1460000,0,-2.93E-05,297.796635,0,0.985653424,19.86709,12.17983,27.55435,1.46,37.37,FALSE
9/10/2015,294.96143,287.82056,302.1023,0.94988315,-0.95447205,80279.845,0,1440000,0,-2.29E-05,298.01928,0,1.346586385,21.81143,14.67056,28.9523,1.44,37.37,FALSE
9/11/2015,296.78809,290.20508,303.3711,0.27708175,-0.91140363,80361.75,0,1420000,0.013439,-2.43E-05,299.228025,0,0.952591661,23.63809,17.05508,30.2211,1.42,37.38,FALSE
9/12/2015,297.183475,290.4856,303.88135,0.6830774,-0.0600047,80369.4075,0,1240000,0.4281091,-1.20E-05,300.4237,0,0.685707881,24.033475,17.3356,30.73135,1.24,37.37,FALSE
9/13/2015,297.46753,290.69873,304.23633,1.46818845,-0.528625,80050.7175,2.79E-05,866223.3,0.94595272,-9.93E-06,300.50415,0,1.560455611,24.31753,17.54873,31.08633,0.8662233,37.35,FALSE
9/14/2015,294.86535,288.8457,300.885,1.40673702,1.90235515,79577.065,0,983069.7,0.67850591,-8.59E-06,298.8645,0,2.365980592,21.71535,15.6957,27.735,0.9830697,37.33,FALSE
9/15/2015,290.694585,285.9524,295.43677,2.14070755,2.93133135,79247.935,0.000338963,1060000,0.914340875,-0.000109237,296.823,0,3.629784057,17.544585,12.8024,22.28677,1.06,37.33,FALSE
9/16/2015,288.495115,283.42163,293.5686,2.60179905,0.7560721,79312.185,0.001902067,1130000,0.60278215,-0.000269858,294.02539,0,2.709428596,15.345115,10.27163,20.4186,1.13,37.32,FALSE
9/17/2015,283.58765,279.5752,287.6001,2.77979425,-0.16793414,79733.685,0,1270000,0.48255215,-0.000193376,288.87488,0,2.784862285,10.43765,6.4252,14.4501,1.27,37.37,FALSE
9/18/2015,283.79907,278.1455,289.45264,1.936058995,-0.50770815,80059.75,0,1290000,0.011009462,-0.000167049,287.19946,0,2.00152242,10.64907,4.9955,16.30264,1.29,37.38,FALSE
9/19/2015,286.0072,279.20996,292.80444,-0.197061125,0.76622533,80072.0925,0,1270000,0,-0.00013889,289.044315,0,0.791160125,12.8572,6.05996,19.65444,1.27,37.39,FALSE
9/20/2015,289.458375,281.4812,297.43555,0.524521705,0.4374466,80156.4675,0,1250000,0,-7.86E-05,291.51917,0,0.682995276,16.308375,8.3312,24.28555,1.25,37.4,FALSE
9/21/2015,291.177865,281.1797,301.17603,1.310736215,0.82380535,80074.3125,0,1240000,0.01103255,-5.14E-05,293.936645,0,1.548122954,18.027865,8.0297,28.02603,1.24,37.38,FALSE
9/22/2015,292.8313,283.94824,301.71436,0.301900915,1.18270495,79756.69,0,1230000,0,-3.82E-05,295.80909,0,1.220629002,19.6813,10.79824,28.56436,1.23,37.38,FALSE
9/23/2015,292.602175,284.03223,301.17212,2.00676965,0.254975075,79905.2175,0,1200000,0.081977875,-2.13E-05,295.5603,0,2.022903042,19.452175,10.88223,28.02212,1.2,37.4,FALSE
9/24/2015,292.84021,285.2334,300.44702,0.394238,0.61793073,80228.125,0,1180000,0.001318898,-1.85E-05,296.3114,0,0.732981574,19.69021,12.0834,27.29702,1.18,37.41,FALSE
9/25/2015,293.34826,284.6494,302.04712,0.172295,2.74950365,80281.5,0,946181.06,0.164785149,-1.05E-05,296.19165,0,2.754896711,20.19826,11.4994,28.89712,0.94618106,37.4,FALSE
9/26/2015,295.120975,287.47217,302.76978,0.338350535,3.4568391,80109.5925,0,882042.06,0.664977675,-7.63E-06,296.656375,0,3.473358267,21.970975,14.32217,29.61978,0.88204206,37.38,FALSE
9/27/2015,294.53455,287.3816,301.6875,1.70206591,2.9595866,79848.875,0,775381.56,0.58399135,-6.42E-06,296.625,0,3.414114996,21.38455,14.2316,28.5375,0.77538156,37.38,FALSE
9/28/2015,294.58082,288.97974,300.1819,1.547230355,0.56057805,79805.22,0,748339.94,0.814573915,-5.10E-06,296.327515,0,1.645651701,21.43082,15.82974,27.0319,0.74833994,37.39,FALSE
9/29/2015,291.78418,284.87402,298.69434,1.316000675,0.83939535,79978.03,0,654341.06,0.9962662,-1.37E-05,294.900755,0,1.560910737,18.63418,11.72402,25.54434,0.65434106,37.39,FALSE
9/30/2015,292.643675,286.89062,298.39673,-0.02436739,2.64441585,79984.0325,0,601399.1,0.9994682,-1.25E-05,295.03492,0,2.644528116,19.493675,13.74062,25.24673,0.6013991,37.39,FALSE
10/1/2015,291.81812,284.9419,298.69434,0.36986613,0.75879755,79875.28,0.000686234,505765.94,1,-2.36E-05,294.29334,0,0.844141384,18.66812,11.7919,25.54434,0.50576594,37.38,FALSE
10/2/2015,285.551025,281.77173,289.33032,4.4617395,-0.988738505,79678.25,0.000228948,604226.3,0.949991735,-8.64E-05,292.45178,0,4.569980656,12.401025,8.62173,16.18032,0.6042263,37.38,FALSE
10/3/2015,282.74695,277.97266,287.52124,1.8076634,-1.58688595,79647.2175,9.10E-07,793919.94,0.481099415,-8.94E-05,286.07775,0,2.405380217,9.59695,4.82266,14.37124,0.79391994,37.35,FALSE
10/4/2015,285.998655,281.80273,290.19458,-2.2171001,0.53397415,78994.8125,8.51E-06,713115.6,0.901183905,-7.90E-05,289.15686,0,2.280495833,12.848655,8.65273,17.04458,0.7131156,37.36,FALSE
10/5/2015,283.60205,279.01782,288.18628,-1.38904517,0.653699435,79438.25,2.49E-05,666028.1,0.397562565,-7.67E-05,286.63452,0,1.53517733,10.45205,5.86782,15.03628,0.6660281,37.38,FALSE
10/6/2015,285.13806,279.24756,291.02856,-0.11287835,0.525051153,79914.6875,1.36E-07,769433.94,0.7860746,-0.000100734,288.541015,0,0.537047702,11.98806,6.09756,17.87856,0.76943394,37.4,FALSE
10/7/2015,285.05139,278.55444,291.54834,0.16154295,-0.6866133,80363.9075,0,917154.75,0.407283335,-9.68E-05,287.67041,0,0.705360864,11.90139,5.40444,18.39834,0.91715475,37.4,FALSE
10/8/2015,288.83911,283.22998,294.44824,0.558913225,-1.2327147,80587.2825,0,788684.5,0.9696268,-5.50E-05,289.6272,0,1.353502687,15.68911,10.07998,21.29824,0.7886845,37.39,FALSE
10/9/2015,289.057365,281.32983,296.7849,-1.01168105,0.22161535,80655.2825,0,779829.6,0.458727747,-2.50E-05,291.27417,0,1.035669788,15.907365,8.17983,23.6349,0.7798296,37.38,FALSE
10/10/2015,291.915525,283.29492,300.53613,-0.46449983,2.70103505,80438,0,876679.4,0.457734465,-1.60E-05,292.86939,0,2.7406843,18.765525,10.14492,27.38613,0.8766794,37.36,FALSE
10/11/2015,292.18884,283.8374,300.54028,2.389112,2.52927065,80170.655,0,881509.44,0.071249335,-5.49E-06,293.67395,0,3.479233561,19.03884,10.6874,27.39028,0.88150944,37.38,FALSE
10/12/2015,289.442875,281.3025,297.58325,0.15724236,-0.06498385,80377.1875,0,848230.44,0,-8.32E-06,292.564085,0,0.170141296,16.292875,8.1525,24.43325,0.84823044,37.38,FALSE
10/13/2015,290.25305,280.45166,300.05444,1.2666365,0.2802744,80460.2175,0,827885.06,0,-1.25E-05,293.151245,0,1.297274744,17.10305,7.30166,26.90444,0.82788506,37.38,FALSE
10/14/2015,291.717525,283.50732,299.92773,0.72342811,0.01788235,80474.53,0,693870.75,0,-2.05E-05,293.63428,0,0.723649092,18.567525,10.35732,26.77773,0.69387075,37.37,FALSE
10/15/2015,290.77026,282.50854,299.03198,-1.03972695,0.95234075,80279.1875,0,575665.8,0.8501153,-1.58E-05,293.47387,0,1.409959232,17.62026,9.35854,25.88198,0.5756658,37.37,FALSE
10/16/2015,290.02198,282.89966,297.1443,-0.469389915,2.10960295,80240.595,0,649353.94,0.97810983,-1.52E-05,292.19262,0,2.161192148,16.87198,9.74966,23.9943,0.64935394,37.36,FALSE
10/17/2015,290.44262,285.2849,295.60034,-1.1949129,2.8698244,79931.625,0.000223845,307132,0.98727233,-8.27E-05,292.93115,0,3.10865066,17.29262,12.1349,22.45034,0.307132,37.35,FALSE
10/18/2015,283.970215,281.78418,286.15625,0.4021781,2.1706872,79814.875,0.001243752,263001,0.7685569,-8.03E-05,288.595825,0,2.207629984,10.820215,8.63418,13.00625,0.263001,37.32,FALSE
10/19/2015,279.923955,278.16187,281.68604,1.4750762,0.6926315,79583.5,0.000910519,424345.94,0.740831785,-9.41E-05,284.27539,0,1.629597555,6.773955,5.01187,8.53604,0.42434594,37.33,FALSE
10/20/2015,278.707885,275.73535,281.68042,1.98557757,-1.53749895,79801.815,8.15E-05,445122.25,0.895034575,-9.39E-05,283.561035,0,2.511258909,5.557885,2.58535,8.53042,0.44512225,37.36,FALSE
10/21/2015,279.608275,276.20093,283.01562,0.501443145,-3.012197,80101.065,1.36E-06,327505.3,0.406405003,-7.71E-05,282.06348,0,3.053649619,6.458275,3.05093,9.86562,0.3275053,37.37,FALSE
10/22/2015,280.49475,275.2517,285.7378,0.610466915,-1.027085525,79967.875,0,388387.8,0.36725611,-9.23E-05,281.98438,0,1.194811504,7.34475,2.1017,12.5878,0.3883878,37.36,FALSE
10/23/2015,280.817375,275.6223,286.01245,1.51192235,-1.63510594,80064.75,0,689083.8,0.46911865,-9.31E-05,281.81311,0,2.22698914,7.667375,2.4723,12.86245,0.6890838,37.38,FALSE
10/24/2015,281.35584,275.59058,287.1211,-0.20629445,0.730106715,80218.75,0,610494.56,0.178567025,-0.000103631,283.18237,0,0.758691779,8.20584,2.44058,13.9711,0.61049456,37.37,FALSE
10/25/2015,284.21338,278.40283,290.02393,-0.38291232,2.01562735,80033.1875,0,302877.06,0.99708385,-7.83E-05,284.103395,0,2.051676256,11.06338,5.25283,16.87393,0.30287706,37.36,FALSE
10/26/2015,281.31116,274.85254,287.76978,0.508622765,2.4621615,79967.3125,0,644813.7,0.505383255,-0.000114327,281.5686,0,2.514147245,8.16116,1.70254,14.61978,0.6448137,37.36,FALSE
10/27/2015,282.102775,274.4619,289.74365,2.57640315,1.18681498,79912.1575,0,316161.06,0.5,-4.93E-05,281.59399,0,2.836614706,8.952775,1.3119,16.59365,0.31616106,37.37,FALSE
10/28/2015,283.2035,279.4983,286.9087,-0.881339,-0.05119482,79949.7825,8.60E-05,231274.62,1,-6.23E-05,283.20252,0,0.882824639,10.0535,6.3483,13.7587,0.23127462,37.35,FALSE
10/29/2015,280.2213,278.1848,282.2578,2.2068801,-1.85367155,79626.435,0.000215596,443804.75,0.994416615,-7.16E-05,282.191165,0,2.882085702,7.0713,5.0348,9.1078,0.44380475,37.36,FALSE
10/30/2015,276.504525,272.7151,280.29395,2.1229477,-3.0359762,79910.155,0,508189.5,0.26303029,-6.66E-05,279.32556,0,3.704599631,3.354525,-0.4349,7.14395,0.5081895,37.38,FALSE
10/31/2015,279.381105,274.70386,284.05835,1.97349405,0.19378325,80147.6875,0,564805.9,0.2564337,-7.36E-05,280.5188,0,1.982985303,6.231105,1.55386,10.90835,0.5648059,37.38,FALSE
11/1/2015,285.50122,280.39746,290.60498,2.1392145,1.68661201,80106.155,2.72E-05,194017.94,0.387613,-3.94E-05,282.816285,0,2.72413266,12.35122,7.24746,17.45498,0.19401794,37.37,FALSE
11/2/2015,281.754275,277.1941,286.31445,1.1078348,-1.28551515,79567.345,0.000255894,131189.06,0.80947765,-2.03E-05,283.77234,0,1.697011239,8.604275,4.0441,13.16445,0.13118906,37.31,FALSE
11/3/2015,275.97131,273.49902,278.4436,2.6516614,-0.7556651,78494.06,0.001199001,80923.125,0.9993376,-8.06E-06,281.899535,0.001199273,2.757233745,2.82131,0.34902,5.2936,0.080923125,37.32,FALSE
11/4/2015,269.09985,266.6023,271.5974,1.32775405,-0.118668857,79179.565,3.30E-05,132446.5,0.994349805,-2.07E-06,280.4453,3.28E-05,1.333046554,-4.05015,-6.5477,-1.5526,0.1324465,37.36,FALSE
11/5/2015,264.252565,260.53638,267.96875,1.46799995,0.05751275,79806,9.76E-07,124281.94,0.501642925,3.84E-06,279.83716,8.59E-07,1.469126124,-8.897435,-12.61362,-5.18125,0.12428194,37.4,FALSE
11/6/2015,264.176145,258.50537,269.84692,1.09783025,1.099279535,80292.44,0,154139.19,0.54271833,1.85E-06,278.791255,3.98E-08,1.553591566,-8.973855,-14.64463,-3.30308,0.15413919,37.4,FALSE
11/7/2015,267.64136,260.72266,274.56006,0.133471425,0.824223445,80505.5325,8.79E-06,141664.75,0.3901798,5.93E-06,278.292845,9.04E-06,0.834960423,-5.50864,-12.42734,1.41006,0.14166475,37.38,FALSE
11/8/2015,270.344975,266.2129,274.47705,-0.447300315,2.1658821,79960.2175,0,168018.25,0.278906446,-2.54E-06,278.28698,0,2.211588308,-2.805025,-6.9371,1.32705,0.16801825,37.34,FALSE
11/9/2015,275.977295,275.08984,276.86475,-0.09483565,2.6192341,79275.78,9.31E-05,195390.75,0.90778457,-5.87E-06,278.57031,9.31E-05,2.620950414,2.827295,1.93984,3.71475,0.19539075,37.33,FALSE
11/10/2015,272.050535,270.00073,274.10034,0.384615585,-0.78725485,79183.5325,0.000212518,90043.19,0.5647996,-1.80E-05,278.52246,0.000211925,0.876184539,-1.099465,-3.14927,0.95034,0.09004319,37.37,FALSE
11/11/2015,263.36525,255.98563,270.74487,2.3742581,-0.0649419,80080.75,1.27E-06,171536.75,0.89929077,9.93E-06,277.80933,1.32E-06,2.375146096,-9.78475,-17.16437,-2.40513,0.17153675,37.41,FALSE
11/12/2015,264.9392,258.9165,270.9619,0.5902353,0.78433899,80382.56,0,181178.25,0.064676152,-4.72E-07,276.91138,0,0.981613651,-8.2108,-14.2335,-2.1881,0.18117825,37.41,FALSE
11/13/2015,268.870485,262.25293,275.48804,-0.055211215,0.792856166,80335.25,0,198260.06,0,-1.77E-06,276.331665,0,0.794776181,-4.279515,-10.89707,2.33804,0.19826006,37.39,FALSE
11/14/2015,271.6759,265.0703,278.2815,-0.765348815,1.596047615,80008.905,0,236202.88,0,-1.09E-05,275.51525,0,1.770064066,-1.4741,-8.0797,5.1315,0.23620288,37.37,FALSE
11/15/2015,273.592165,268.34766,278.83667,-1.36540035,2.66077085,79313.3425,2.01E-05,142975.19,0,-1.72E-05,275.91907,1.47E-05,2.990655385,0.442165,-4.80234,5.68667,0.14297519,37.32,FALSE
11/16/2015,272.4746,268.3164,276.6328,2.0651872,-1.66162775,78676.06,0.000151918,134766,0.99827993,-1.60E-05,277.076415,0.00015233,2.650661229,-0.6754,-4.8336,3.4828,0.134766,37.39,FALSE
11/17/2015,262.97436,257.4414,268.50732,2.44276905,-1.619423,80024,0,105732.81,0.09039712,-5.10E-06,275.50696,7.97E-08,2.930810721,-10.17564,-15.7086,-4.64268,0.10573281,37.41,FALSE
11/18/2015,267.65662,263.8628,271.45044,1.7950797,1.39162585,80063.28,0,147987.62,0.48121122,4.38E-06,275.411255,0,2.271328606,-5.49338,-9.2872,-1.69956,0.14798762,37.39,FALSE
11/19/2015,270.686035,266.00244,275.36963,1.59729195,1.4918434,80099.7175,0,173973.19,0.029611196,-3.40E-06,275.556645,0,2.185620805,-2.463965,-7.14756,2.21963,0.17397319,37.4,FALSE
11/20/2015,272.2633,269.4043,275.1223,2.15334605,1.31442455,80066.47,0,225387.62,0.2106598,-6.75E-06,275.82861,0,2.522818089,-0.8867,-3.7457,1.9723,0.22538762,37.41,FALSE
11/21/2015,271.10913,265.55664,276.66162,-0.37441633,0.1496661,80556.0925,3.19E-07,228337.19,0.5455755,-5.42E-06,274.91639,4.72E-07,0.40322144,-2.04087,-7.59336,3.51162,0.22833719,37.41,FALSE
11/22/2015,269.5238,262.04565,277.00195,-0.7651529,1.0536607,80366.78,1.28E-06,235943.38,0.44023635,-3.65E-06,274.279785,1.26E-06,1.302175039,-3.6262,-11.10435,3.85195,0.23594338,37.39,FALSE
11/23/2015,275.29016,269.04004,281.54028,-0.9636044,1.49705717,79907.0925,0,212237.94,0.93928575,-9.29E-06,274.594725,0,1.780368953,2.14016,-4.10996,8.39028,0.21223794,37.37,FALSE
11/24/2015,275.99707,272.48706,279.50708,-0.196297275,2.58148335,79296,0,232019,0.412428855,-3.69E-05,274.66895,0,2.588935864,2.84707,-0.66294,6.35708,0.232019,37.34,FALSE
11/25/2015,273.89685,268.71704,279.07666,1.06318912,1.06229382,78594.2825,0.000252765,192498.25,0.688085855,-2.44E-05,275.45764,0.00025289,1.502943534,0.74685,-4.43296,5.92666,0.19249825,37.35,FALSE
11/26/2015,264.56812,262.77734,266.3589,1.9436507,-0.2015711,79102.2825,6.95E-05,136695.5,0.772196715,-1.53E-05,272.2649,6.95E-05,1.954074961,-8.58188,-10.37266,-6.7911,0.1366955,37.4,FALSE
11/27/2015,266.219115,264.18896,268.24927,-0.826121975,-2.4534731,79713.375,1.94E-05,128756.81,0.8569717,-6.23E-06,271.98145,1.93E-05,2.588823627,-6.930885,-8.96104,-4.90073,0.12875681,37.41,FALSE
11/28/2015,261.12085,256.72754,265.51416,0.108936615,-1.05981917,79676.31,5.61E-06,134908.06,0.81784633,-2.00E-06,270.44483,5.89E-06,1.065403144,-12.02915,-16.42246,-7.63584,0.13490806,37.41,FALSE
11/29/2015,262.24805,259.24146,265.25464,1.1251711,-0.31340883,79699.5,2.18E-06,189150,0.9132037,-1.15E-06,269.78564,2.01E-06,1.168004751,-10.90195,-13.90854,-7.89536,0.18915,37.41,FALSE
11/30/2015,262.304315,256.1057,268.50293,0.99542,0.499800785,79884.44,0,195400.81,0.0879505,-1.38E-06,269.21289,0,1.11384999,-10.845685,-17.0443,-4.64707,0.19540081,37.41,FALSE
12/1/2015,265.63317,259.6223,271.64404,0.65926394,0.759204687,79922.685,0,191244.06,0.000243994,-2.34E-06,269.410645,0,1.00549525,-7.51683,-13.5277,-1.50596,0.19124406,37.42,FALSE
12/2/2015,268.419315,262.0315,274.80713,-0.399570235,1.174369735,80270.935,0,170382.56,0.465388229,-2.68E-06,270.33618,0,1.240484037,-4.730685,-11.1185,1.65713,0.17038256,37.42,FALSE
12/3/2015,271.06713,265.0432,277.09106,-1.220793825,1.46046765,80189.97,0,192384.88,0.433299675,-2.44E-05,271.486085,0,1.903497654,-2.08287,-8.1068,3.94106,0.19238488,37.39,FALSE
12/4/2015,273.328735,270.48413,276.17334,0.0847831,2.4321818,79589.905,1.58E-07,208613.31,0.468451415,-1.63E-05,272.18726,1.33E-07,2.433659073,0.178735,-2.66587,3.02334,0.20861331,37.41,FALSE
12/5/2015,267.38391,260.81128,273.95654,1.014265495,0.727633635,80216.7825,1.11E-06,130513.25,0.506502944,-6.56E-06,271.64075,9.52E-07,1.248272887,-5.76609,-12.33872,0.80654,0.13051325,37.44,FALSE
12/6/2015,274.25953,273.1902,275.32886,-1.45557165,2.3254724,80451.345,0,200420.56,0.985538,-1.35E-05,272.527465,0,2.743448689,1.10953,0.0402,2.17886,0.20042056,37.42,FALSE
12/7/2015,274.41248,271.18506,277.6399,-0.09202385,2.35556935,80446.75,0,173935.75,0.992233635,-9.47E-06,273.11694,0,2.35736619,1.26248,-1.96494,4.4899,0.17393575,37.42,FALSE
12/8/2015,276.01196,273.15552,278.8684,1.7499399,1.7469344,80284.405,0,179824.88,0.87247175,-2.42E-06,274.22474,0,2.472664444,2.86196,0.00552,5.7184,0.17982488,37.41,FALSE
12/9/2015,278.3208,276.2307,280.4109,-0.034007285,2.5016017,80125.3125,0,187170.94,0.9900055,-5.98E-05,275.23132,0,2.50183284,5.1708,3.0807,7.2609,0.18717094,37.39,FALSE
12/10/2015,281.450075,278.79932,284.10083,1.36703133,0.94148015,79440.5625,0.001304931,107409.69,0.93401605,-2.37E-05,276.444455,0.001230078,1.659867323,8.300075,5.64932,10.95083,0.10740969,37.35,FALSE
12/11/2015,272.755,269.5266,275.9834,1.82674813,-0.0819,78750.8425,2.28E-05,165348.5,0.72537722,-6.79E-06,274.7378,2.24E-05,1.828583151,-0.395,-3.6234,2.8334,0.1653485,37.36,FALSE
12/12/2015,271.047485,270.09814,271.99683,1.75670195,-0.991697725,79013.8425,7.85E-05,167367.62,0.7830144,-1.84E-05,272.92639,7.84E-05,2.017291778,-2.102515,-3.05186,-1.15317,0.16736762,37.4,FALSE
12/13/2015,270.646,268.886,272.406,0.97063145,1.5687707,79502.9675,0.000245108,111815,0.64716057,-3.71E-05,272.95947,0.000102089,1.844767444,-2.504,-4.264,-0.744,0.111815,37.36,FALSE
12/14/2015,272.549685,267.84253,277.25684,3.1385708,0.4380684,78550.4375,0.0001256,99224.69,0.88044975,-7.06E-06,274.033935,0.0001256,3.168995202,-0.600315,-5.30747,4.10684,0.09922469,37.38,FALSE
12/15/2015,266.42151,265.05298,267.79004,3.66694215,-2.28424835,79137.0625,7.08E-05,79634.5,0.9069663,-1.80E-06,272.03528,7.05E-05,4.320214723,-6.72849,-8.09702,-5.35996,0.0796345,37.42,FALSE
12/16/2015,262.18714,256.9817,267.39258,1.76739835,0.01170015,79754,2.72E-06,117681.81,0.906548085,8.24E-06,270.875245,2.69E-06,1.767437077,-10.96286,-16.1683,-5.75742,0.11768181,37.43,FALSE
12/17/2015,260.184205,257.86353,262.50488,1.38787745,1.0659834,79861.875,0.000104904,67783.5,0.526568427,-2.80E-06,269.75012,0.000105034,1.750006979,-12.965795,-15.28647,-10.64512,0.0677835,37.43,FALSE
12/18/2015,268.92456,264.76318,273.08594,0.13272935,2.4084153,79864.4375,0,110987.69,0.499355435,2.60E-06,270.918575,0,2.412069928,-4.22544,-8.38682,-0.06406,0.11098769,37.41,FALSE
12/19/2015,268.99219,266.15015,271.83423,-1.3015943,2.94964505,79408.1875,6.75E-05,70712.44,0.260691075,1.90E-06,271.548335,6.74E-05,3.224058567,-4.15781,-6.99985,-1.31577,0.07071244,37.39,FALSE
12/20/2015,273.878785,271.4646,276.29297,1.08582575,-0.105048835,79228.3125,0.0001505,70644.31,0.946184375,-3.02E-06,272.497925,0.0001503,1.09089542,0.728785,-1.6854,3.14297,0.07064431,37.41,FALSE
12/21/2015,271.44617,271.2046,271.68774,1.2321427,2.295393,79503.375,0.000618096,31711.027,0.99480655,-2.40E-05,272.82532,0.000590052,2.605188027,-1.70383,-1.9454,-1.46226,0.031711027,37.38,FALSE
12/22/2015,275.430055,273.93335,276.92676,2.5690441,3.3359775,78563.03,0.002004535,48705.164,1,-3.91E-06,273.289795,0.001935143,4.210550257,2.280055,0.78335,3.77676,0.048705164,37.32,FALSE
12/23/2015,274.29334,273.2461,275.34058,4.5215559,-1.23378845,78378.875,0.000737416,80964.94,0.6857304,-2.28E-06,273.93005,0.000702262,4.686864805,1.14334,0.0961,2.19058,0.08096494,37.36,FALSE
12/24/2015,264.33154,260.0393,268.62378,1.106906775,1.258853533,78838.375,0.000527195,38511.797,0.50601045,3.43E-06,273.94556,0.000526994,1.676291987,-8.81846,-13.1107,-4.52622,0.038511797,37.37,FALSE
12/25/2015,263.06885,258.57056,267.56714,2.02221345,0.492055355,78731.565,6.06E-05,63591.34,0.69816556,2.53E-06,273.642945,6.05E-05,2.081217362,-10.08115,-14.57944,-5.58286,0.06359134,37.42,FALSE
12/26/2015,258.264645,256.71655,259.81274,1.51836105,-0.479933621,79886.8425,1.43E-05,68509.5,0.82659442,1.79E-06,273.56605,1.43E-05,1.592405903,-14.885355,-16.43345,-13.33726,0.0685095,37.46,FALSE
12/27/2015,255.50494,251.8883,259.12158,-0.25595276,0.389652,80422.7825,2.43E-06,67597,0.63457771,1.30E-06,273.53076,2.26E-06,0.466197916,-17.64506,-21.2617,-14.02842,0.067597,37.4,FALSE
12/28/2015,259.6438,258.75122,260.53638,0.027743375,1.53447965,79387.5,0.000159,59533.55,0.948020385,1.28E-07,273.443845,0.0001593,1.534730429,-13.5062,-14.39878,-12.61362,0.05953355,37.36,FALSE
12/29/2015,263.058595,261.65796,264.45923,1.09734105,-0.85726835,79034.2175,2.53E-05,81995.81,0.98645325,1.04E-06,273.573485,2.54E-05,1.392503646,-10.091405,-11.49204,-8.69077,0.08199581,37.39,FALSE
12/30/2015,261.99719,257.58374,266.41064,0.68982798,0.982441685,79537.4375,0.000128479,54803.816,0.84672868,3.81E-06,273.636475,0.000128234,1.200439214,-11.15281,-15.56626,-6.73936,0.054803816,37.41,FALSE
12/31/2015,261.736205,258.95898,264.51343,0.096433845,-1.224219425,80016.94,1.41E-05,85505.75,0.963448585,3.33E-07,273.73096,1.43E-05,1.22801168,-11.413795,-14.19102,-8.63657,0.08550575,37.43,FALSE
1/1/2016,254.02248,249.31644,258.72852,-1.45507095,0.27073276,80151.435,4.09E-06,105774.19,0.677690715,1.59E-06,273.701415,4.30E-06,1.48004314,-19.12752,-23.83356,-14.42148,0.10577419,37.41,FALSE
1/2/2016,252.98246,250.72289,255.24203,-1.2526455,1.25392158,79935.44,0,91168,0.337046175,2.00E-06,273.4104,3.40E-08,1.772410809,-20.16754,-22.42711,-17.90797,0.091168,37.41,FALSE
1/3/2016,263.22192,262.7954,263.64844,-1.31356525,1.65153745,79827.56,1.31E-05,66681.56,0.72061294,2.20E-06,273.40295,1.29E-05,2.110220276,-9.92808,-10.3546,-9.50156,0.06668156,37.4,FALSE
1/4/2016,266.31165,264.9414,267.6819,-1.3880839,1.5248723,79459.625,2.30E-05,98175.375,0.97674522,3.40E-06,273.53564,2.32E-05,2.062040845,-6.83835,-8.2086,-5.4681,0.098175375,37.37,FALSE
1/5/2016,271.30433,270.6194,271.98926,-1.066059125,1.9154115,78964.155,6.62E-05,64148.363,0.838784925,2.76E-06,273.81055,6.59E-05,2.192095635,-1.84567,-2.5306,-1.16074,0.064148363,37.37,FALSE
1/6/2016,273.25354,271.55225,274.95483,-0.33745195,1.24503055,78715.875,3.81E-05,73000.25,0.91079615,2.17E-06,274.23401,3.79E-05,1.289951506,0.10354,-1.59775,1.80483,0.07300025,37.38,FALSE
1/7/2016,271.28137,270.65332,271.90942,0.111779575,0.819520835,78600.625,0.000251471,50590.934,0.962696465,-1.86E-07,274.533695,0.000251373,0.827108864,-1.86863,-2.49668,-1.24058,0.050590934,37.39,FALSE
1/8/2016,269.940305,268.86523,271.01538,1.87916565,-1.91103415,79027.125,3.85E-05,89756.69,0.9968254,2.68E-06,274.722165,3.82E-05,2.680170715,-3.209695,-4.28477,-2.13462,0.08975669,37.42,FALSE
1/9/2016,264.74256,259.4756,270.00952,0.475002175,0.51945375,79622.72,6.10E-05,84025.69,0.79783255,3.42E-06,274.7937,6.07E-05,0.703888673,-8.40744,-13.6744,-3.14048,0.08402569,37.43,FALSE
1/10/2016,267.18799,265.85596,268.52002,0.127153905,0.93491145,79768.315,4.06E-05,95897.19,0.8731163,7.88E-07,274.7074,4.08E-05,0.943518699,-5.96201,-7.29404,-4.62998,0.09589719,37.44,FALSE
1/11/2016,265.88172,263.04004,268.7234,-0.237366615,-0.12540807,80243.44,4.93E-06,126453.44,0.81355105,1.54E-06,274.734985,5.04E-06,0.268458738,-7.26828,-10.10996,-4.4266,0.12645344,37.45,FALSE
1/12/2016,263.63172,260.40894,266.8545,-0.225783101,0.862090285,80408.845,0,139949.75,0.199030965,9.61E-07,274.46777,0,0.891166465,-9.51828,-12.74106,-6.2955,0.13994975,37.43,FALSE
1/13/2016,263.82642,262.4026,265.25024,-0.94515825,1.99489165,79964.9675,2.72E-07,120791.94,0.490951064,-1.67E-07,274.077515,3.58E-07,2.207468417,-9.32358,-10.7474,-7.89976,0.12079194,37.39,FALSE
1/14/2016,268.87866,267.13647,270.62085,1.549064415,0.935372363,79632.815,1.92E-05,87233.81,0.224206955,3.65E-06,273.93604,1.94E-05,1.809564041,-4.27134,-6.01353,-2.52915,0.08723381,37.39,FALSE
1/15/2016,268.232785,267.43457,269.031,0.81302615,1.025486287,79200.56,0.001355652,91539.875,1,1.13E-06,273.99707,0.001355954,1.308676295,-4.917215,-5.71543,-4.119,0.091539875,37.38,FALSE
1/16/2016,269.78992,268.45728,271.12256,1.060434585,0.959261935,79759.655,0.000121028,121621.19,0.9854393,1.50E-07,274.38,0.000121016,1.429931806,-3.36008,-4.69272,-2.02744,0.12162119,37.42,FALSE
1/17/2016,268.752325,263.5232,273.98145,0.9962906,2.1814175,79937.625,0,88692.375,0.341819462,1.91E-06,274.57605,0,2.398161227,-4.397675,-9.6268,0.83145,0.088692375,37.42,FALSE
1/18/2016,271.813115,270.86743,272.7588,-0.655556125,1.7623582,79824.125,7.85E-05,76291.56,1,6.23E-07,274.54431,7.85E-05,1.880335145,-1.336885,-2.28257,-0.3912,0.07629156,37.41,FALSE
1/19/2016,270.9397,267.0996,274.7798,-0.09421635,1.10739858,79930.3425,1.20E-05,76669.69,0.9774703,-2.44E-06,274.82153,1.23E-05,1.111399269,-2.2103,-6.0504,1.6298,0.07666969,37.41,FALSE
1/20/2016,269.93323,266.3628,273.50366,1.25587153,3.61916925,79705.3125,0,130122.56,0.706442815,6.54E-06,274.891605,1.79E-07,3.83087449,-3.21677,-6.7872,0.35366,0.13012256,37.44,FALSE
1/21/2016,267.79895,263.18457,272.41333,0.0611088,0.698507675,80459.22,0,125698.125,0.369084685,2.17E-06,274.686285,2.28E-08,0.701175625,-5.35105,-9.96543,-0.73667,0.125698125,37.44,FALSE
1/22/2016,267.79444,267.44678,268.1421,-1.5098977,1.7542663,80212.875,1.77E-06,85969.69,0.93855718,-2.04E-06,274.422365,1.68E-06,2.314571519,-5.35556,-5.70322,-5.0079,0.08596969,37.41,FALSE
1/23/2016,272.30298,270.87183,273.73413,-0.832308675,1.969943,79643.125,7.64E-05,87862.375,0.9989833,-3.54E-07,274.371705,7.63E-05,2.138553987,-0.84702,-2.27817,0.58413,0.087862375,37.38,FALSE
1/24/2016,270.95935,268.02173,273.89697,0.98345484,1.3729793,79395.81,1.35E-05,123710,0.79204022,3.05E-06,274.487185,1.44E-05,1.688862215,-2.19065,-5.12827,0.74697,0.12371,37.41,FALSE
1/25/2016,270.912235,269.65845,272.16602,1.37953615,-0.04574643,79864.03,2.36E-05,160124.44,0.8667438,7.36E-07,274.508545,2.37E-05,1.380294434,-2.237765,-3.49155,-0.98398,0.16012444,37.44,FALSE
1/26/2016,265.708375,259.65552,271.76123,0.549709175,0.49673864,80391.6875,1.46E-06,134080.62,0.516416345,6.77E-06,274.5166,1.51E-06,0.740897735,-7.441625,-13.49448,-1.38877,0.13408062,37.46,FALSE
1/27/2016,262.00073,257.78833,266.21313,-0.619228005,1.01086465,80711.0625,6.38E-07,162763.94,0.82130305,3.77E-07,274.28577,4.67E-07,1.185449561,-11.14927,-15.36167,-6.93687,0.16276394,37.45,FALSE
1/28/2016,267.444585,264.0276,270.86157,-0.121485785,1.40558335,80543.625,0,149486.94,0.30496316,-1.95E-06,274.048225,0,1.410823642,-5.705415,-9.1224,-2.28843,0.14948694,37.43,FALSE
1/29/2016,271.36585,270.0061,272.7256,1.058541,1.94383,79989.72,5.72E-05,166643.25,0.97307022,9.24E-07,273.971925,0,2.213364886,-1.78415,-3.1439,-0.4244,0.16664325,37.4,FALSE
1/30/2016,276.511115,274.5923,278.42993,1.795833885,1.674897095,79165.4075,0.00075537,181204.5,0.97981727,-4.72E-06,274.454955,5.64E-05,2.455666838,3.361115,1.4423,5.27993,0.1812045,37.38,FALSE
1/31/2016,268.44886,266.16602,270.7317,0.475693625,0.525961855,79164.9075,0.000869567,73166,0.8804231,-9.03E-06,274.769895,0.000869437,0.709168737,-4.70114,-6.98398,-2.4183,0.073166,37.35,FALSE
2/1/2016,266.20423,265.01416,267.3943,0.20569085,-3.3583556,78460.5625,9.53E-05,175224.88,0.9911264,-8.20E-06,274.70984,9.52E-05,3.364648728,-6.94577,-8.13584,-5.7557,0.17522488,37.41,FALSE
2/2/2016,260.9032,257.50244,264.30396,2.24536415,-0.72076945,79600.875,1.46E-06,146032,0.518745155,2.15E-06,274.49609,1.51E-06,2.358213045,-12.2468,-15.64756,-8.84604,0.146032,37.44,FALSE
2/3/2016,255.59655,251.48534,259.70776,0.71945785,1.127834525,79967.1575,1.16E-06,194285.81,0.676529585,1.20E-06,274.00074,1.09E-06,1.337770651,-17.55345,-21.66466,-13.44224,0.19428581,37.46,FALSE
2/4/2016,262.704835,261.82495,263.58472,0.6696108,1.52029755,80346.31,4.04E-05,179577.5,0.73296935,1.60E-06,273.70142,4.04E-05,1.661229444,-10.445165,-11.32505,-9.56528,0.1795775,37.46,FALSE
2/5/2016,265.74195,260.1089,271.375,0.323280575,0.610355635,80778.4375,1.80E-06,168544.69,0.53124782,3.77E-06,273.731935,1.77E-06,0.690683959,-7.40805,-13.0411,-1.775,0.16854469,37.47,FALSE
2/6/2016,264.26453,260.4651,268.06396,-0.3087613,1.5410533,80851.25,1.83E-07,223033.69,0.850726725,9.92E-07,273.72559,3.34E-07,1.571680252,-8.88547,-12.6849,-5.08604,0.22303369,37.46,FALSE
2/7/2016,268.736085,264.98047,272.4917,0.575088235,0.50378999,80859.3425,0,233563.5,0.327332645,2.33E-07,273.65002,0,0.764546161,-4.413915,-8.16953,-0.6583,0.2335635,37.48,FALSE
2/8/2016,268.377565,263.08008,273.67505,-0.287580135,0.294617025,81212.935,0,248935.12,0.002347261,1.91E-06,273.493895,0,0.41170563,-4.772435,-10.06992,0.52505,0.24893512,37.48,FALSE
2/9/2016,268.1609,264.2527,272.0691,-0.417403565,0.851914625,81112.405,0,269162.3,0,2.15E-06,273.3728,0,0.948675005,-4.9891,-8.8973,-1.0809,0.2691623,37.46,FALSE
2/10/2016,269.8302,266.70874,272.95166,-0.22244029,1.51700418,80758.6875,0,278687.2,0.313136549,-4.99E-07,273.36353,0,1.533225804,-3.3198,-6.44126,-0.19834,0.2786872,37.45,FALSE
2/11/2016,270.347655,266.33398,274.36133,0.107546303,1.4347322,80667.435,0,248844.62,0.703471225,-9.52E-07,273.121215,0,1.438757343,-2.802345,-6.81602,1.21133,0.24884462,37.45,FALSE
2/12/2016,269.94336,266.16284,273.72388,-0.391638008,1.5140796,80550.6875,0,260629.38,0.485395253,-1.09E-06,273.03198,0,1.563910919,-3.20664,-6.98716,0.57388,0.26062938,37.45,FALSE
2/13/2016,271.088985,266.95557,275.2224,0.426145705,1.5803113,80383.2825,0,318854.5,0.7816351,-1.44E-06,273.036255,0,1.636760204,-2.061015,-6.19443,2.0724,0.3188545,37.45,FALSE
2/14/2016,271.887325,267.0974,276.67725,1.4775058,0.979485125,80335.125,0,245129.75,0.505961314,-2.98E-06,273.30371,0,1.772685674,-1.262675,-6.0526,3.52725,0.24512975,37.45,FALSE
2/15/2016,274.623045,272.63623,276.60986,1.8205285,0.21504259,80513,2.32E-06,315589.06,0.96418052,7.59E-07,273.513305,0,1.833185025,1.473045,-0.51377,3.45986,0.31558906,37.46,FALSE
2/16/2016,274.913935,271.6704,278.15747,0.90522628,1.3697637,80322.625,0,393966.06,0.95600995,-1.66E-06,273.81238,0,1.641854808,1.763935,-1.4796,5.00747,0.39396606,37.44,FALSE
2/17/2016,276.24621,273.5432,278.94922,-1.14467238,1.73496198,79611.875,0,256034.12,0.95715448,-1.35E-05,273.981075,0,2.078549477,3.09621,0.3932,5.79922,0.25603412,37.4,FALSE
2/18/2016,277.49988,276.7461,278.25366,-0.72305495,4.47666405,78538.75,9.76E-05,352998,0.85301105,-3.65E-05,274.11755,5.24E-06,4.534680747,4.34988,3.5961,5.10366,0.352998,37.42,FALSE
2/19/2016,271.236935,267.36597,275.1079,0.9754505,2.0971093,79490.685,0,397432.06,0.298959525,-1.59E-05,274.21814,0,2.312870747,-1.913065,-5.78403,1.9579,0.39743206,37.46,FALSE
2/20/2016,275.172365,272.17725,278.16748,0.33232656,2.3923521,79855.5925,0,410364.75,0.01615185,-2.40E-06,274.04944,2.28E-08,2.415323894,2.022365,-0.97275,5.01748,0.41036475,37.48,FALSE
2/21/2016,273.4054,269.8462,276.9646,-0.508735775,0.850493385,80193.1575,0,419909.75,0.65630418,-4.04E-06,274.0531,1.19E-07,0.991035361,0.2554,-3.3038,3.8146,0.41990975,37.48,FALSE
2/22/2016,273.14087,270.9065,275.37524,1.19046865,0.57529554,80180.935,0.000525269,407604.3,0.81732882,-3.23E-05,274.134515,0.000525314,1.322187795,-0.00913,-2.2435,2.22524,0.4076043,37.47,FALSE
2/23/2016,271.654905,266.98584,276.32397,1.01911865,-1.29860239,80109.4675,0,497382.44,0.087313702,-3.23E-05,274.15406,0,1.650748615,-1.495095,-6.16416,3.17397,0.49738244,37.49,FALSE
2/24/2016,269.602295,265.18872,274.01587,-0.83639176,1.21046379,80271.905,0,519594.06,0.8258983,-3.40E-06,273.77588,0,1.471317017,-3.547705,-7.96128,0.86587,0.51959406,37.49,FALSE
2/25/2016,274.71338,270.1128,279.31396,-0.251338263,0.748049705,80300.375,0,546053.4,0.054261238,-1.60E-06,273.70691,0,0.789144653,1.56338,-3.0372,6.16396,0.5460534,37.49,FALSE
2/26/2016,275.136595,269.66577,280.60742,-0.55546615,0.78139263,80375.5625,0,490440.3,0.002647134,-3.88E-06,273.731325,0,0.958705943,1.986595,-3.48423,7.45742,0.4904403,37.48,FALSE
2/27/2016,276.04944,272.60742,279.49146,-0.30940887,2.1958485,80031.125,0,588925.9,0.4724454,-6.60E-07,273.75952,0,2.217540188,2.89944,-0.54258,6.34146,0.5889259,37.47,FALSE
2/28/2016,275.33679,270.2268,280.44678,0.98656795,1.109419845,80049.97,0,605357,0.49570723,-4.47E-06,273.758425,0,1.484630834,2.18679,-2.9232,7.29678,0.605357,37.48,FALSE
2/29/2016,274.44238,270.57666,278.3081,1.34912765,1.694355,80139.9375,0,640926.5,0.499113901,-1.55E-06,273.666015,0,2.16586802,1.29238,-2.57334,5.1581,0.6409265,37.49,FALSE
3/1/2016,275.1521,271.86328,278.44092,0.68200013,1.70265625,80183.9375,0,592523.75,0.4507574,-1.36E-05,273.487675,0,1.834165337,2.0021,-1.28672,5.29092,0.59252375,37.48,FALSE
3/2/2016,276.723275,273.33765,280.1089,0.83346657,2.45724055,79988.125,0,680049.9,0.2692521,-4.57E-06,273.26587,0,2.594744235,3.573275,0.18765,6.9589,0.6800499,37.48,FALSE
3/3/2016,275.88721,272.41382,279.3606,-0.267285258,2.0689535,79999.345,3.00E-06,599984.3,0.99195615,-2.03E-05,272.95508,0,2.086147165,2.73721,-0.73618,6.2106,0.5999843,37.48,FALSE
3/4/2016,277.83495,273.114,282.5559,0.079141945,1.131353465,79869.22,0,771740.94,0.601486175,-5.87E-05,274.658075,0,1.134118208,4.68495,-0.036,9.4059,0.77174094,37.47,FALSE
3/5/2016,281.14074,278.1516,284.12988,0.2861476,1.022547715,79560.405,0.000145155,919191.56,0.9746146,-0.000112324,276.71704,0,1.061830626,7.99074,5.0016,10.97988,0.91919156,37.45,FALSE
3/6/2016,283.161385,279.88257,286.4402,-0.422108145,4.061985,78909.5,9.14E-05,662852.2,0.692652,-0.000117822,278.99377,8.05E-06,4.083858155,10.011385,6.73257,13.2902,0.6628522,37.44,FALSE
3/7/2016,271.8772,268.4038,275.3506,1.1994319,-0.13618375,78882.685,2.90E-05,631248.6,0.937937915,-8.84E-05,274.46704,1.92E-05,1.207138309,-1.2728,-4.7462,2.2006,0.6312486,37.44,FALSE
3/8/2016,273.36511,268.60864,278.12158,-0.55030635,1.04787915,79053.4675,3.68E-06,803985,0.885686765,-0.0001129,274.174565,3.49E-06,1.183591058,0.21511,-4.54136,4.97158,0.803985,37.48,FALSE
3/9/2016,275.58459,272.41528,278.7539,2.9243531,0.70749913,79452.53,2.32E-05,883156.4,0.511596665,-0.000103876,275.515865,2.28E-08,3.008720006,2.43459,-0.73472,5.6039,0.8831564,37.5,FALSE
3/10/2016,279.85083,276.40942,283.29224,0.77213925,2.5249867,79911.0325,0,1180000,0.8769902,-0.000183574,276.3584,0,2.640408464,6.70083,3.25942,10.14224,1.18,37.49,FALSE
3/11/2016,282.49694,277.29028,287.7036,-0.64647345,2.591698935,79533.7175,0,1270000,0.9498763,-0.000248054,278.676755,0,2.671110498,9.34694,4.14028,14.5536,1.27,37.45,FALSE
3/12/2016,278.631345,271.40234,285.86035,0.956812042,3.4374888,78949.155,4.68E-06,1000000,0.5166763,-0.000135557,278.72119,4.26E-06,3.568167391,5.481345,-1.74766,12.71035,1,37.48,FALSE
3/13/2016,278.51831,275.19238,281.84424,1.166423635,2.9197578,79447.0325,2.84E-05,811046.75,0.342268371,-0.000144043,277.783085,0,3.144126223,5.36831,2.04238,8.69424,0.81104675,37.48,FALSE
3/14/2016,279.17969,275.45068,282.9087,2.55472945,3.3286457,79133.25,4.78E-05,1180000,0.56823953,-0.000180461,277.271365,6.62E-07,4.19601296,6.02969,2.30068,9.7587,1.18,37.49,FALSE
3/15/2016,274.79248,269.80933,279.77563,3.6227041,-0.34065245,79849.5,1.63E-06,910188.5,0.129941405,-0.000154637,275.78491,0,3.638685077,1.64248,-3.34067,6.62563,0.9101885,37.51,FALSE
3/16/2016,275.42163,269.94922,280.89404,3.14254513,-0.542244085,80031.625,0,1360000,0.397724023,-0.000184442,275.85778,0,3.188983936,2.27163,-3.20078,7.74404,1.36,37.51,FALSE
3/17/2016,276.96875,269.58667,284.35083,1.6453095,-0.02934105,79938.31,0,1380000,0.122733205,-0.000206369,277.74524,0,1.645571101,3.81875,-3.56333,11.20083,1.38,37.49,FALSE
3/18/2016,279.05627,272.37524,285.7373,1.5264481,-1.29869945,79771.8125,0,1390000,0.020660915,-0.000206362,278.211785,0,2.004161686,5.90627,-0.77476,12.5873,1.39,37.5,FALSE
3/19/2016,280.547975,272.79102,288.30493,0.39216625,-0.61432405,79925.7825,1.02E-05,886280.7,0.33057189,-0.000161491,279.461785,0,0.728826733,7.397975,-0.35898,15.15493,0.8862807,37.5,FALSE
3/20/2016,282.343875,274.6814,290.00635,-0.215623115,2.27971455,79876.9075,0,1330000,0.495069385,-0.000255014,280.044555,0,2.289889027,9.193875,1.5314,16.85635,1.33,37.49,FALSE
3/21/2016,284.4895,278.3806,290.5984,1.103634347,2.54135663,79621.2825,6.38E-07,999797,0.7072856,-0.00021097,280.685425,0,2.770650157,11.3395,5.2306,17.4484,0.999797,37.48,FALSE
3/22/2016,280.71595,273.2151,288.2168,4.21337605,1.68434487,79146.125,0.000369201,1110000,0.93041325,-0.000130487,280.23925,0.000361404,4.537571529,7.56595,0.0651,15.0668,1.11,37.49,FALSE
3/23/2016,271.2771,268.02686,274.52734,3.9739895,-2.3925834,79852.7825,8.42E-07,1240000,0.833648355,-0.000140348,276.48914,6.89E-07,4.638647203,-1.8729,-5.12314,1.37734,1.24,37.53,FALSE
3/24/2016,274.08093,269.2246,278.93726,1.322874,-0.31247185,80263.75,0,1220000,0.013961873,-0.000170102,277.16003,0,1.359277116,0.93093,-3.9254,5.78726,1.22,37.5,FALSE
3/25/2016,277.8949,272.0105,283.7793,3.52424765,-1.29825805,79756.1875,0,1400000,0.179206045,-0.000184648,277.904175,0,3.755768292,4.7449,-1.1395,10.6293,1.4,37.48,FALSE
3/26/2016,275.382565,267.7412,283.02393,3.18006565,-1.536407,79548.31,0,1420000,0.000531764,-0.000167604,277.64111,0,3.531764999,2.232565,-5.4088,9.87393,1.42,37.5,FALSE
3/27/2016,278.18872,274.73657,281.64087,0.318162835,2.5371685,79720.125,0.000158873,1250000,0.18323013,-0.000195178,278.9198,1.98E-08,2.557039614,5.03872,1.58657,8.49087,1.25,37.49,FALSE
3/28/2016,279.84058,273.12354,286.55762,2.11014158,1.32952038,79129.0625,0.001241942,180595,0.977476225,-2.89E-05,280.46631,0.001232736,2.494057323,6.69058,-0.02646,13.40762,0.180595,37.44,FALSE
3/29/2016,270.706295,269.35522,272.05737,1.04753825,-3.364193,78396.2175,0.000930551,192204.38,1,-4.03E-05,276.414315,0.000931216,3.523511165,-2.443705,-3.79478,-1.09263,0.19220438,37.45,FALSE
3/30/2016,268.791505,266.36475,271.21826,2.2992177,-0.67930675,78991.625,0.000357648,251348.75,0.9960222,-2.98E-05,275.19324,0.000357554,2.397469435,-4.358495,-6.78525,-1.93174,0.25134875,37.51,FALSE
3/31/2016,270.17285,265.08008,275.26562,1.3463225,-0.33401015,79660.72,4.36E-06,531042.25,0.9839,-1.00E-05,274.94397,4.58E-06,1.387136278,-2.97715,-8.06992,2.11562,0.53104225,37.52,FALSE
4/1/2016,273.165645,268.38525,277.94604,0.9926553,-0.30426025,79951.78,0,931402.56,0.34508636,-7.42E-05,275.40039,0,1.038238337,0.015645,-4.76475,4.79604,0.93140256,37.54,FALSE
4/2/2016,274.9065,268.6023,281.2107,-0.68723585,0.95136545,80333.155,1.64E-06,958424.8,0.400295589,-0.00012355,277.54004,1.28E-06,1.173622313,1.7565,-4.5477,8.0607,0.9584248,37.53,FALSE
4/3/2016,280.431885,273.375,287.48877,-0.301359735,0.29640245,80163.19,2.88E-05,1370000,0.643826335,-0.000219418,279.13745,0,0.422696229,7.281885,0.225,14.33877,1.37,37.52,FALSE
4/4/2016,283.91736,276.98242,290.8523,1.11481755,1.9048219,80038.905,0,1540000,0.66358869,-0.000269952,281.60571,0,2.207071508,10.76736,3.83242,17.7023,1.54,37.52,FALSE
4/5/2016,280.28821,272.12012,288.4563,2.2817726,0.837356315,80321.28,0,1580000,0.037459405,-0.000233041,280.53894,0,2.430566147,7.13821,-1.02988,15.3063,1.58,37.55,FALSE
4/6/2016,279.18811,272.50024,285.87598,0.5277904,-1.805833977,80838.1875,0,1590000,0.003664263,-0.000248924,279.96997,0,1.881382221,6.03811,-0.64976,12.72598,1.59,37.54,FALSE
4/7/2016,283.659545,277.22754,290.09155,-1.520874575,-0.2429255,80532.625,0,1600000,0.001777669,-0.000275465,281.92907,0,1.540153327,10.509545,4.07754,16.94155,1.6,37.5,FALSE
4/8/2016,286.1958,280.11426,292.27734,-2.57387638,0.38205552,79771.69,6.77E-05,1110000,0.9389854,-0.000214696,283.80981,0,2.602077255,13.0458,6.96426,19.12734,1.11,37.49,FALSE
4/9/2016,285.565425,280.69775,290.4331,-1.4080901,0.69120065,79403.5,0.000131822,1040000,0.96659433,-0.00015883,284.3175,0,1.568590472,12.415425,7.54775,17.2831,1.04,37.48,FALSE
4/10/2016,280.90173,276.78516,285.0183,0.300417395,2.6968131,79195.6875,7.65E-05,1210000,0.5986779,-0.000179043,281.59204,0,2.713494335,7.75173,3.63516,11.8683,1.21,37.49,FALSE
4/11/2016,280.857785,276.46533,285.25024,-0.0874874,0.892384884,79484.53,0.000159992,1090000,0.55944073,-0.000179178,283.542725,0,0.896663162,7.707785,3.31533,12.10024,1.09,37.52,FALSE
4/12/2016,280.79651,275.76294,285.83008,0.677675575,0.4102856,79936.905,0.000834008,939204.25,0.324257075,-0.000168236,283.345215,0,0.792198497,7.64651,2.61294,12.68008,0.93920425,37.53,FALSE
4/13/2016,282.92944,279.27612,286.58276,2.7680736,-0.10168492,79968.72,0.000179285,1120000,0.98109135,-0.000214631,283.888915,0,2.769940663,9.77944,6.12612,13.43276,1.12,37.5,FALSE
4/14/2016,282.41919,277.84766,286.99072,2.83143705,0.40747146,79421.125,2.22E-05,1450000,0.5388577,-0.000212541,282.85168,7.97E-08,2.860606362,9.26919,4.69766,13.84072,1.45,37.49,FALSE
4/15/2016,276.371335,272.39307,280.3496,4.7534045,-2.43756055,79352.3425,0.000396277,1410000,0.676260355,-0.000172831,280.15332,0.000262573,5.341961791,3.221335,-0.75693,7.1996,1.41,37.52,FALSE
4/16/2016,275.65357,271.86914,279.438,2.24497125,-3.9954167,80029.155,0,1620000,0.30431225,-0.000200062,278.714235,0,4.582930342,2.50357,-1.28086,6.288,1.62,37.55,FALSE
4/17/2016,280.42945,275.417,285.4419,0.836812925,-2.9946989,80390.625,0,1700000,0.008883335,-0.000224524,280.152585,0,3.10941753,7.27945,2.267,12.2919,1.7,37.55,FALSE
4/18/2016,280.49793,273.22266,287.7732,-0.075102655,-1.4114179,80330.345,0,1740000,0,-0.000228453,281.32348,0,1.413414623,7.34793,0.07266,14.6232,1.74,37.54,FALSE
4/19/2016,282.819705,276.27637,289.36304,0.899950685,-1.47716915,80229.0925,0,1710000,0,-0.000219259,282.981325,0,1.729722502,9.669705,3.12637,16.21304,1.71,37.53,FALSE
4/20/2016,284.195315,276.34717,292.04346,0.93844687,-0.3287897,79855.815,0,1300000,0.1332897,-0.000178873,285.250245,0,0.994376787,11.045315,3.19717,18.89346,1.3,37.52,FALSE
4/21/2016,286.62329,278.27783,294.96875,0.400315665,1.4889207,79666.8425,0,1660000,0.93529785,-0.000177242,286.706915,0,1.541796836,13.47329,5.12783,21.81875,1.66,37.51,FALSE
4/22/2016,288.63635,281.7329,295.5398,-0.47535945,4.69201665,79286.4675,0.000496746,604700.25,0.8290637,-7.57E-05,287.964475,0,4.716035077,15.48635,8.5829,22.3898,0.60470025,37.5,FALSE
4/23/2016,279.46728,273.7766,285.15796,5.9071642,0.57290831,79059.125,0.000123155,1280000,0.96452397,-0.000165728,284.69165,0.000118749,5.934881028,6.31728,0.6266,12.00796,1.28,37.53,FALSE
4/24/2016,277.90991,272.13452,283.6853,3.4113246,-1.00082065,79655.5625,0.00089452,533187.1,0.747084,-8.08E-05,280.709115,0,3.555105835,4.75991,-1.01548,10.5353,0.5331871,37.52,FALSE
4/25/2016,277.143555,273.53516,280.75195,2.1587891,0.223464765,78956.345,0.000912042,459041.2,1,-5.99E-05,281.70264,0.000906606,2.170324142,3.993555,0.38516,7.60195,0.4590412,37.49,FALSE
4/26/2016,272.47241,271.06616,273.87866,3.36990215,-2.73429284,79202.78,1.83E-07,992712.4,0.9337334,-0.000100724,278.643435,1.65E-07,4.339654115,-0.67759,-2.08384,0.72866,0.9927124,37.54,FALSE
4/27/2016,276.530155,273.87476,279.18555,1.8676214,-0.545144271,79426.8425,0.000298053,820714.44,0.9994682,-9.71E-05,280.604735,0.0001201,1.945556982,3.380155,0.72476,6.03555,0.82071444,37.52,FALSE
4/28/2016,276.38891,274.5183,278.25952,1.67967845,-1.8838234,78987.47,0.000288463,781734.9,0.897945075,-0.000111818,280.177735,0.000138906,2.523907744,3.23891,1.3683,5.10952,0.7817349,37.52,FALSE
4/29/2016,276.63281,271.5686,281.69702,1.880496,-1.794219415,79392.595,0.000194482,1090000,0.90131548,-0.000157878,278.7262,0,2.599132262,3.48281,-1.5814,8.54702,1.09,37.53,FALSE
4/30/2016,277.882205,274.23218,281.53223,2.016717775,-2.6837997,79359.815,0.000185953,1420000,0.97230147,-0.000216567,280.936525,0.000136118,3.357071851,4.732205,1.08218,8.38223,1.42,37.54,FALSE
5/1/2016,278.83948,275.19678,282.48218,-0.51250154,-3.916429,79646.47,9.99E-05,1400000,0.36223117,-0.000220223,280.166015,0,3.949819482,5.68948,2.04678,9.33218,1.4,37.55,FALSE
5/2/2016,279.12134,273.99585,284.24683,-1.65264745,-0.2675471,79897.06,7.70E-05,1730000,0.29094982,-0.000259864,280.36206,0,1.674163984,5.97134,0.84585,11.09683,1.73,37.56,FALSE
5/3/2016,281.950685,275.89307,288.0083,-0.353803833,0.262346575,80166.5325,0,1440000,0.117243855,-0.000282864,283.561035,0,0.440457578,8.800685,2.74307,14.8583,1.44,37.55,FALSE
5/4/2016,284.60779,277.99976,291.21582,-1.44442605,2.34760045,80008.875,8.21E-06,1230000,0.811601635,-0.00026237,284.31739,0,2.75637343,11.45779,4.84976,18.06582,1.23,37.53,FALSE
5/5/2016,286.09533,280.0974,292.09326,-1.19176744,3.44657565,79512.9075,2.72E-07,1570000,0.973747,-0.000303451,284.253055,0,3.64680591,12.94533,6.9474,18.94326,1.57,37.51,FALSE
5/6/2016,285.78796,281.6997,289.87622,-1.23116222,3.4619599,79151.0625,0.000970394,722831.4,0.76616168,-0.000152034,285.17664,0,3.674360728,12.63796,8.5497,16.72622,0.7228314,37.52,FALSE
5/7/2016,279.479735,277.93677,281.0227,-0.28522835,1.419161425,79250.78,0.000193816,907155.1,0.9279119,-0.000156018,283.930175,0,1.447540798,6.329735,4.78677,7.8727,0.9071551,37.52,FALSE
5/8/2016,282.281615,279.66577,284.89746,0.44834121,0.056801625,79341.22,0.000939304,968796.7,1,-0.000182431,284.807135,0,0.451925066,9.131615,6.51577,11.74746,0.9687967,37.52,FALSE
5/9/2016,283.358155,279.84888,286.86743,2.30134295,-0.6638646,79322,3.61E-06,1330000,0.310816081,-0.000241925,284.25744,0,2.395181743,10.208155,6.69888,13.71743,1.33,37.53,FALSE
5/10/2016,282.30603,275.17798,289.43408,3.208442415,-0.8690974,79638.1875,0,1630000,0.129381865,-0.000235381,283.295535,0,3.324068745,9.15603,2.02798,16.28408,1.63,37.56,FALSE
5/11/2016,280.33545,274.54785,286.12305,0.63082247,-1.98653919,80169.4375,0,1880000,0.10782087,-0.00024635,282.746095,0,2.084292432,7.18545,1.39785,12.97305,1.88,37.57,FALSE
5/12/2016,282.2168,274.37476,290.05884,-0.4001064,1.63310765,80333.7175,0,1860000,0.136292875,-0.000253354,285.132565,0,1.681405878,9.0668,1.22476,16.90884,1.86,37.56,FALSE
5/13/2016,288.592655,280.10303,297.08228,0.4177235,1.70936585,80216.685,0,1890000,0.5325627,-0.000215921,288.209595,0,1.759666028,15.442655,6.95303,23.93228,1.89,37.55,FALSE
5/14/2016,291.539185,283.28857,299.7898,0.18594835,2.94953495,79842.6875,2.61E-05,1370000,0.001720056,-0.000126968,290.559935,0,2.955390534,18.389185,10.13857,26.6398,1.37,37.52,FALSE
5/15/2016,287.314815,279.25293,295.3767,3.43621395,0.61506175,79400.97,6.32E-07,1470000,0.89417445,-9.31E-05,290.10877,0,3.490826158,14.164815,6.10293,22.2267,1.47,37.53,FALSE
5/16/2016,283.17883,278.19116,288.1665,3.81074335,-1.733100315,79525.405,0.000130295,1230000,0.47696599,-0.00010394,286.996335,0,4.186335101,10.02883,5.04116,15.0165,1.23,37.55,FALSE
5/17/2016,281.004155,277.16187,284.84644,1.4443306,-2.03778117,79835.97,0.000636925,1250000,0.74880685,-0.000170656,286.12903,0,2.497727563,7.854155,4.01187,11.69644,1.25,37.56,FALSE
5/18/2016,284.005615,279.30957,288.70166,0.74836094,-2.43668232,80079.5925,0,1680000,0.213159175,-0.000202329,285.43445,0,2.54901252,10.855615,6.15957,15.55166,1.68,37.55,FALSE
5/19/2016,287.671875,281.69165,293.6521,1.122180325,0.0915403,79726.5625,2.86E-05,1120000,0.037803333,-0.000130307,288.07959,0,1.125907771,14.521875,8.54165,20.5021,1.12,37.51,FALSE
5/20/2016,288.44104,283.2229,293.65918,3.1289049,-0.70095254,78728.565,0.000353695,832046.1,0.9872355,-0.000117944,289.1073,0,3.206459159,15.29104,10.0729,20.50918,0.8320461,37.49,FALSE
5/21/2016,277.728025,274.33203,281.12402,0.2725878,-0.032923035,78903.375,0,1710000,0.501995521,-0.0001879,283.108155,0,0.274568816,4.578025,1.18203,7.97402,1.71,37.54,FALSE
5/22/2016,280.06067,275.0835,285.03784,2.1238828,-0.305513075,79459.845,4.26E-06,1440000,0.699882625,-0.000164146,284.6687,3.98E-06,2.145743784,6.91067,1.9335,11.88784,1.44,37.55,FALSE
5/23/2016,282.543825,277.55542,287.53223,1.75371235,0.08496002,79434.4675,1.80E-05,1500000,0.653730365,-0.000146143,285.51062,0,1.755769123,9.393825,4.40542,14.38223,1.5,37.54,FALSE
5/24/2016,284.11792,279.56372,288.67212,0.114602385,-0.201047075,79172.125,0.000731009,1210000,0.59381356,-0.000137852,288.7489,0,0.231416579,10.96792,6.41372,15.52212,1.21,37.55,FALSE
5/25/2016,280.7445,277.0017,284.4873,0.819576675,-0.7584224,79610.4675,0.000234463,1600000,0.801943525,-0.000197554,286.5116,0,1.116651451,7.5945,3.8517,11.3373,1.6,37.58,FALSE
5/26/2016,281.62915,276.9624,286.2959,1.25540495,-1.457311045,79844.69,0.000147434,1690000,0.409373325,-0.000229829,287.18225,0,1.923485656,8.47915,3.8124,13.1459,1.69,37.57,FALSE
5/27/2016,282.446285,277.2268,287.66577,1.93695132,-1.0444555,79778.155,2.92E-05,1680000,0.36162537,-0.000210224,285.99036,0,2.200606214,9.296285,4.0768,14.51577,1.68,37.56,FALSE
5/28/2016,283.7865,276.01245,291.56055,2.036167825,-1.001168175,79642.81,0,1710000,0.074375925,-0.000195854,286.7699,0,2.268990332,10.6365,2.86245,18.41055,1.71,37.57,FALSE
5/29/2016,286.81348,280.09302,293.53394,0.98674815,0.95686103,79871.685,0,1850000,0.558172125,-0.000160398,289.96777,0,1.374501707,13.66348,6.94302,20.38394,1.85,37.58,FALSE
5/30/2016,288.709965,281.97583,295.4441,2.716073,-0.179400745,80014.5625,0,1950000,0.216862892,-0.00012427,291.453005,0,2.721991398,15.559965,8.82583,22.2941,1.95,37.58,FALSE
5/31/2016,289.405395,281.80933,297.00146,0.801911815,-2.9694237,80080.6575,0,1980000,0.097237795,-9.51E-05,292.687985,0,3.075799029,16.255395,8.65933,23.85146,1.98,37.58,FALSE
6/1/2016,290.406615,283.13965,297.67358,0.459432075,-1.15200855,80022.655,0,2000000,0.068479277,-5.10E-05,293.83594,0,1.240242529,17.256615,9.98965,24.52358,2,37.58,FALSE
6/2/2016,293.856325,286.40747,301.30518,2.30212785,0.298346915,80035.875,0,1750000,0.122061642,-4.72E-05,297.383415,0,2.321379659,20.706325,13.25747,28.15518,1.75,37.58,FALSE
6/3/2016,294.31019,287.27808,301.3423,2.015619135,-0.9506407,80370.595,0,1970000,0.543568985,-6.38E-05,296.26648,0,2.228550703,21.16019,14.12808,28.1923,1.97,37.59,FALSE
6/4/2016,294.88098,287.05396,302.708,-0.95250213,-0.4567369,80463.56,0,1950000,0,-4.80E-05,299.31824,0,1.056346962,21.73098,13.90396,29.558,1.95,37.57,FALSE
6/5/2016,296.93628,288.99463,304.87793,-1.1091011,1.9374957,80085.56,1.11E-06,1490000,0.161262425,-3.46E-05,300.477905,0,2.232486246,23.78628,15.84463,31.72793,1.49,37.55,FALSE
6/6/2016,293.165535,285.8567,300.47437,3.6998334,0.42588238,79730.5925,0.000586783,1410000,0.645977235,-6.62E-05,299.15222,0,3.724264087,20.015535,12.7067,27.32437,1.41,37.56,FALSE
6/7/2016,291.89282,285.58862,298.19702,1.75720875,0.53422185,79774.9075,0,1860000,0.52055139,-6.41E-05,298.845705,0,1.836620695,18.74282,12.43862,25.04702,1.86,37.57,FALSE
6/8/2016,295.42383,288.36768,302.47998,2.2646371,-0.56830835,79892.53,0,1660000,0.035198093,-4.07E-05,299.654055,0,2.33485665,22.27383,15.21768,29.32998,1.66,37.57,FALSE
6/9/2016,297.23584,288.99414,305.47754,2.70133115,1.202940385,79701.0325,0,1880000,0.772764355,-3.58E-05,300.68445,0,2.957068743,24.08584,15.84414,32.32754,1.88,37.57,FALSE
6/10/2016,296.49365,289.1245,303.8628,3.160024975,1.288213276,79613.94,0,1030000,0.6947245,-1.89E-05,299.74585,0,3.412513925,23.34365,15.9745,30.7128,1.03,37.57,FALSE
6/11/2016,292.78479,285.20288,300.3667,1.84156206,1.67761755,79718.5925,0.001472438,617632.94,0.99713263,-9.52E-05,296.7207,0,2.491134574,19.63479,12.05288,27.2167,0.61763294,37.59,FALSE
6/12/2016,286.50366,282.50195,290.50537,-0.593811985,-1.290662215,80022.69,0.000241037,1080000,0.7256625,-0.000243971,293.96643,0,1.420711662,13.35366,9.35195,17.35537,1.08,37.58,FALSE
6/13/2016,283.640985,280.1975,287.08447,2.2603107,1.2927847,80165.7825,0,1770000,0.43520152,-0.000317455,289.57739,0,2.603900294,10.490985,7.0475,13.93447,1.77,37.57,FALSE
6/14/2016,288.52942,283.59668,293.46216,3.07795525,-0.21283013,79730.095,0,1410000,0.082230778,-0.00025364,290.068965,0,3.085304715,15.37942,10.44668,20.31216,1.41,37.55,FALSE
6/15/2016,289.51452,282.9182,296.11084,2.75644045,0.39204259,79338.8425,2.45E-05,1280000,0.4856025,-0.000148257,290.67212,0,2.784180552,16.36452,9.7682,22.96084,1.28,37.55,FALSE
6/16/2016,287.45727,278.55664,296.3579,3.6689167,1.9735546,79343.4675,1.10E-06,1550000,0.35422197,-5.52E-05,289.82569,0,4.166037387,14.30727,5.40664,23.2079,1.55,37.59,FALSE
6/17/2016,287.457885,279.1665,295.74927,0.72559692,-0.52408025,79879.405,0,1720000,0.17768386,-3.75E-05,292.84558,0,0.895070388,14.307885,6.0165,22.59927,1.72,37.59,FALSE
6/18/2016,293.55848,286.2339,300.88306,1.45124425,4.0120235,79954.4075,0,1770000,0.37105943,-2.97E-05,296.171015,0,4.26643205,20.40848,13.0839,27.73306,1.77,37.6,FALSE
6/19/2016,291.781,282.2058,301.3562,1.622166615,1.30633825,80352.405,0,2040000,0.423180075,-3.37E-05,297.40954,0,2.082773187,18.631,9.0558,28.2062,2.04,37.61,FALSE
6/20/2016,296.706905,289.00317,304.41064,1.11900322,2.1020717,80351.47,0,1760000,0.015475001,-3.14E-05,299.985355,0,2.38135962,23.556905,15.85317,31.26064,1.76,37.6,FALSE
6/21/2016,297.77845,289.0835,306.4734,3.1233921,0.63051806,80346,0,1980000,0.21139714,-3.16E-05,301.464845,0,3.186397846,24.62845,15.9335,33.3234,1.98,37.6,FALSE
6/22/2016,297.680175,290.0376,305.32275,2.00322025,-0.90905255,80167,0,1980000,0.055296898,-3.17E-05,301.69653,0,2.199833609,24.530175,16.8876,32.17275,1.98,37.59,FALSE
6/23/2016,297.788085,289.81787,305.7583,2.8527136,-0.86137183,80044.8425,0,2070000,0.012558528,-3.09E-05,301.5011,0,2.979922199,24.638085,16.66787,32.6083,2.07,37.59,FALSE
6/24/2016,296.16321,288.09204,304.23438,3.75067408,0.59263068,80075.9375,0,2050000,0,-2.66E-05,300.555295,0,3.79720518,23.01321,14.94204,31.08438,2.05,37.6,FALSE
6/25/2016,291.888185,283.37817,300.3982,2.385179328,-2.21998695,80235.0325,0,2060000,0,-3.22E-05,298.597045,0,3.258438658,18.738185,10.22817,27.2482,2.06,37.6,FALSE
6/26/2016,295.162355,289.19287,301.13184,-0.0189415,-0.20104694,80291.19,0,1970000,0,-3.22E-05,301.400265,0,0.201937249,22.012355,16.04287,27.98184,1.97,37.6,FALSE
6/27/2016,299.114745,291.32202,306.90747,2.137345975,-0.013153315,80301.31,0,1880000,0.13689533,-3.09E-05,302.829715,0,2.137386448,25.964745,18.17202,33.75747,1.88,37.6,FALSE
6/28/2016,299.13769,290.60278,307.6726,2.6431374,0.2196487,80349.905,0,1910000,0.466027905,-3.26E-05,303.24646,0,2.652248266,25.98769,17.45278,34.5226,1.91,37.6,FALSE
6/29/2016,299.27063,291.36084,307.18042,0.98920165,-0.0822797,80271.3425,0,1440000,0.732881475,-2.84E-05,305.40234,0,0.992617677,26.12063,18.21084,34.03042,1.44,37.6,FALSE
6/30/2016,297.574095,290.45337,304.69482,0.932924975,2.3041024,80125.25,0,1740000,0.45555943,-3.36E-05,304.95593,0,2.485807088,24.424095,17.30337,31.54482,1.74,37.59,FALSE
7/1/2016,295.945925,288.76807,303.12378,0.62142138,0.99341817,80002.5925,0.000189439,1050000,0.86297375,-3.88E-05,304.22351,0,1.171769684,22.795925,15.61807,29.97378,1.05,37.6,FALSE
7/2/2016,293.280025,285.9331,300.62695,-0.394543695,2.06133655,80106.53,0.000793036,974299.06,0.994936735,-5.12E-05,301.98572,0,2.098755131,20.130025,12.7831,27.47695,0.97429906,37.61,FALSE
7/3/2016,292.195565,286.04053,298.3506,1.3745656,1.8290491,80197.095,2.79E-05,1920000,0.354088275,-0.000115653,300.352665,0,2.28797972,19.045565,12.89053,25.2006,1.92,37.61,FALSE
7/4/2016,295.47925,289.14795,301.81055,1.99139165,1.5540252,80150.9075,0,1950000,0.23189541,-4.76E-05,300.882935,0,2.52599189,22.32925,15.99795,28.66055,1.95,37.61,FALSE
7/5/2016,295.82654,287.24146,304.41162,2.9596715,0.55826533,79935.905,0,2030000,0.07960126,-2.98E-05,301.7052,0,3.011862475,22.67654,14.09146,31.26162,2.03,37.6,FALSE
7/6/2016,294.65808,286.50464,302.81152,4.2227845,-0.556926695,79807.5925,0,2030000,0,-2.75E-05,301.14905,0,4.259351626,21.50808,13.35464,29.66152,2.03,37.61,FALSE
7/7/2016,293.807615,286.40356,301.21167,3.0481211,0.2286759,79852,0,1950000,0.0226961,-2.82E-05,300.4762,0,3.056686917,20.657615,13.25356,28.06167,1.95,37.61,FALSE
7/8/2016,296.344605,288.12427,304.56494,2.20637271,0.92252243,79824.5625,0,1920000,0.049038768,-2.60E-05,302.35669,0,2.391469876,23.194605,14.97427,31.41494,1.92,37.61,FALSE
7/9/2016,296.42334,289.0083,303.83838,3.1573477,-0.41444592,79981.565,8.17E-07,1760000,0.33951675,-2.40E-05,302.49829,0,3.184432433,23.27334,15.8583,30.68838,1.76,37.61,FALSE
7/10/2016,295.338875,287.45215,303.2256,3.99920655,0.78974105,79752.3425,0,2090000,0.4041519,-1.44E-05,301.83057,0,4.076437655,22.188875,14.30215,30.0756,2.09,37.61,FALSE
7/11/2016,287.554935,278.54517,296.5647,3.601370825,-0.352263185,79913.78,0,2050000,0,-1.95E-05,296.398195,0,3.618557885,14.404935,5.39517,23.4147,2.05,37.62,FALSE
7/12/2016,291.47534,285.46362,297.48706,0.767973825,0.66375176,79821.8125,0,2050000,0,-1.84E-05,299.710695,0,1.01506167,18.32534,12.31362,24.33706,2.05,37.61,FALSE
7/13/2016,293.364255,285.20703,301.52148,2.766112455,0.0004301,80095.53,0,2030000,0,-2.39E-05,299.34326,0,2.766112488,20.214255,12.05703,28.37148,2.03,37.63,FALSE
7/14/2016,296.721065,288.8203,304.62183,2.2088199,-0.527409835,80281.0925,0,2010000,0,-2.75E-05,301.84729,0,2.270913139,23.571065,15.6703,31.47183,2.01,37.63,FALSE
7/15/2016,297.302975,288.2163,306.38965,2.71144195,0.347569,80137.875,0,1860000,0.001986327,-2.33E-05,303.11645,0,2.73362793,24.152975,15.0663,33.23965,1.86,37.62,FALSE
7/16/2016,296.56848,288.71582,304.42114,4.2144394,-0.0898034,79879.7825,0,1980000,0.560347145,-2.50E-05,301.923215,0,4.215396079,23.41848,15.56582,31.27114,1.98,37.62,FALSE
7/17/2016,296.053955,288.34155,303.76636,3.3562498,-0.140752425,79749.655,0,2070000,0.07001403,-2.58E-05,301.771,0,3.3591999,22.903955,15.19155,30.61636,2.07,37.62,FALSE
7/18/2016,297.4624,290.0415,304.8833,2.429275675,1.18449024,79858.4375,0,2020000,0,-2.45E-05,302.23364,0,2.702664876,24.3124,16.8915,31.7333,2.02,37.64,FALSE
7/19/2016,297.3114,289.5952,305.0276,2.14243897,1.45727535,80102.78,0,2020000,0,-2.47E-05,301.722775,0,2.59108012,24.1614,16.4452,31.8776,2.02,37.64,FALSE
7/20/2016,296.68567,288.10327,305.26807,2.12321615,2.27410035,80118.7175,0,2000000,0,-2.65E-05,301.6665,0,3.111202215,23.53567,14.95327,32.11807,2,37.64,FALSE
7/21/2016,297.960205,289.66895,306.25146,1.33602609,1.16709615,80230.47,0,1640000,0.027754065,-2.25E-05,303.441775,0,1.774000884,24.810205,16.51895,33.10146,1.64,37.64,FALSE
7/22/2016,298.14819,289.2749,307.02148,2.0164056,1.352499975,80316.5,0,2000000,0.332942564,-2.50E-05,302.16381,0,2.42799253,24.99819,16.1249,33.87148,2,37.65,FALSE
7/23/2016,297.49487,289.34692,305.64282,2.63103915,-0.80025237,80342.8425,0,2020000,0,-3.74E-05,302.27783,0,2.750049248,24.34487,16.19692,32.49282,2.02,37.64,FALSE
7/24/2016,297.6488,290.135,305.1626,1.637594425,-1.9274284,80140.78,0,2000000,0,-3.57E-05,302.49304,0,2.529168982,24.4988,16.985,32.0126,2,37.63,FALSE
7/25/2016,299.15882,290.5276,307.79004,2.32411195,-0.38128365,80104.75,0,1900000,0.022472639,-2.61E-05,304.07105,0,2.355180158,26.00882,17.3776,34.64004,1.9,37.64,FALSE
7/26/2016,299.02539,290.3042,307.74658,2.32334425,-0.93433045,80155.06,0,1960000,0.09791279,-2.58E-05,304.22937,0,2.504176889,25.87539,17.1542,34.59658,1.96,37.65,FALSE
7/27/2016,299.223385,290.49194,307.95483,2.42398905,-0.913456365,80221.625,0,1940000,0.013575224,-2.75E-05,304.591795,0,2.590390983,26.073385,17.34194,34.80483,1.94,37.66,FALSE
7/28/2016,301.59667,293.7556,309.43774,2.25861595,-0.7221261,80256.25,0,1300000,0.14421302,-2.15E-05,306.03649,0,2.371246953,28.44667,20.6056,36.28774,1.3,37.65,FALSE
7/29/2016,301.770385,294.66357,308.8772,1.51145777,-0.679436875,80173.3125,1.57E-05,1660000,0.58925517,-4.52E-05,306.121835,0,1.657147868,28.620385,21.51357,35.7272,1.66,37.65,FALSE
7/30/2016,299.701665,293.53223,305.8711,1.7799196,0.7319288,80013.9075,1.38E-05,1650000,0.525188745,-3.27E-05,304.8479,0,1.924534632,26.551665,20.38223,32.7211,1.65,37.64,FALSE
7/31/2016,297.96497,291.80054,304.1294,2.8977313,-0.81408445,79911.4675,0,1710000,0.040154161,-2.43E-05,303.93445,0,3.00991365,24.81497,18.65054,30.9794,1.71,37.65,FALSE
8/1/2016,296.86194,288.48608,305.2378,2.2422286,-0.61193705,79977.8125,0,1810000,0.108156205,-2.58E-05,303.72595,0,2.324232357,23.71194,15.33608,32.0878,1.81,37.66,FALSE
8/2/2016,298.87964,291.03662,306.72266,1.50323439,-0.51101065,80168.655,0,1620000,0.138782738,-2.22E-05,304.67346,0,1.587717077,25.72964,17.88662,33.57266,1.62,37.66,FALSE
8/3/2016,298.974115,290.6538,307.29443,2.217272775,-0.58817523,80122.4375,0,1920000,0.190484084,-2.21E-05,304.1604,0,2.293959167,25.824115,17.5038,34.14443,1.92,37.66,FALSE
8/4/2016,296.515995,288.71143,304.32056,0.50481402,-1.6674595,80152.28,0.000360982,1170000,0.258013845,-2.56E-05,302.608645,0,1.742199294,23.365995,15.56143,31.17056,1.17,37.65,FALSE
8/5/2016,295.014895,288.88257,301.14722,0.2658147,2.6581583,79933.845,2.56E-05,1580000,0.678657055,-0.000135928,303.471925,0,2.671415917,21.864895,15.73257,27.99722,1.58,37.64,FALSE
8/6/2016,293.022215,286.5249,299.51953,1.387674343,1.37256815,79799.9075,0,1870000,0.29645081,-0.000114983,299.365965,0,1.951815413,19.872215,13.3749,26.36953,1.87,37.64,FALSE
8/7/2016,295.704105,287.30103,304.10718,2.713665,2.2953339,79630.875,0,1900000,0.005826032,-4.37E-05,299.573,0,3.554227827,22.554105,14.15103,30.95718,1.9,37.65,FALSE
8/8/2016,293.34094,285.2583,301.42358,2.41087193,-0.556447285,79726.6875,0,1890000,0.029986244,-2.43E-05,299.498655,0,2.474254846,20.19094,12.1083,28.27358,1.89,37.65,FALSE
8/9/2016,294.994505,285.83398,304.15503,3.5120678,1.08900758,79577.3125,0,1860000,0,-1.96E-05,300.12304,0,3.677031104,21.844505,12.68398,31.00503,1.86,37.67,FALSE
8/10/2016,293.686275,286.7058,300.66675,1.853979845,-2.154655,79714.97,2.18E-06,1630000,0.11215771,-1.72E-05,300.00293,0,2.842495283,20.536275,13.5558,27.51675,1.63,37.68,FALSE
8/11/2016,293.45837,286.82568,300.09106,2.38188723,-0.929810335,80029.4675,0,1850000,0.249334485,-2.93E-05,299.2677,0,2.556938411,20.30837,13.67568,26.94106,1.85,37.69,FALSE
8/12/2016,295.8667,289.72852,302.00488,0.82630884,-0.522577585,80366.03,0,1840000,0,-3.09E-05,301.22802,0,0.977687901,22.7167,16.57852,28.85488,1.84,37.69,FALSE
8/13/2016,296.95996,290.21387,303.70605,1.08173157,-0.913697315,80388.4675,0,1820000,0,-2.87E-05,302.11267,0,1.415975273,23.80996,17.06387,30.55605,1.82,37.68,FALSE
8/14/2016,296.98377,288.7881,305.17944,0.265867855,-0.39189005,80247.815,0,1620000,0,-2.16E-05,302.64014,0,0.473564703,23.83377,15.6381,32.02944,1.62,37.67,FALSE
8/15/2016,299.16333,290.85156,307.4751,2.8158603,1.04399433,80031.78,0,1610000,0.634453685,-2.54E-05,303.46606,0,3.003163897,26.01333,17.70156,34.3251,1.61,37.68,FALSE
8/16/2016,296.149295,290.01636,302.28223,-0.01155373,-0.618779025,80120.0625,0,1430000,0.038051545,-1.93E-05,301.995,0,0.61888688,22.999295,16.86636,29.13223,1.43,37.68,FALSE
8/17/2016,298.268555,291.62793,304.90918,-1.407352285,1.8859065,80011.78,0,1160000,0.71893295,-1.67E-05,302.93286,0,2.353143383,25.118555,18.47793,31.75918,1.16,37.68,FALSE
8/18/2016,295.681395,287.48877,303.87402,0.38439868,0.82652701,79970.5925,0,1380000,0.192332678,-1.77E-05,301.11279,0,0.911542233,22.531395,14.33877,30.72402,1.38,37.68,FALSE
8/19/2016,297.34314,290.94922,303.73706,0.59792971,-0.64543485,79973.53,0,1710000,0.4042598,-2.20E-05,302.221805,0,0.879832986,24.19314,17.79922,30.58706,1.71,37.68,FALSE
8/20/2016,297.84497,290.87207,304.81787,0.92200058,-2.57671668,80084.405,0,1700000,0.032919288,-2.43E-05,301.69056,0,2.736704938,24.69497,17.72207,31.66787,1.7,37.68,FALSE
8/21/2016,296.699825,289.32715,304.0725,1.0829353,-1.5422354,79972.81,1.36E-07,1520000,0.01997073,-2.10E-05,301.123665,0,1.884473108,23.549825,16.17715,30.9225,1.52,37.68,FALSE
8/22/2016,295.99768,288.0498,303.94556,1.4498119,-0.4401116,79891.185,0,1450000,0.232018301,-2.24E-05,301.546265,0,1.51514117,22.84768,14.8998,30.79556,1.45,37.69,FALSE
8/23/2016,293.6427,286.48022,300.80518,2.86615325,-0.5412097,80102.53,0,1640000,0.55585861,-1.72E-05,300.185055,0,2.916803454,20.4927,13.33022,27.65518,1.64,37.71,FALSE
8/24/2016,293.239385,285.44507,301.0337,3.454772,-1.31227562,80286.095,0,1690000,0.030358088,-1.71E-05,299.01928,0,3.695607782,20.089385,12.29507,27.8837,1.69,37.7,FALSE
8/25/2016,294.191895,287.59302,300.79077,2.125517735,-1.23590724,80136.47,0,1610000,0,-1.89E-05,298.97461,0,2.458717623,21.041895,14.44302,27.64077,1.61,37.69,FALSE
8/26/2016,292.059445,284.53442,299.58447,1.892096165,-0.9762368,79962,0,1580000,0,-2.34E-05,298.2323,0,2.129099854,18.909445,11.38442,26.43447,1.58,37.69,FALSE
8/27/2016,292.171515,284.48633,299.8567,1.355190925,-0.10012335,79982.94,0,1640000,0.102282912,-1.80E-05,297.908075,0,1.358884516,19.021515,11.33633,26.7067,1.64,37.7,FALSE
8/28/2016,293.57959,285.51025,301.64893,1.8912492,-0.3293376,80121.78,0,1580000,0,-1.65E-05,299.79688,0,1.91971008,20.42959,12.36025,28.49893,1.58,37.71,FALSE
8/29/2016,296.51196,290.2871,302.73682,1.09822335,-0.98474175,80422.3125,0,1310000,0.1314888,-2.50E-05,300.832155,0,1.475062995,23.36196,17.1371,29.58682,1.31,37.71,FALSE
8/30/2016,295.479615,286.77905,304.18018,0.36823386,1.35657662,80284,0,1310000,0.376794345,-1.79E-05,301.61182,0,1.405665786,22.329615,13.62905,31.03018,1.31,37.7,FALSE
8/31/2016,296.47425,289.1985,303.75,-0.052303965,3.34448665,80045.5625,0,1180000,0.76396024,-1.55E-05,299.50281,0,3.344895612,23.32425,16.0485,30.6,1.18,37.69,FALSE
9/1/2016,296.440915,288.8081,304.07373,0.430161265,3.37979365,79952,0,1480000,0.263303665,-2.26E-05,300.006225,0,3.407057944,23.290915,15.6581,30.92373,1.48,37.69,FALSE
9/2/2016,295.2948,286.89087,303.69873,2.60902197,1.99870875,79774.0625,0,1450000,0.16251883,-1.65E-05,299.05665,0,3.28661411,22.1448,13.74087,30.54873,1.45,37.69,FALSE
9/3/2016,293.931155,286.49634,301.36597,2.27518178,-0.20907343,79596.5,0,526656.7,0.71656945,-5.75E-06,298.45374,0,2.284767785,20.781155,13.34634,28.21597,0.5266567,37.69,FALSE
9/4/2016,289.30921,283.9485,294.66992,1.88773523,-1.882483055,79289.875,5.37E-05,1490000,0.521011297,-2.36E-05,295.51489,0,2.665949503,16.15921,10.7985,21.51992,1.49,37.69,FALSE
9/5/2016,284.58435,276.71704,292.45166,3.13257865,-1.0768221,79493.5325,0,1520000,0.16228637,-2.65E-05,292.756595,0,3.31249073,11.43435,3.56704,19.30166,1.52,37.72,FALSE
9/6/2016,287.29004,280.66724,293.91284,0.58663872,-0.71532553,79734.9675,0,1490000,0.000662371,-2.37E-05,294.46533,0,0.925113832,14.14004,7.51724,20.76284,1.49,37.72,FALSE
9/7/2016,289.629525,281.0298,298.22925,2.80191203,0.12960595,79928.185,0,1480000,0.004126109,-2.30E-05,294.883065,0,2.804907971,16.479525,7.8798,25.07925,1.48,37.73,FALSE
9/8/2016,292.479125,284.67285,300.2854,1.647257635,-0.206445165,80275.345,0,1440000,0,-1.75E-05,297.10986,0,1.660143766,19.329125,11.52285,27.1354,1.44,37.74,FALSE
9/9/2016,291.615355,282.34814,300.88257,1.934660615,-1.93979505,80368.28,0,1440000,0,-1.50E-05,296.8977,0,2.73965628,18.465355,9.19814,27.73257,1.44,37.74,FALSE
9/10/2016,292.15954,285.2705,299.04858,-0.58279123,-0.91067655,80542.7825,0,1410000,0,-2.01E-05,296.52416,0,1.081192581,19.00954,12.1205,25.89858,1.41,37.73,FALSE
9/11/2016,293.47802,284.4829,302.47314,2.0537734,-0.1018839,80333.5,0,1110000,0.001679067,-1.47E-05,297.946165,0,2.056298983,20.32802,11.3329,29.32314,1.11,37.71,FALSE
9/12/2016,293.21045,286.2871,300.1338,3.6523466,-0.03247632,79748.5625,1.79E-05,634694.1,0.31800228,-9.54E-06,297.06909,0,3.652490985,20.06045,13.1371,26.9838,0.6346941,37.69,FALSE
9/13/2016,289.19995,283.00293,295.39697,0.7886057,-2.0037842,79337.125,0.001057657,1010000,0.78664124,-0.000151506,294.57765,0,2.153381079,16.04995,9.85293,22.24697,1.01,37.7,FALSE
9/14/2016,281.095585,278.27637,283.9148,2.13639165,-0.0156846,79654.3425,3.78E-05,1060000,0.648150885,-0.000187177,288.4923,0,2.136449225,7.945585,5.12637,10.7648,1.06,37.74,FALSE
9/15/2016,282.44945,276.5432,288.3557,1.87086522,-0.04600095,80202.905,0,1320000,0.02405857,-0.000178565,286.68531,0,1.871430672,9.29945,3.3932,15.2057,1.32,37.74,FALSE
9/16/2016,286.504515,280.29126,292.71777,-0.305462705,-0.6733859,80222.5325,0,1300000,0,-0.000147122,288.98291,0,0.739429533,13.354515,7.14126,19.56777,1.3,37.74,FALSE
9/17/2016,287.181885,279.49585,294.86792,0.712735235,-0.31039095,80258.5625,0,1280000,0,-0.000104416,290.545045,0,0.777389257,14.031885,6.34585,21.71792,1.28,37.75,FALSE
9/18/2016,289.94812,282.67334,297.2229,1.75125025,0.41482545,80354.25,0,1270000,0.31208035,-4.26E-05,292.1554,0,1.799710419,16.79812,9.52334,24.0729,1.27,37.75,FALSE
9/19/2016,292.655395,284.14697,301.16382,2.08365452,0.87252559,80278.9675,0,1250000,0,-2.23E-05,294.85498,0,2.258963715,19.505395,10.99697,28.01382,1.25,37.75,FALSE
9/20/2016,293.30029,284.83228,301.7683,2.289665,0.797686475,80220.5325,0,888107.6,0.001679067,-1.27E-05,295.80102,0,2.424638019,20.15029,11.68228,28.6183,0.8881076,37.76,FALSE
9/21/2016,294.399535,287.9187,300.88037,0.86520634,3.30436325,79908.4375,0.000128487,594369.6,0.48412626,-3.45E-05,296.72974,0,3.415757383,21.249535,14.7687,27.73037,0.5943696,37.73,FALSE
9/22/2016,288.28748,283.63916,292.9358,1.84242295,0.127263155,79384.095,0.001644291,752400.06,0.82638255,-0.000203712,294.43506,0,1.846812995,15.13748,10.48916,19.7858,0.75240006,37.7,FALSE
9/23/2016,279.1427,276.06445,282.22095,4.79547465,-1.52861395,79530.5625,0.00032136,1180000,0.682261465,-0.000208784,285.154175,9.38E-05,5.033213459,5.9927,2.91445,9.07095,1.18,37.76,FALSE
9/24/2016,282.30396,279.136,285.47192,3.1187492,-1.50017841,80230.405,1.83E-07,1160000,0.177669495,-0.000192049,285.02637,0,3.460799306,9.15396,5.986,12.32192,1.16,37.79,FALSE
9/25/2016,284.115845,277.76245,290.46924,1.04103355,-2.42106497,80796.4675,0,1130000,0,-0.00016689,285.46936,0,2.635394931,10.965845,4.61245,17.31924,1.13,37.79,FALSE
9/26/2016,285.910035,278.73877,293.0813,-1.55229887,-0.96246297,80870.75,0,1120000,0,-0.000142237,287.12964,0,1.826462907,12.760035,5.58877,19.9313,1.12,37.77,FALSE
9/27/2016,288.047115,279.8601,296.23413,-1.28713853,1.155681,80471.28,0,1100000,0.2019538,-0.000101204,288.921145,0,1.729833567,14.897115,6.7101,23.08413,1.1,37.76,FALSE
9/28/2016,289.387205,279.94604,298.82837,-1.35615992,0.752995925,80185.5,6.28E-06,856536.1,0,-6.00E-05,291.509885,0,1.551184255,16.237205,6.79604,25.67837,0.8565361,37.76,FALSE
9/29/2016,291.386725,285.57495,297.1985,-1.47981,2.8827882,80227.75,6.81E-05,864856.06,0.474799215,-4.50E-05,292.3031,0,3.24041748,18.236725,12.42495,24.0485,0.86485606,37.78,FALSE
9/30/2016,289.557255,283.19556,295.91895,0.61177504,2.7098284,80335.81,0,917545.7,0.268632913,-4.31E-05,291.796875,0,2.778027836,16.407255,10.04556,22.76895,0.9175457,37.77,FALSE
10/1/2016,291.6991,285.12305,298.27515,0.63203733,3.5615086,79914.94,5.72E-06,781755.75,0.3506712,-2.70E-05,292.434815,0,3.617155608,18.5491,11.97305,25.12515,0.78175575,37.76,FALSE
10/2/2016,288.24793,282.0652,294.43066,1.5546551,0.73222651,79664.7175,1.18E-05,810933.25,0.228031725,-1.79E-05,290.933105,0,1.718460981,15.09793,8.9152,21.28066,0.81093325,37.74,FALSE
10/3/2016,283.04835,274.542,291.5547,4.5509705,0.577656124,79150.5,1.68E-05,953491.8,0.65320066,-9.23E-06,288.42383,1.53E-05,4.587485051,9.89835,1.392,18.4047,0.9534918,37.77,FALSE
10/4/2016,277.5177,272.13843,282.89697,2.57805445,-0.07255935,79564.5925,0,1010000,0.20370379,-8.64E-06,284.167605,0,2.579075339,4.3677,-1.01157,9.74697,1.01,37.77,FALSE
10/5/2016,278.627075,272.06372,285.19043,2.77138705,-0.15849065,79543.625,0,919277.2,0.003221683,-6.57E-06,284.19861,0,2.775915249,5.477075,-1.08628,12.04043,0.9192772,37.79,FALSE
10/6/2016,277.85255,271.4651,284.24,2.69722265,-0.74883505,79919.28,0,962601.1,0.133579619,-1.21E-05,283.11634,0,2.799243461,4.70255,-1.6849,11.09,0.9626011,37.8,FALSE
10/7/2016,279.980225,272.81592,287.14453,-0.221460413,1.16617815,80232.4375,0,934638.5,0.204247043,-1.40E-05,285.925785,0,1.187019879,6.830225,-0.33408,13.99453,0.9346385,37.8,FALSE
10/8/2016,284.532835,276.2937,292.77197,-0.66721557,0.37216782,80268.03,0,922356.5,0.22772187,-1.73E-05,288.18006,0,0.76399313,11.382835,3.1437,19.62197,0.9223565,37.79,FALSE
10/9/2016,286.93152,278.27002,295.59302,-0.120765258,2.017993,80174,0,901697.56,0.004978448,-1.60E-05,288.991085,0,2.021603323,13.78152,5.12002,22.44302,0.90169756,37.79,FALSE
10/10/2016,288.83972,280.92627,296.75317,1.20683515,2.16050005,80053.69,0,570751.3,0.4674382,-1.01E-05,290.29395,0,2.474714437,15.68972,7.77627,23.60317,0.5707513,37.79,FALSE
10/11/2016,286.627315,279.1975,294.05713,2.1946616,0.590416015,79897.75,0,875288.25,0.438539002,-9.83E-06,288.20606,0,2.27269237,13.477315,6.0475,20.90713,0.87528825,37.8,FALSE
10/12/2016,285.438485,278.2339,292.64307,1.44933163,-0.5585446,80116.3125,0,700517.9,0.451832115,-3.49E-05,287.542605,0,1.55323348,12.288485,5.0839,19.49307,0.7005179,37.81,FALSE
10/13/2016,285.136715,276.67163,293.6018,0.357130195,0.976738653,80050.655,0,595915.7,0.094456225,-2.09E-05,287.759035,0,1.039980948,11.986715,3.52163,20.4518,0.5959157,37.8,FALSE
10/14/2016,291.497075,288.17725,294.8169,1.556619295,4.20541335,79679.0325,1.14E-05,211369.06,0.9914816,-6.83E-06,290.400275,0,4.484257472,18.347075,15.02725,21.6669,0.21136906,37.79,FALSE
10/15/2016,286.888185,282.6333,291.14307,3.29135315,0.496962845,79500.4375,0,645914,0.55039227,-7.12E-06,288.74231,0,3.328660035,13.738185,9.4833,17.99307,0.645914,37.78,FALSE
10/16/2016,288.90808,284.16748,293.64868,3.34635445,3.5211167,79145.625,0.000293063,168493.94,0.527948685,-1.15E-05,290.0835,0,4.85760753,15.75808,11.01748,20.49868,0.16849394,37.77,FALSE
10/17/2016,281.98743,278.15576,285.8191,2.1852622,-0.22028935,79058.095,0.000907016,593855.1,0.83400245,-0.000102,287.2107,0,2.19633747,8.83743,5.00576,12.6691,0.5938551,37.81,FALSE
10/18/2016,277.62073,271.44946,283.792,1.66123115,-0.3211551,79719.845,0,614656.06,0.229964054,-5.81E-05,282.033085,0,1.691989814,4.47073,-1.70054,10.642,0.61465606,37.83,FALSE
10/19/2016,276.56433,270.69946,282.4292,1.91096,-2.0326509,80368.4675,0,708491.94,0.390036225,-5.48E-05,280.062,0,2.789881324,3.41433,-2.45054,9.2792,0.70849194,37.85,FALSE
10/20/2016,278.32337,271.52954,285.1172,-1.39155605,0.17519372,80722.565,0,723442.9,0.008043699,-5.24E-05,281.55627,0,1.402540937,5.17337,-1.62046,11.9672,0.7234429,37.83,FALSE
10/21/2016,284.052375,275.1277,292.97705,-0.31087664,0.957709725,80314.03,0,704615.06,0.000531764,-4.70E-05,283.989015,0,1.006902281,10.902375,1.9777,19.82705,0.70461506,37.8,FALSE
10/22/2016,286.72645,277.9629,295.49,1.03506533,1.37737415,79770.845,0,658269,0.129243285,-2.62E-05,285.85278,0,1.722939287,13.57645,4.8129,22.34,0.658269,37.8,FALSE
10/23/2016,287.27514,279.7163,294.83398,1.10823888,1.7845149,79776.3425,0,604588.44,0.8804859,-6.08E-06,286.77478,0,2.100639627,14.12514,6.5663,21.68398,0.60458844,37.81,FALSE
10/24/2016,289.423335,284.30127,294.5454,-0.66506275,4.9667855,79884.7825,7.41E-06,481036.8,0.8256381,-1.23E-05,288.59704,0,5.011114314,16.273335,11.15127,21.3954,0.4810368,37.81,FALSE
10/25/2016,284.830815,281.1172,288.54443,0.29295895,4.0284972,79871.25,4.94E-06,355783.38,0.57210509,-1.85E-06,285.927245,0,4.039135382,11.680815,7.9672,15.39443,0.35578338,37.83,FALSE
10/26/2016,285.418585,279.07227,291.7649,0.4417519,2.13642835,80215.25,0,609172.56,0.82450087,-3.21E-06,286.5857,0,2.181621149,12.268585,5.92227,18.6149,0.60917256,37.83,FALSE
10/27/2016,287.949215,281.08203,294.8164,-0.382732165,3.5764027,80090.3425,2.10E-05,482949.94,0.212620523,-2.36E-06,287.793085,0,3.596823624,14.799215,7.93203,21.6664,0.48294994,37.82,FALSE
10/28/2016,288.24951,283.31274,293.18628,0.58531785,1.57958762,79726.405,0.000538371,194583.06,0.92999615,-6.50E-05,289.264405,0,1.684545646,15.09951,10.16274,20.03628,0.19458306,37.81,FALSE
10/29/2016,281.2063,278.20288,284.20972,0.66582685,2.27255965,79740.9075,0,553800.25,0.35686696,-9.36E-05,283.61829,0,2.36809053,8.0563,5.05288,11.05972,0.55380025,37.82,FALSE
10/30/2016,287.7666,285.49487,290.03833,-0.56424484,3.77243805,79759.25,0.000157633,345831.7,0.58458739,-6.97E-05,285.12134,0,3.814401799,14.6166,12.34487,16.88833,0.3458317,37.8,FALSE
10/31/2016,280.757075,275.15845,286.3557,0.673865372,3.464266475,79452.125,0,525942.9,0.381013553,-8.29E-05,282.630365,0,3.529197749,7.607075,2.00845,13.2057,0.5259429,37.82,FALSE
11/1/2016,280.498535,275.59082,285.40625,0.324486275,0.522938425,79499.0925,1.72E-05,526351.2,0.79445783,-6.52E-05,281.78101,0,0.615431506,7.348535,2.44082,12.25625,0.5263512,37.84,FALSE
11/2/2016,275.3739,270.1411,280.6067,0.5521201,-0.95341215,80145.1575,0,539024.7,0.124667021,-5.80E-05,278.9823,0,1.101740138,2.2239,-3.0089,7.4567,0.5390247,37.87,FALSE
11/3/2016,277.481565,270.76855,284.19458,-1.1981001,0.832341705,80654.44,0,528622.06,8.28E-05,-6.26E-05,279.2406,0,1.458847683,4.331565,-2.38145,11.04458,0.52862206,37.86,FALSE
11/4/2016,281.33081,273.86157,288.80005,-1.11086368,1.3048854,80614.78,0,500356.62,0,-4.86E-05,280.27075,0,1.713693095,8.18081,0.71157,15.65005,0.50035662,37.85,FALSE
11/5/2016,282.724,274.83887,290.60913,-0.51284815,0.82971453,80441.1875,0,496164.94,0.01886428,-4.92E-05,281.9463,0,0.975417565,9.574,1.68887,17.45913,0.49616494,37.84,FALSE
11/6/2016,283.818965,276.15723,291.4807,0.746316985,1.435253375,79995.8425,0,464029.2,0.40145425,-3.01E-05,282.52527,0,1.617696292,10.668965,3.00723,18.3307,0.4640292,37.84,FALSE
11/7/2016,283.44726,277.06982,289.8247,0.700951765,-0.17089245,80268.7175,0,454612.62,0.89573513,-1.80E-05,282.68457,0,0.721482922,10.29726,3.91982,16.6747,0.45461262,37.87,FALSE
11/8/2016,283.47509,275.5869,291.36328,-1.4627499,1.01922493,80696.5625,0,456385.2,0.091542455,-1.63E-05,283.783445,0,1.782822685,10.32509,2.4369,18.21328,0.4563852,37.87,FALSE
11/9/2016,284.42248,275.29346,293.5515,-1.19452263,1.71841765,80658.03,0,446699.38,0,-1.41E-05,284.312745,0,2.092807572,11.27248,2.14346,20.4015,0.44669938,37.86,FALSE
11/10/2016,283.5996,274.8811,292.3181,-0.74058296,0.4852933,80540.3425,0,440366.3,0,-1.30E-05,284.48925,0,0.885422333,10.4496,1.7311,19.1681,0.4403663,37.86,FALSE
11/11/2016,283.077145,274.36987,291.78442,-1.04429766,1.1759695,80465.625,0,434128.3,0,-1.11E-05,284.005125,0,1.572724346,9.927145,1.21987,18.63442,0.4341283,37.86,FALSE
11/12/2016,284.248905,277.00806,291.48975,-0.07393374,2.25145385,80295.815,0,419705.44,0.498410525,-6.29E-06,283.99597,0,2.252667449,11.098905,3.85806,18.33975,0.41970544,37.86,FALSE
11/13/2016,281.50354,273.12085,289.88623,0.93929049,0.58452242,80389.9375,0,317782.38,0.000457488,-2.57E-06,282.521605,0,1.106315093,8.35354,-0.02915,16.73623,0.31778238,37.87,FALSE
11/14/2016,281.92163,273.2251,290.61816,0.82721055,1.157657108,80510.2175,0,406120.56,0.5702809,-3.34E-06,282.80554,0,1.422830725,8.77163,0.0751,17.46816,0.40612056,37.87,FALSE
11/15/2016,283.978515,274.80908,293.14795,-0.045048895,1.8035902,80284.9675,0,409430.2,0.24705282,-3.35E-06,283.71411,0,1.804152713,10.828515,1.65908,19.99795,0.4094302,37.84,FALSE
11/16/2016,285.633665,278.45605,292.81128,1.1325903,1.327328562,79424.095,0.000174664,158665.94,0.62134221,-4.29E-06,284.04748,0.000167745,1.744867301,12.483665,5.30605,19.66128,0.15866594,37.82,FALSE
11/17/2016,270.409425,266.23682,274.58203,3.3301225,-0.85894237,79356.2825,0,357550.75,0.470006964,-6.38E-07,275.89283,0,3.439112947,-2.740575,-6.91318,1.43203,0.35755075,37.87,FALSE
11/18/2016,269.299925,264.32788,274.27197,-1.07797185,-0.35475995,80057.875,0,336511.56,0.04072562,-7.11E-06,274.733515,0,1.134847096,-3.850075,-8.82212,1.12197,0.33651156,37.87,FALSE
11/19/2016,277.4967,274.5996,280.3938,-1.6231222,2.99781705,79889.9375,0,330655.7,0.18331158,-1.24E-05,276.77014,0,3.409022256,4.3467,1.4496,7.2438,0.3306557,37.86,FALSE
11/20/2016,280.26562,275.7976,284.73364,-1.318323675,3.96226175,79674.7825,0,335980.8,0.11627847,-7.18E-06,278.94019,0,4.175822732,7.11562,2.6476,11.58364,0.3359808,37.85,FALSE
11/21/2016,280.197755,275.74658,284.64893,-0.3409608,2.76408782,79285.625,0.001123824,147164.88,0.606944315,-6.75E-06,281.172485,0.000838597,2.785037835,7.047755,2.59658,11.49893,0.14716488,37.84,FALSE
11/22/2016,273.593265,272.1858,275.00073,1.807589575,-0.66789619,79709.5625,1.90E-06,180674.69,0.733803385,-3.35E-06,278.0575,1.43E-06,1.927035389,0.443265,-0.9642,1.85073,0.18067469,37.88,FALSE
11/23/2016,273.239625,269.85767,276.62158,-0.57357693,2.59394885,79797.6575,1.98E-05,164865.19,0.283473106,-2.81E-06,277.5857,1.98E-05,2.656607071,0.089625,-3.29233,3.47158,0.16486519,37.88,FALSE
11/24/2016,267.49585,263.0901,271.9016,1.37382958,0.868467785,80298.97,0,192920.88,0.08338091,-6.50E-07,274.5686,0,1.625313511,-5.65415,-10.0599,-1.2484,0.19292088,37.89,FALSE
11/25/2016,269.35193,264.00708,274.69678,-1.4225745,2.52387855,80216.095,0,131395.25,0.38523602,-2.05E-05,274.161985,0,2.897185038,-3.79807,-9.14292,1.54678,0.13139525,37.87,FALSE
11/26/2016,272.374635,268.55762,276.19165,-1.2742629,3.2182088,79793.1875,0,203178.62,0.696485285,-2.77E-05,275.39099,0,3.46130233,-0.775365,-4.59238,3.04165,0.20317862,37.83,FALSE
11/27/2016,273.95972,269.19214,278.7273,0.345984,2.7363653,78626,0.000246245,115602.625,0.540354345,-7.55E-06,276.316895,0.000246154,2.758151552,0.80972,-3.95786,5.5773,0.115602625,37.84,FALSE
11/28/2016,270.937865,270.42676,271.44897,2.609951,1.075398665,78985.6575,0.000727779,76958.44,0.8423037,-4.66E-06,276.29016,0.000725136,2.822822437,-2.212135,-2.72324,-1.70103,0.07695844,37.84,FALSE
11/29/2016,267.10657,263.07422,271.13892,3.10733365,-1.7969167,79336.625,3.46E-05,84186.31,0.46830528,3.40E-06,275.785645,3.51E-05,3.589489106,-6.04343,-10.07578,-2.01108,0.08418631,37.89,FALSE
11/30/2016,265.02942,260.02686,270.03198,0.546641743,1.05438607,79797.2175,5.08E-05,47230.285,0.89729425,-3.37E-06,275.635375,5.08E-05,1.187664591,-8.12058,-13.12314,-3.11802,0.047230285,37.88,FALSE
12/1/2016,270.96509,269.51123,272.41895,0.9985565,0.125707745,79613.375,2.45E-05,81728.125,0.981194735,2.79E-06,275.79174,2.44E-05,1.006438036,-2.18491,-3.63877,-0.73105,0.081728125,37.89,FALSE
12/2/2016,265.1991,263.1809,267.2173,0.86337493,-2.20901965,79842.125,1.95E-05,67330.125,0.60033942,4.38E-06,275.808225,1.96E-05,2.371747053,-7.9509,-9.9691,-5.9327,0.067330125,37.91,FALSE
12/3/2016,262.233885,259.8291,264.63867,0.66699984,0.0941658,80227.155,9.78E-07,91651.75,0.906224,2.38E-06,275.49951,8.70E-07,0.673614121,-10.916115,-13.3209,-8.51133,0.09165175,37.9,FALSE
12/4/2016,265.958135,262.167,269.74927,0.9812466,1.45537047,80184.8125,0,79928.25,0.145483495,-1.14E-06,274.9475,0,1.75526297,-7.191865,-10.983,-3.40073,0.07992825,37.87,FALSE
12/5/2016,273.191405,270.85498,275.52783,3.0779791,1.28409086,79496.875,5.80E-06,84829.31,0.70044182,1.17E-05,275.1687,5.85E-06,3.335092904,0.041405,-2.29502,2.37783,0.08482931,37.86,FALSE
12/6/2016,266.35437,261.63037,271.07837,0.674504515,1.082952615,79225.47,5.79E-05,92443.875,0.76384723,3.72E-06,275.296145,5.73E-05,1.275830203,-6.79563,-11.51963,-2.07163,0.092443875,37.86,FALSE
12/7/2016,264.47632,261.4563,267.49634,1.66354015,-0.4356368,79418.4075,1.06E-05,100982.625,0.86662695,1.02E-06,274.87146,1.03E-05,1.719635209,-8.67368,-11.6937,-5.65366,0.100982625,37.91,FALSE
12/8/2016,265.02979,265.0044,265.05518,-1.32636495,0.90249206,79876.94,0.000261661,45868.8,0.638629985,-1.53E-05,274.7312,0.000228842,1.604286726,-8.12021,-8.1456,-8.09482,0.0458688,37.9,FALSE
12/9/2016,270.65479,267.49854,273.81104,0.15618837,2.8620658,79978.3125,0,81776,0.99720005,5.40E-06,275.526855,0,2.86632438,-2.49521,-5.65146,0.66104,0.081776,37.91,FALSE
12/10/2016,274.717525,274.27515,275.1599,0.066499115,3.3819971,79797.9675,0.000256827,51695.605,0.983302625,-4.51E-07,275.959715,0,3.382650812,1.567525,1.12515,2.0099,0.051695605,37.88,FALSE
12/11/2016,275.790895,274.32886,277.25293,2.12604475,0.2519096,79597.8425,1.63E-05,89406.19,0.71633303,5.10E-06,276.62513,5.96E-08,2.140916796,2.640895,1.17886,4.10293,0.08940619,37.89,FALSE
12/12/2016,271.74804,268.9912,274.50488,1.78879165,2.0906124,79687.6575,0,163253.25,0.979773075,-1.59E-06,276.329955,0,2.75144249,-1.40196,-4.1588,1.35488,0.16325325,37.9,FALSE
12/13/2016,270.747565,264.27393,277.2212,0.631712435,1.00947509,79815.6575,0.000283991,63557.168,0.458463334,-1.10E-05,275.27002,0.000283896,1.190840274,-2.402435,-8.87607,4.0712,0.063557168,37.91,FALSE
12/14/2016,274.81054,274.11548,275.5056,0.80582747,1.9180369,79767.9075,2.00E-05,127134.94,0.9673882,-5.26E-06,275.668085,0,2.080438286,1.66054,0.96548,2.3556,0.12713494,37.9,FALSE
12/15/2016,275.963865,274.98633,276.9414,-0.00419241,3.5475536,79421.9075,5.70E-06,65580,0.9983209,-1.36E-05,276.17505,0,3.547556077,2.813865,1.83633,3.7914,0.06558,37.87,FALSE
12/16/2016,278.45117,276.52368,280.37866,0.34022403,4.23117835,78513.72,0.000249998,137352.69,0.9922285,-1.46E-05,276.97375,6.82E-05,4.244834817,5.30117,3.37368,7.22866,0.13735269,37.85,FALSE
12/17/2016,265.14515,259.9336,270.3567,2.56240275,-0.412078125,78916.4075,3.44E-06,177926.12,0.626852725,-2.68E-06,273.276125,3.54E-06,2.595325844,-8.00485,-13.2164,-2.7933,0.17792612,37.93,FALSE
12/18/2016,260.501465,257.99316,263.00977,0.728491825,-0.051145315,80018.595,0,177290.25,0.27043897,-8.61E-07,269.377325,1.14E-07,0.730285001,-12.648535,-15.15684,-10.14023,0.17729025,37.95,FALSE
12/19/2016,261.088745,257.91724,264.26025,-0.9324117,0.05856945,80619.875,0,178054.69,0.02282599,-2.52E-06,268.355715,0,0.934249409,-12.061255,-15.23276,-8.88975,0.17805469,37.94,FALSE
12/20/2016,271.47595,267.89575,275.05615,-0.149723885,1.46716785,80656.655,0,180995.75,0.481543688,-5.47E-06,270.224365,0,1.474787694,-1.67405,-5.25425,1.90615,0.18099575,37.93,FALSE
12/21/2016,273.587405,270.64087,276.53394,0.975497635,0.3317342,80359.5625,9.50E-05,97442.81,0.9850006,-5.96E-06,272.38904,9.52E-05,1.030360721,0.437405,-2.50913,3.38394,0.09744281,37.92,FALSE
12/22/2016,271.505495,269.57227,273.43872,-1.10669345,0.0649415,80091.345,3.32E-06,149922.88,0.9752124,-1.07E-06,272.717655,3.48E-06,1.108597218,-1.644505,-3.57773,0.28872,0.14992288,37.89,FALSE
12/23/2016,267.48559,264.93628,270.0349,0.0224924,1.238513955,79390.625,1.19E-05,128307.31,0.605578125,-1.16E-05,271.84326,1.19E-05,1.238718178,-5.66441,-8.21372,-3.1151,0.12830731,37.87,FALSE
12/24/2016,273.825565,272.92163,274.7295,0.60068485,2.9984971,78537.685,0.001063705,52962.652,0.74453905,-6.21E-06,273.121215,0.001062891,3.058072456,0.675565,-0.22837,1.5795,0.052962652,37.84,FALSE
12/25/2016,266.5216,263.208,269.8352,2.2286763,-1.18220372,78577.1875,3.24E-05,84809.06,0.99057853,3.21E-06,273.009155,3.27E-05,2.522816618,-6.6284,-9.942,-3.3148,0.08480906,37.91,FALSE
12/26/2016,255.388365,248.16638,262.61035,0.51837338,1.0976256,79733.5325,1.96E-06,110606.19,0.499359935,2.49E-06,272.684205,1.90E-06,1.213875166,-17.761635,-24.98362,-10.53965,0.11060619,37.95,FALSE
12/27/2016,257.321955,255.48473,259.15918,-0.715198525,1.8009472,80391.315,0,84767.56,0.55439773,-1.33E-06,272.210815,0,1.93776153,-15.828045,-17.66527,-13.99082,0.08476756,37.94,FALSE
12/28/2016,265.557495,261.82983,269.28516,1.1661929,2.4110417,80229.125,0,114289.125,0.464610598,2.75E-06,272.140015,0,2.678269583,-7.592505,-11.32017,-3.86484,0.114289125,37.95,FALSE
12/29/2016,265.728515,259.05347,272.40356,-0.574851155,1.277332,80674.5625,0,120618.81,0.288433233,2.73E-06,272.282715,0,1.40072513,-7.421485,-14.09653,-0.74644,0.12061881,37.95,FALSE
12/30/2016,266.60485,262.2517,270.958,-0.44763046,1.7098017,80281.625,0,129389.31,0.18530233,1.32E-06,272.206545,0,1.767426061,-6.54515,-10.8983,-2.192,0.12938931,37.9,FALSE
12/31/2016,267.099365,262.77148,271.42725,-0.273043545,0.99516282,79375.3425,0,132176.88,0.077054833,1.32E-06,272.2102,0,1.031940801,-6.050635,-10.37852,-1.72275,0.13217688,37.89,FALSE
1/1/2017,265.27331,260.0515,270.49512,1.00193375,1.78944825,79007.69,0,144617.38,0.000914977,3.49E-06,272.368655,0,2.050852574,-7.87669,-13.0985,-2.65488,0.14461738,37.86,FALSE
1/2/2017,263.98828,259.25073,268.72583,0.47712906,2.0123506,78472.94,2.64E-05,124331.25,0.299628768,1.91E-06,272.4342,2.62E-05,2.068140971,-9.16172,-13.89927,-4.42417,0.12433125,37.9,FALSE
1/3/2017,265.145875,260.94678,269.34497,0.383650615,2.20602035,79255.5,1.21E-05,129350.44,0.681274115,5.10E-06,272.508545,1.21E-05,2.239132327,-8.004125,-12.20322,-3.80503,0.12935044,37.93,FALSE
1/4/2017,271.806885,270.45923,273.15454,-0.435792329,3.49535795,79213.875,0.001248317,57962.547,0.97989897,-5.07E-06,272.929815,0.001108951,3.522419928,-1.343115,-2.69077,0.00454,0.057962547,37.9,FALSE
1/5/2017,270.6875,265.81323,275.56177,0.7374082,1.800619,78939.5625,0.000442234,73980.94,0.96722643,-7.08E-06,273.355715,0.000442402,1.945764538,-2.4625,-7.33677,2.41177,0.07398094,37.91,FALSE
1/6/2017,258.436895,251.56227,265.31152,0.693825363,-0.53612855,79407.6875,5.54E-06,106931.94,0.9265578,3.20E-06,273.4552,5.41E-06,0.876828065,-14.713105,-21.58773,-7.83848,0.10693194,37.95,FALSE
1/7/2017,257.27079,255.10115,259.44043,-1.30884745,1.52461765,79754.5325,6.94E-06,81736.125,0.649614185,-6.45E-06,273.095575,6.88E-06,2.009363239,-15.87921,-18.04885,-13.70957,0.081736125,37.94,FALSE
1/8/2017,270.27198,268.92676,271.6172,-1.3734574,3.18652815,79862.875,0.000411613,71650.125,0.98298835,-1.65E-06,273.315065,0.000182086,3.469920299,-2.87802,-4.22324,-1.5328,0.071650125,37.93,FALSE
1/9/2017,276.433465,276.0244,276.84253,-0.1315303,4.72460795,79439.5625,0.001145635,147661,0.9764983,-6.63E-06,273.85303,0.00018793,4.726438458,3.283465,2.8744,3.69253,0.147661,37.91,FALSE
1/10/2017,274.031495,273.62476,274.43823,3.7004418,2.4994378,79205.375,5.56E-05,97081.5,0.530938354,-2.55E-05,274.35291,5.55E-05,4.465474088,0.881495,0.47476,1.28823,0.0970815,37.9,FALSE
1/11/2017,274.14428,272.3308,275.95776,2.16480685,2.98103,78669.53,0.000929276,122313.125,0.97726115,-2.26E-06,274.619265,0.000904424,3.684145567,0.99428,-0.8192,2.80776,0.122313125,37.9,FALSE
1/12/2017,270.93567,268.49414,273.3772,1.12496835,0.698749348,79011.28,0.00044763,104210.31,0.62827468,1.61E-06,274.657225,0.000447821,1.324312818,-2.21433,-4.65586,0.2272,0.10421031,37.93,FALSE
1/13/2017,267.99744,267.39185,268.60303,-1.4755282,0.136859535,79428.1575,1.29E-05,87063.81,0.503647625,1.91E-06,274.594485,1.30E-05,1.481861667,-5.15256,-5.75815,-4.54697,0.08706381,37.97,FALSE
1/14/2017,268.09924,267.95483,268.24365,-0.9476067,-0.075956824,80299.8425,1.33E-05,99836.56,0.996085315,-3.84E-06,274.698245,1.35E-05,0.950646042,-5.05076,-5.19517,-4.90635,0.09983656,37.96,FALSE
1/15/2017,267.66309,266.2317,269.09448,-0.613090513,-0.09418022,80032.5325,8.69E-06,125008.56,0.9549196,5.61E-07,274.77221,8.75E-06,0.620282106,-5.48691,-6.9183,-4.05552,0.12500856,37.94,FALSE
1/16/2017,262.97242,259.9673,265.97754,0.80921647,-0.265017535,79932.7175,3.22E-06,135262.62,0.8805637,2.24E-06,274.57263,3.36E-06,0.851507833,-10.17758,-13.1827,-7.17246,0.13526262,37.96,FALSE
1/17/2017,259.45802,255.81644,263.0996,-0.04637885,0.447632045,80088.28,9.78E-07,171035.19,0.87127265,1.57E-06,274.190555,8.79E-07,0.450028272,-13.69198,-17.33356,-10.0504,0.17103519,37.94,FALSE
1/18/2017,263.323975,261.36987,265.27808,-0.36247644,1.96070005,79855.7825,1.48E-05,76992.625,0.39955276,-1.06E-05,273.899415,1.49E-05,1.993924235,-9.826025,-11.78013,-7.87192,0.076992625,37.92,FALSE
1/19/2017,271.41687,271.09717,271.73657,-0.3378889,3.08368205,79030.375,0.000288675,135164.31,0.87366852,1.53E-06,274.002565,0.000288817,3.1021386,-1.73313,-2.05283,-1.41343,0.13516431,37.89,FALSE
1/20/2017,270.21533,266.34253,274.08813,-0.53552158,1.39101265,78504.625,0.000140329,83175.75,0.93978241,8.00E-07,274.322025,0.000140175,1.490536667,-2.93467,-6.80747,0.93813,0.08317575,37.85,FALSE
1/21/2017,269.057865,266.21143,271.9043,0.2793064,1.74641707,77602.6575,0.000183534,132127.69,0.97157055,3.00E-06,274.340825,0.000183734,1.768610937,-4.092135,-6.93857,-1.2457,0.13212769,37.91,FALSE
1/22/2017,270.00379,268.2837,271.72388,-0.3515358,2.9416437,78995.6875,0.000947907,78079.69,0.567405375,-1.11E-05,274.30078,0.000947511,2.962574063,-3.14621,-4.8663,-1.42612,0.07807969,37.91,FALSE
1/23/2017,271.41906,270.3745,272.46362,1.0973997,2.138875951,78347.2175,0.001779348,103382.06,0.96506968,9.11E-07,274.54944,0.001779084,2.403970973,-1.73094,-2.7755,-0.68638,0.10338206,37.89,FALSE
1/24/2017,264.174675,259.2412,269.10815,1.89806985,0.50025306,78710.8125,0.000102337,88342.375,0.78128585,1.71E-06,274.67602,0.000102198,1.962886212,-8.975325,-13.9088,-4.04185,0.088342375,37.94,FALSE
1/25/2017,263.73938,263.43506,264.0437,2.0704288,0.37985706,79468.69,3.11E-05,124671.5,0.860633215,1.02E-06,274.45887,3.13E-05,2.104986176,-9.41062,-9.71494,-9.1063,0.1246715,37.97,FALSE
1/26/2017,262.188355,259.16553,265.21118,1.028345,0.818285383,80065.97,3.62E-05,126916.81,0.67798561,1.48E-06,274.37158,3.61E-05,1.314185834,-10.961645,-13.98447,-7.93882,0.12691681,37.98,FALSE
1/27/2017,263.1184,260.458,265.7788,1.14463395,-0.56193847,80665.8425,1.05E-05,114559.375,0.61423327,1.51E-06,274.20227,1.04E-05,1.275132042,-10.0316,-12.692,-7.3712,0.114559375,37.99,FALSE
1/28/2017,260.14429,256.95215,263.33643,-0.279476545,0.0917223,81366.75,9.78E-07,171086.44,0.8963728,1.26E-06,274.169925,6.54E-07,0.294143026,-13.00571,-16.19785,-9.81357,0.17108644,37.98,FALSE
1/29/2017,264.979245,262.07275,267.88574,-0.098820775,0.8291301,81288.4675,0,174889.56,0.006095048,5.17E-07,274.0088,0,0.834998364,-8.170755,-11.07725,-5.26426,0.17488956,37.96,FALSE
1/30/2017,267.01783,264.15796,269.8777,-0.37023196,1.086590415,80798.125,0,190307.19,0.571228615,4.92E-07,273.852775,0,1.147933114,-6.13217,-8.99204,-3.2723,0.19030719,37.93,FALSE
1/31/2017,268.61206,264.55127,272.67285,0.716212115,1.9279656,80281.8425,0,140080.25,0.30779011,-1.98E-06,273.77331,0,2.05669909,-4.53794,-8.59873,-0.47715,0.14008025,37.91,FALSE
2/1/2017,269.97876,266.93262,273.0249,0.576265425,1.9435,79885.72,0,219505.94,0.9636689,-3.76E-06,273.762085,0,2.027134453,-3.17124,-6.21738,-0.1251,0.21950594,37.91,FALSE
2/2/2017,272.22925,271.20508,273.25342,-0.104903675,2.19032525,79658.625,2.15E-05,176837.31,0.53327331,-2.35E-07,273.89233,2.15E-05,2.192835945,-0.92075,-1.94492,0.10342,0.17683731,37.91,FALSE
2/3/2017,272.49072,269.4475,275.53394,-0.83400678,2.1026707,79634.75,6.82E-06,203719.56,0.836372345,2.63E-06,274.0907,5.26E-07,2.262032578,-0.65928,-3.7025,2.38394,0.20371956,37.9,FALSE
2/4/2017,274.984985,271.50195,278.46802,0.00167668,3.2574898,79378.81,3.40E-06,180393.44,0.156423836,4.99E-06,274.31445,0,3.257490232,1.834985,-1.64805,5.31802,0.18039344,37.93,FALSE
2/5/2017,274.493775,270.4353,278.55225,0.35567621,2.276556,79631.5,1.11E-05,143371.38,0.69001766,-4.57E-06,274.54101,2.38E-06,2.304172907,1.343775,-2.7147,5.40225,0.14337138,37.91,FALSE
2/6/2017,276.98694,275.29004,278.68384,-0.10967185,3.70867735,78982.2825,2.87E-06,297991.2,0.85339895,-7.37E-06,274.79883,2.80E-06,3.710298587,3.83694,2.14004,5.53384,0.2979912,37.9,FALSE
2/7/2017,278.26233,277.78906,278.7356,1.83228205,3.46275045,78941.6875,0.000193282,223523.56,0.9290022,-3.72E-06,274.999275,0,3.917639364,5.11233,4.63906,5.5856,0.22352356,37.92,FALSE
2/8/2017,277.143675,274.58325,279.7041,2.541388615,2.34734345,79546.47,6.38E-07,253646.56,0.568309635,5.22E-06,275.11047,0,3.459577628,3.993675,1.43325,6.5541,0.25364656,37.96,FALSE
2/9/2017,279.03198,278.17334,279.89062,-0.456400125,3.35775565,79940.125,5.45E-07,233222.44,0.98989282,2.44E-05,275.164675,0,3.388631594,5.88198,5.02334,6.74062,0.23322244,37.94,FALSE
2/10/2017,279.93103,278.53638,281.32568,0.814694597,1.81919987,79449.625,0.001232021,219869.62,0.923024475,9.04E-07,275.19226,0,1.993292616,6.78103,5.38638,8.17568,0.21986962,37.93,FALSE
2/11/2017,275.05554,272.54736,277.56372,0.7289923,0.382842915,79627.185,0.00025089,382768.8,0.9989005,-2.95E-05,275.158935,0.000250589,0.823406626,1.90554,-0.60264,4.41372,0.3827688,37.97,FALSE
2/12/2017,271.353515,267.61108,275.09595,-0.16302079,-2.3631005,80383,4.77E-07,387361.88,0.231158533,-2.58E-05,274.72681,4.38E-07,2.3687169,-1.796485,-5.53892,1.94595,0.38736188,37.97,FALSE
2/13/2017,266.513795,261.37915,271.64844,0.179139065,-0.18475302,80383.905,4.77E-07,445776.06,0.513361374,-2.58E-05,274.063475,5.17E-07,0.25734118,-6.636205,-11.77085,-1.50156,0.44577606,37.96,FALSE
2/14/2017,270.548825,265.88647,275.21118,0.104918925,-0.584162075,80281.375,0,525296.25,0.390218569,-1.16E-05,273.685055,0,0.593509318,-2.601175,-7.26353,2.06118,0.52529625,37.96,FALSE
2/15/2017,271.145265,265.1399,277.15063,-0.112150865,0.976262265,80339.5,0,498896.3,0.105167835,-9.34E-06,273.30017,0,0.982682974,-2.004735,-8.0101,4.00063,0.4988963,37.95,FALSE
2/16/2017,276.798215,274.6228,278.97363,-0.97120415,2.61921215,79757.845,0,556760.4,0.93192205,-2.65E-05,273.311765,0,2.793476291,3.648215,1.4728,5.82363,0.5567604,37.91,FALSE
2/17/2017,273.024285,266.9641,279.08447,-0.4956432,1.97977635,78992,0.000187251,260302.19,0.6379039,-1.80E-05,273.28186,0.000123126,2.040876424,-0.125715,-6.1859,5.93447,0.26030219,37.88,FALSE
2/18/2017,276.14758,275.57568,276.71948,-1.82059905,4.5213418,78198.97,0.000150176,246832.25,0.95768355,-9.85E-06,273.436775,6.42E-05,4.874126852,2.99758,2.42568,3.56948,0.24683225,37.89,FALSE
2/19/2017,274.79626,273.22852,276.364,0.3445089,1.9143829,78461.97,7.49E-07,530282,0.89624835,-1.70E-05,273.76489,1.10E-06,1.945134512,1.64626,0.07852,3.214,0.530282,37.93,FALSE
2/20/2017,276.52393,274.28394,278.76392,0.1446117,3.12369635,79232.905,0.000141284,308110.75,0.64692503,-8.27E-06,273.920045,2.04E-07,3.127041962,3.37393,1.13394,5.61392,0.30811075,37.95,FALSE
2/21/2017,278.920655,278.50073,279.34058,1.18235113,4.9170013,79599.8425,0.000994065,453779.25,0.27321354,-4.18E-05,275.31506,0.000540737,5.057158884,5.770655,5.35073,6.19058,0.45377925,37.96,FALSE
2/22/2017,273.404545,270.35767,276.45142,0.83370975,-0.08501625,79626.5,0.000303449,600636.6,0.752175155,-7.91E-05,275.69335,0.000303532,0.838033239,0.254545,-2.79233,3.30142,0.6006366,37.93,FALSE
2/23/2017,266.426515,261.70166,271.15137,3.649362,0.7398083,79131.6875,0.000381083,526487.6,0.312473507,-4.54E-05,272.688355,0.000381223,3.723594947,-6.723485,-11.44834,-1.99863,0.5264876,37.94,FALSE
2/24/2017,264.434575,259.67285,269.1963,2.71675825,0.09857895,79391.595,6.38E-07,542096,0.458629665,-3.93E-05,272.6311,6.09E-07,2.718546155,-8.715425,-13.47715,-3.9537,0.542096,37.96,FALSE
2/25/2017,266.729985,264.33643,269.12354,0.74155863,0.67168402,79619.9675,8.00E-05,466691.94,0.477183672,-5.37E-05,271.68481,8.03E-05,1.00053417,-6.420015,-8.81357,-4.02646,0.46669194,37.95,FALSE
2/26/2017,263.93323,256.48682,271.37964,0.916167205,0.4387064,79287,1.36E-07,581069.94,0.42684307,-5.40E-05,271.408935,2.16E-07,1.015788193,-9.21677,-16.66318,-1.77036,0.58106994,37.92,FALSE
2/27/2017,270.950565,266.6836,275.21753,1.68343595,1.48926072,78597.9675,8.42E-05,458510.44,0.530934295,-4.34E-05,271.993655,8.45E-05,2.247632997,-2.199435,-6.4664,2.06753,0.45851044,37.93,FALSE
2/28/2017,262.70983,255.02293,270.39673,2.15347955,0.906719869,78974.4375,1.90E-05,407321.75,0.41318002,-5.02E-05,271.25049,1.90E-05,2.336581925,-10.44017,-18.12707,-2.75327,0.40732175,37.97,FALSE
3/1/2017,265.887695,259.68652,272.08887,2.005882635,0.5074149,80127.655,0,556773,0.21470198,-2.76E-05,271.21289,0,2.069066221,-7.262305,-13.46348,-1.06113,0.556773,38,FALSE
3/2/2017,268.10913,261.47192,274.74634,-0.301976715,0.5262496,80706.2825,0,665301.06,0.13221389,-2.71E-05,271.41455,2.28E-08,0.606736003,-5.04087,-11.67808,1.59634,0.66530106,37.98,FALSE
3/3/2017,272.538575,266.91333,278.16382,-0.076729853,1.88116405,80406.4675,0,574957.2,0.47067493,-5.79E-05,271.24243,0,1.882728247,-0.611425,-6.23667,5.01382,0.5749572,37.94,FALSE
3/4/2017,276.316525,272.79785,279.8352,0.284218845,3.17215775,79561.4375,0,953993.5,0.68959597,-0.000126279,273.78821,0,3.184865012,3.166525,-0.35215,6.6852,0.9539935,37.91,FALSE
3/5/2017,278.985715,274.47656,283.49487,0.70235825,3.9331846,78718.125,5.12E-05,509990.88,0.096917391,-7.66E-05,274.82703,5.13E-05,3.995403385,5.835715,1.32656,10.34487,0.50999088,37.89,FALSE
3/6/2017,265.85437,262.37622,269.33252,4.44994925,0.78267908,78856.625,7.10E-05,514329.94,0.366716235,-8.28E-05,271.35742,7.10E-05,4.518255733,-7.29563,-10.77378,-3.81748,0.51432994,37.95,FALSE
3/7/2017,268.566775,264.98853,272.14502,2.86321545,1.50955775,79878.125,4.50E-05,408573.12,0.504524101,-5.43E-05,271.402345,3.14E-05,3.236783483,-4.583225,-8.16147,-1.00498,0.40857312,37.97,FALSE
3/8/2017,274.817625,271.07983,278.55542,1.7660098,1.156337285,80292.4375,0,1060000,0.503822601,-0.00011646,273.726075,0,2.110901829,1.667625,-2.07017,5.40542,1.06,37.97,FALSE
3/9/2017,277.392825,271.13892,283.64673,2.0012407,1.26484807,80361,0,1050000,0.225129799,-0.000126301,275.67798,0,2.367446933,4.242825,-2.01108,10.49673,1.05,37.97,FALSE
3/10/2017,280.9519,274.84814,287.05566,1.1367381,1.135327005,80340.4375,0,668278.56,1,-0.000109838,277.829825,0,1.606592953,7.8019,1.69814,13.90566,0.66827856,37.96,FALSE
3/11/2017,280.423705,274.70996,286.13745,1.16882595,0.02278425,80297.3125,0,1280000,0.5572777,-0.000203503,277.4126,0,1.169047999,7.273705,1.55996,12.98745,1.28,37.96,FALSE
3/12/2017,282.25635,276.4668,288.0459,2.2047024,1.24382464,80285.125,0,1270000,0.520386665,-0.000183827,278.688355,0,2.53136572,9.10635,3.3168,14.8959,1.27,37.97,FALSE
3/13/2017,280.56177,273.32764,287.7959,1.332388415,-0.495811,80435.1875,0,1330000,0.5974791,-0.000204578,279.3291,0,1.421649548,7.41177,0.17764,14.6459,1.33,37.97,FALSE
3/14/2017,282.964235,274.0149,291.91357,0.92921735,1.119185793,80308.655,0,1350000,0.21594286,-0.000238588,280.743165,0,1.45465519,9.814235,0.8649,18.76357,1.35,37.96,FALSE
3/15/2017,284.51086,276.2163,292.80542,1.64306833,1.88681315,80251.0625,0,1260000,0.2961813,-0.000251421,281.113885,0,2.501946722,11.36086,3.0663,19.65542,1.26,37.95,FALSE
3/16/2017,284.43164,276.90063,291.96265,2.30159005,2.3055744,80053.125,0,1170000,0.69492346,-0.000208227,281.27906,0,3.257758443,11.28164,3.75063,18.81265,1.17,37.96,FALSE
3/17/2017,283.071775,275.65527,290.48828,2.25893163,1.10793217,80243.155,1.28E-06,1260000,0.9432325,-0.000223884,281.120485,0,2.516005923,9.921775,2.50527,17.33828,1.26,37.96,FALSE
3/18/2017,286.709595,279.31836,294.10083,0.4691791,3.30294845,80057.125,4.14E-06,1010000,0.763814,-0.000213831,282.837885,0,3.336105138,13.559595,6.16836,20.95083,1.01,37.96,FALSE
3/19/2017,283.70568,276.36816,291.0432,1.5505902,2.20825145,79956.565,1.66E-06,851888.4,0.9846302,-0.000163781,282.293335,0,2.69827805,10.55568,3.21816,17.8932,0.8518884,37.96,FALSE
3/20/2017,285.628785,281.12842,290.12915,0.72369715,1.6558614,79901.28,9.53E-07,995386.4,0.9939793,-0.00020381,282.86756,0,1.807101143,12.478785,7.97842,16.97915,0.9953864,37.95,FALSE
3/21/2017,286.77954,281.81274,291.74634,1.05271655,3.1485057,79551.8125,0.001569637,921314.94,0.874523975,-0.000165257,283.620975,0,3.319834375,13.62954,8.66274,18.59634,0.92131494,37.97,FALSE
3/22/2017,280.735965,277.4336,284.03833,3.19280195,0.243908505,79396.095,0.002170431,372832.06,0.936462765,-7.37E-05,282.397095,0.00012776,3.202104878,7.585965,4.2836,10.88833,0.37283206,37.96,FALSE
3/23/2017,276.00744,273.89868,278.1162,1.3805596,-2.31282665,79273.845,0.0005068,601172.8,0.99913728,-0.000113351,280.95886,0.000505461,2.693531496,2.85744,0.74868,4.9662,0.6011728,37.99,FALSE
3/24/2017,274.504395,269.43262,279.57617,0.77997065,-0.02509595,79928.095,2.04E-06,560562.8,0.438639591,-9.28E-05,277.88965,0,0.780374283,1.354395,-3.71738,6.42617,0.5605628,37.99,FALSE
3/25/2017,279.31811,274.5725,284.06372,1.33261585,1.49070255,79760.375,0.000850471,935431.7,0.82615265,-0.00013455,279.66162,0.000780757,1.999514715,6.16811,1.4225,10.91372,0.9354317,37.98,FALSE
3/26/2017,274.036375,267.39917,280.67358,1.20123455,-0.2017398,79640.0325,3.22E-05,687869.44,0.45275202,-0.00010172,278.007325,0,1.21805722,0.886375,-5.75083,7.52358,0.68786944,37.98,FALSE
3/27/2017,278.06506,274.1997,281.93042,2.34623145,1.39233465,79461.97,0.000715396,954141.06,0.91488705,-0.000116738,277.65906,0.000232216,2.728259114,4.91506,1.0497,8.78042,0.95414106,37.99,FALSE
3/28/2017,273.7638,270.323,277.2046,2.42025515,-3.87328815,79871.8425,0,1170000,0.54327003,-0.000177432,277.1709,0,4.56727447,0.6138,-2.827,4.0546,1.17,38.01,FALSE
3/29/2017,275.4392,269.7268,281.1516,1.0658574,-2.23283365,80259.81,0,1400000,0.155089735,-0.00020042,277.215335,0,2.474186352,2.2892,-3.4232,8.0016,1.4,38,FALSE
3/30/2017,282.14441,276.91724,287.37158,2.04519475,0.61106775,79686.5,0.000465686,797401.56,0.423729,-0.000101695,281.01405,0.000331772,2.134531649,8.99441,3.76724,14.22158,0.79740156,37.94,FALSE
3/31/2017,271.41614,271.35303,271.47925,3.68405485,-5.3410979,78973,0.000142217,536187.7,0.96347392,-0.000114,276.41699,0.00010864,6.488419447,-1.73386,-1.79697,-1.67075,0.5361877,37.98,FALSE
4/1/2017,274.95691,271.26245,278.65137,1.9846959,-3.5029752,79764.4675,0,1320000,0.5837785,-0.000172458,275.964355,0,4.026146181,1.80691,-1.88755,5.50137,1.32,38,FALSE
4/2/2017,279.72424,273.87695,285.57153,1.68823815,-0.86881065,79923.095,2.25E-05,1430000,0.74504043,-0.000219255,279.251715,0,1.898678487,6.57424,0.72695,12.42153,1.43,37.99,FALSE
4/3/2017,278.806515,272.97583,284.6372,0.78393928,-2.7667756,79523.875,2.14E-05,1480000,0.367535645,-0.000208477,278.867435,1.70E-08,2.875692615,5.656515,-0.17417,11.4872,1.48,37.98,FALSE
4/4/2017,274.94068,269.24,280.64136,1.79907275,-2.3537854,79611,0,1540000,0.501462294,-0.000199246,277.05005,0,2.962594888,1.79068,-3.91,7.49136,1.54,38.01,FALSE
4/5/2017,278.57544,273.45093,283.69995,0.1894214,0.6974621,80055.47,2.70E-05,1330000,0.61190311,-0.000244675,279.845465,0,0.722726676,5.42544,0.30093,10.54995,1.33,38,FALSE
4/6/2017,285.13562,280.17017,290.10107,-0.702759285,3.5708065,79816.875,8.33E-06,642655.75,0.936867165,-0.000183647,282.084105,0,3.63930346,11.98562,7.02017,16.95107,0.64265575,37.97,FALSE
4/7/2017,285.370725,282.80493,287.93652,1.507289557,3.8463306,79198,0.000311921,674506.7,0.984182925,-0.000149451,281.93725,0,4.131123442,12.220725,9.65493,14.78652,0.6745067,37.95,FALSE
4/8/2017,279.249025,275.0586,283.43945,1.0432807,1.67171572,79018.8125,0.000596811,957341.06,0.68649173,-0.000160155,281.003785,0.000235083,1.970550194,6.099025,1.9086,10.28945,0.95734106,37.96,FALSE
4/9/2017,270.76172,265.84912,275.67432,3.0507036,-1.07849,79499.03,0,1420000,0.49968391,-0.000183573,277.05835,0,3.235727605,-2.38828,-7.30088,2.52432,1.42,38,FALSE
4/10/2017,275.813845,271.00977,280.61792,0.82298445,2.3492637,79869.78,0,1400000,0.628768295,-0.000215142,278.3042,0,2.489245536,2.663845,-2.14023,7.46792,1.4,38,FALSE
4/11/2017,278.65905,272.6643,284.6538,1.0681871,1.1895363,79748.655,0,1240000,0.5,-0.000215112,279.31848,0,1.598755857,5.50905,-0.4857,11.5038,1.24,37.98,FALSE
4/12/2017,279.467165,273.04053,285.8938,1.64571743,2.226709775,79582.25,0,1560000,0.343105075,-0.000299214,278.761595,0,2.768866606,6.317165,-0.10947,12.7438,1.56,37.98,FALSE
4/13/2017,286.21167,280.13037,292.29297,0.613095595,4.67497445,79187.4075,0.000486244,457918.94,0.155767142,-9.00E-05,282.36316,8.85E-07,4.715005018,13.06167,6.98037,19.14297,0.45791894,37.97,FALSE
4/14/2017,273.94726,270.2766,277.61792,1.723103325,-0.84624845,79417.9375,0,1540000,0.718872075,-0.000215845,277.65931,0,1.919693076,0.79726,-2.8734,4.46792,1.54,38,FALSE
4/15/2017,275.606445,270.59326,280.61963,1.29689315,-0.64470952,79886,9.19E-06,1490000,0.11158266,-0.000236036,278.171265,0,1.448303217,2.456445,-2.55674,7.46963,1.49,38,FALSE
4/16/2017,281.83289,275.9856,287.68018,0.89448895,1.03207235,79805.875,0,1440000,0.866673535,-0.000293173,281.696775,0,1.365753937,8.68289,2.8356,14.53018,1.44,37.98,FALSE
4/17/2017,286.026855,280.48218,291.57153,1.6921487,3.57784555,79531.375,0.000190187,348261.3,0.94129745,-9.65E-05,283.92175,0,3.957820865,12.876855,7.33218,18.42153,0.3482613,37.99,FALSE
4/18/2017,283.328,279.667,286.989,0.220681686,-0.59621952,79638.435,0.001131576,376447.75,0.9763287,-6.42E-05,283.391115,0.000247867,0.635750047,10.178,6.517,13.839,0.37644775,37.99,FALSE
4/19/2017,273.8855,271.0896,276.6814,0.97996824,-0.17978335,79928.8125,2.60E-05,1550000,0.60328314,-0.000260187,278.660165,0,0.996323143,0.7355,-2.0604,3.5314,1.55,38.01,FALSE
4/20/2017,281.36622,276.22144,286.511,2.05327275,0.64094026,80022.435,4.81E-05,1480000,0.72456575,-0.000218102,281.60045,0,2.150984287,8.21622,3.07144,13.361,1.48,38.01,FALSE
4/21/2017,277.26745,272.5957,281.9392,2.98244585,-1.8365403,80252.03,0,1700000,0.227001342,-0.000238503,279.13367,0,3.502551002,4.11745,-0.5543,8.7892,1.7,38.01,FALSE
4/22/2017,278.50036,273.2556,283.74512,-0.583866115,-0.5299401,80129.375,0,1260000,0.4996711,-0.000241632,280.93469,0,0.788502473,5.35036,0.1056,10.59512,1.26,37.98,FALSE
4/23/2017,286.44592,280.83374,292.0581,0.396652605,2.010027238,79511.97,0,1570000,0.8391931,-0.000250701,282.971195,0,2.048790566,13.29592,7.68374,18.9081,1.57,37.97,FALSE
4/24/2017,282.96264,277.7307,288.19458,3.6599125,-0.943648,79192.6875,2.89E-05,1510000,0.56392527,-0.000209526,282.79102,0,3.779607262,9.81264,4.5807,15.04458,1.51,37.97,FALSE
4/25/2017,278.08631,274.26782,281.9048,5.1660285,-1.502594,79171.25,0.000433142,1620000,0.64443862,-0.000197386,280.89685,0.000428851,5.380115165,4.93631,1.11782,8.7548,1.62,38,FALSE
4/26/2017,279.385865,276.92163,281.8501,2.65348725,-0.66341821,79476.2825,0.000780623,1440000,0.500320297,-0.0002038,281.34253,0,2.735163305,6.235865,3.77163,8.7001,1.44,37.98,FALSE
4/27/2017,280.456665,276.31616,284.59717,4.3812957,-1.5921446,79236.815,9.75E-05,1540000,0.777449585,-0.000232653,281.28003,3.40E-07,4.661617363,7.306665,3.16616,11.44717,1.54,37.99,FALSE
4/28/2017,276.52246,271.35547,281.68945,3.75996205,-3.2210698,79408.065,0.000173441,1530000,0.64875845,-0.000175282,279.304075,6.71E-05,4.95102063,3.37246,-1.79453,8.53945,1.53,38.01,FALSE
4/29/2017,274.0763,270.0586,278.094,1.4617519,-4.1854215,79952.1875,0,1650000,0.295436325,-0.000198521,277.91309,0,4.433336413,0.9263,-3.0914,4.944,1.65,38.03,FALSE
4/30/2017,277.89319,271.90186,283.88452,1.03477723,-0.6136208,80235.03,0,1510000,0.37092455,-0.000223747,280.32153,0,1.203035495,4.74319,-1.24814,10.73452,1.51,38.01,FALSE
5/1/2017,283.53125,276.96558,290.09692,3.39745665,-1.84325922,80070.56,0,1800000,0.569853435,-0.000217002,283.02368,0,3.865270526,10.38125,3.81558,16.94692,1.8,38.01,FALSE
5/2/2017,283.593385,277.68555,289.50122,2.09645845,-1.39774285,80016.435,0,1490000,0.121298614,-0.000170275,284.353025,0,2.519687105,10.443385,4.53555,16.35122,1.49,38.02,FALSE
5/3/2017,284.44385,277.16382,291.72388,0.83358708,-2.11655135,80258.9675,0,1800000,0.717558915,-0.000170833,284.664175,0,2.274787251,11.29385,4.01382,18.57388,1.8,38.03,FALSE
5/4/2017,286.36511,279.45654,293.27368,-1.21283325,-0.4663477,80343.19,0,1800000,0.016173942,-0.000160099,288.14392,0,1.299401658,13.21511,6.30654,20.12368,1.8,38.01,FALSE
5/5/2017,290.80603,282.28052,299.33154,-1.0234804,1.27119345,79869.0325,1.85E-05,1060000,0.124062444,-9.45E-05,291.78138,0,1.632006408,17.65603,9.13052,26.18154,1.06,37.98,FALSE
5/6/2017,290.48437,283.95874,297.01,-0.52202075,3.89299105,79134.25,1.52E-05,589543.44,0.890164365,-5.96E-05,290.634025,0,3.927834642,17.33437,10.80874,23.86,0.58954344,37.96,FALSE
5/7/2017,283.84985,279.29443,288.40527,-0.62493166,3.749738455,78853.375,0.000298457,1130000,0.596277365,-0.00010659,287.72424,0,3.80145736,10.69985,6.14443,15.25527,1.13,38,FALSE
5/8/2017,283.297725,277.4309,289.16455,0.07575272,-1.989934,79482.2175,1.53E-05,1700000,0.573102835,-0.000113899,288.788455,0,1.991375354,10.147725,4.2809,16.01455,1.7,38.02,FALSE
5/9/2017,284.029785,277.46265,290.59692,0.461728285,-2.13573454,79656.375,0,1860000,0.1271339,-9.81E-05,288.689825,0,2.185075521,10.879785,4.31265,17.44692,1.86,38.02,FALSE
5/10/2017,288.28065,282.9087,293.6526,0.314784975,-2.53301247,79614.8125,0,1840000,0.065637825,-9.07E-05,290.33398,0,2.55249716,15.13065,9.7587,20.5026,1.84,38.03,FALSE
5/11/2017,289.3479,281.49634,297.19946,0.711233755,-0.81929735,79904.625,1.31E-05,1600000,0.40093168,-4.79E-05,292.004395,0,1.084943133,16.1979,8.34634,24.04946,1.6,38.03,FALSE
5/12/2017,291.798465,285.41138,298.18555,0.76672695,4.31176375,79680.345,2.02E-05,1300000,0.30418846,-2.17E-05,293.66028,0,4.37940371,18.648465,12.26138,25.03555,1.3,38,FALSE
5/13/2017,279.98267,275.1814,284.78394,3.9698845,-2.625984436,79250.2175,3.29E-05,1630000,0.6263281,-6.49E-05,288.20105,2.21E-05,4.759808526,6.83267,2.0314,11.63394,1.63,38.01,FALSE
5/14/2017,279.35144,273.75952,284.94336,1.903602875,-0.41988647,79374.03,5.23E-07,1050000,0.852854425,-7.00E-05,285.7544,0,1.949361063,6.20144,0.60952,11.79336,1.05,38.01,FALSE
5/15/2017,281.99963,276.6748,287.32446,3.01772425,-1.008859715,79053.8125,0.000200533,1150000,0.85490808,-7.69E-05,286.50513,0,3.18189528,8.84963,3.5248,14.17446,1.15,38.01,FALSE
5/16/2017,280.51525,274.7058,286.3247,-0.1147561,-1.98887125,79149.5325,0.000345703,555627.1,0.81181763,-5.75E-05,286.440795,0,1.992179162,7.36525,1.5558,13.1747,0.5556271,38.02,FALSE
5/17/2017,278.28247,272.84644,283.7185,4.1827284,0.71227655,79145.0625,6.83E-05,1640000,0.65195778,-0.000143798,283.53943,1.39E-05,4.242941757,5.13247,-0.30356,10.5685,1.64,38.03,FALSE
5/18/2017,276.34838,274.7556,277.94116,3.7162003,-2.7298508,79495.845,0.000321039,1620000,0.99080188,-0.00018954,283.643185,0.000313352,4.611098574,3.19838,1.6056,4.79116,1.62,38.05,FALSE
5/19/2017,278.62976,274.57544,282.68408,0.63776458,-2.36160655,79965.405,1.28E-06,1310000,0.55659822,-0.00017448,282.96008,0,2.446207096,5.47976,1.42544,9.53408,1.31,38.05,FALSE
5/20/2017,281.50818,275.1167,287.89966,0.74981308,-1.1068745,80039.53,4.09E-05,1740000,0.35414088,-0.000238369,283.423215,0,1.336933362,8.35818,1.9667,14.74966,1.74,38.04,FALSE
5/21/2017,286.76843,280.55908,292.97778,1.454398525,-1.99293565,80002.6575,0,1920000,0.19644448,-0.000197985,286.989625,0,2.467198325,13.61843,7.40908,19.82778,1.92,38.06,FALSE
5/22/2017,286.47864,279.75,293.20728,-0.80718245,-1.725022085,80353.5625,0,1930000,0.45648885,-0.000141464,288.491455,0,1.904532673,13.32864,6.6,20.05728,1.93,38.06,FALSE
5/23/2017,289.5249,282.7373,296.3125,-0.026576815,-0.9610238,80349.5625,0,1930000,0,-6.29E-05,292.15674,0,0.961391217,16.3749,9.5873,23.1625,1.93,38.05,FALSE
5/24/2017,292.493775,284.55615,300.4314,2.10410405,-0.1343007,79923.685,2.64E-05,1500000,0.001834311,-4.83E-05,295.97022,0,2.108385764,19.343775,11.40615,27.2814,1.5,38,FALSE
5/25/2017,290.183965,282.15723,298.2107,4.4082313,-0.90844708,79034.875,0.000190208,1940000,0.316002845,-7.96E-05,295.24072,0,4.500864283,17.033965,9.00723,25.0607,1.94,38.01,FALSE
5/26/2017,286.591675,278.69775,294.4856,3.2679634,-0.52223947,79088.845,0,1910000,0.021540258,-3.94E-05,292.412965,0,3.30942878,13.441675,5.54775,21.3356,1.91,38.05,FALSE
5/27/2017,284.43995,277.3816,291.4983,1.95090847,-2.46337935,79877.3125,0,1960000,0.060586423,-5.54E-05,290.81531,0,3.142336978,11.28995,4.2316,18.3483,1.96,38.08,FALSE
5/28/2017,287.24182,279.77246,294.71118,-1.78421175,-0.70769692,80314.875,0,1960000,0,-6.58E-05,292.986695,0,1.919439111,14.09182,6.62246,21.56118,1.96,38.07,FALSE
5/29/2017,290.54125,283.6206,297.4619,-1.2764535,-0.9073399,80226.8425,0,1880000,0,-5.54E-05,295.39111,0,1.566077658,17.39125,10.4706,24.3119,1.88,38.06,FALSE
5/30/2017,292.6709,285.5498,299.792,-1.29791595,-0.18209028,79945.4075,0,1690000,0.41912142,-3.90E-05,297.237675,0,1.310626828,19.5209,12.3998,26.642,1.69,38.05,FALSE
5/31/2017,293.08668,285.49146,300.6819,0.19099615,3.0473385,79618.9075,0,895658.1,0.62746765,-2.67E-05,296.96106,0,3.053318107,19.93668,12.34146,27.5319,0.8956581,38.04,FALSE
6/1/2017,290.27295,283.14502,297.40088,0.289700655,4.2448735,79529.345,6.06E-05,1730000,0.4999172,-5.76E-05,292.49329,0,4.254747642,17.12295,9.99502,24.25088,1.73,38.05,FALSE
6/2/2017,289.29553,283.64038,294.95068,2.675079725,0.212325375,79830.5,0,1940000,0.198074131,-5.79E-05,293.6947,0,2.683492799,16.14553,10.49038,21.80068,1.94,38.07,FALSE
6/3/2017,293.58337,287.3977,299.76904,-0.221710697,0.2206228,79959.25,0,1770000,0.57263735,-3.85E-05,298.781615,0,0.312777961,20.43337,14.2477,26.61904,1.77,38.06,FALSE
6/4/2017,294.719235,286.44482,302.99365,1.8573389,2.21436102,79781.97,0,1660000,0.46414575,-3.50E-05,298.3634,0,2.890173441,21.569235,13.29482,29.84365,1.66,38.05,FALSE
6/5/2017,292.45618,283.88428,301.02808,3.13611265,0.46603345,79748.8125,0,1890000,0.319682888,-4.58E-05,297.792725,0,3.170550383,19.30618,10.73428,27.87808,1.89,38.07,FALSE
6/6/2017,294.51489,288.49365,300.53613,-0.179707704,-0.23462516,79882.0325,0,1950000,0.485481464,-4.52E-05,300.469975,0,0.295539887,21.36489,15.34365,27.38613,1.95,38.06,FALSE
6/7/2017,294.414675,285.3501,303.47925,0.615060215,3.02772905,79824.5,0,2000000,0.031365395,-3.91E-05,299.506715,0,3.089569916,21.264675,12.2001,30.32925,2,38.06,FALSE
6/8/2017,296.53698,289.1704,303.90356,0.72599355,4.16439295,79579.2175,0,1570000,0.481072425,-2.17E-05,300.01343,0,4.227201826,23.38698,16.0204,30.75356,1.57,38.05,FALSE
6/9/2017,290.947265,282.90845,298.98608,3.342547635,-0.90973515,79504.4375,0,1340000,0.37166688,-2.26E-05,297.23511,0,3.464136651,17.797265,9.75845,25.83608,1.34,38.05,FALSE
6/10/2017,287.93067,280.05664,295.8047,3.808446,-1.33188455,79214.03,0,1580000,0.320974689,-2.17E-05,294.04675,0,4.034622335,14.78067,6.90664,22.6547,1.58,38.04,FALSE
6/11/2017,289.380735,281.44824,297.31323,3.70437815,-0.54456182,79016.4675,0.000284014,1250000,0.410925962,-4.67E-05,294.62109,0,3.744190841,16.230735,8.29824,24.16323,1.25,38.04,FALSE
6/12/2017,280.88416,275.62012,286.1482,4.36976625,-0.722210835,78790.5925,0.000423498,851778.7,0.62735188,-9.23E-05,291.343375,0.000204501,4.429045673,7.73416,2.47012,12.9982,0.8517787,38.07,FALSE
6/13/2017,278.571415,276.88013,280.2627,4.7153444,0.472075105,79640.81,0,1930000,0.92728363,-0.000237828,284.08362,0,4.738916302,5.421415,3.73013,7.1127,1.93,38.09,FALSE
6/14/2017,283.79162,276.9497,290.63354,1.91764683,-0.0741534,79976.6875,0,1970000,0,-0.000244296,288.17554,0,1.919080012,10.64162,3.7997,17.48354,1.97,38.08,FALSE
6/15/2017,289.921015,282.0642,297.77783,1.36130468,1.0122414,80020.435,0,1950000,0.021153296,-0.000113173,292.42554,0,1.696402984,16.771015,8.9142,24.62783,1.95,38.08,FALSE
6/16/2017,292.6134,284.7378,300.489,3.0231103,-0.794590075,80224.625,2.56E-05,1630000,0.14489045,-3.24E-05,296.006835,0,3.125790984,19.4634,11.5878,27.339,1.63,38.07,FALSE
6/17/2017,295.493525,287.7932,303.19385,3.8844395,-0.4174105,80086.25,0,1930000,0.86647825,-2.80E-05,299.46997,0,3.906801986,22.343525,14.6432,30.04385,1.93,38.07,FALSE
6/18/2017,293.720945,284.64746,302.79443,1.878076322,-2.33570095,80214.7825,0,1970000,0.18269284,-3.23E-05,299.936155,0,2.997110208,20.570945,11.49746,29.64443,1.97,38.08,FALSE
6/19/2017,297.172485,290.13843,304.20654,-1.72568845,-1.73240433,80263.8425,8.73E-05,1280000,0.472751833,-3.40E-05,301.663575,0,2.445245466,24.022485,16.98843,31.05654,1.28,38.08,FALSE
6/20/2017,297.48145,289.021,305.9419,0.963230465,-0.16999295,80320.3425,0,1320000,0.570009145,-3.15E-05,302.66919,0,0.978115807,24.33145,15.871,32.7919,1.32,38.07,FALSE
6/21/2017,301.14575,294.63623,307.65527,1.630063443,-1.07755755,80022.125,0,1670000,0.364620269,-3.14E-05,303.09265,0,1.954030988,27.99575,21.48623,34.50527,1.67,38.06,FALSE
6/22/2017,297.07996,286.9795,307.18042,1.818670675,-3.40629815,79915.8125,0,2020000,0.474139455,-3.18E-05,303.301515,0,3.861402609,23.92996,13.8295,34.03042,2.02,38.07,FALSE
6/23/2017,293.938,284.2317,303.6443,1.27884685,-2.8681956,80199.5325,0,2050000,0,-3.20E-05,301.133785,0,3.140381389,20.788,11.0817,30.4943,2.05,38.08,FALSE
6/24/2017,296.333005,288.50903,304.15698,1.03588692,-2.47967815,80373.0925,0,2060000,0,-3.38E-05,301.401245,0,2.687352868,23.183005,15.35903,31.00698,2.06,38.08,FALSE
6/25/2017,298.308475,291.75342,304.86353,-1.06537402,-1.686553135,80346.28,0,1650000,0.00369348,-3.33E-05,302.321775,0,1.994864226,25.158475,18.60342,31.71353,1.65,38.08,FALSE
6/26/2017,299.49134,292.1277,306.85498,0.727915941,0.8408098,80162.06,0,1340000,0.464848648,-2.50E-05,303.451415,0,1.112125324,26.34134,18.9777,33.70498,1.34,38.06,FALSE
6/27/2017,295.36133,286.10913,304.61353,3.877769,0.91280525,79900.28,0,2070000,0.4461325,-3.15E-05,301.53748,0,3.983755244,22.21133,12.95913,31.46353,2.07,38.07,FALSE
6/28/2017,294.140745,286.27832,302.00317,3.1353645,-0.037948565,79755.125,0,2050000,0,-2.33E-05,300.816165,0,3.135594145,20.990745,13.12832,28.85317,2.05,38.07,FALSE
6/29/2017,293.76123,286.8396,300.68286,3.185710325,-0.90134127,79861.0625,0,2050000,0,-2.76E-05,299.48486,0,3.310765223,20.61123,13.6896,27.53286,2.05,38.09,FALSE
6/30/2017,294.769895,287.39062,302.14917,1.68984919,-1.95896295,80161.185,0,2060000,0,-3.48E-05,300.29615,0,2.587107675,21.619895,14.24062,28.99917,2.06,38.09,FALSE
7/1/2017,296.67468,290.44653,302.90283,-0.387176515,-0.811784455,80041.03,0,1180000,0.062792925,-2.22E-05,302.67212,0,0.89938849,23.52468,17.29653,29.75283,1.18,38.07,FALSE
7/2/2017,297.284915,289.08228,305.48755,1.49102388,2.74981115,79822.9075,0,1710000,0.4923279,-2.82E-05,300.48315,0,3.128036696,24.134915,15.93228,32.33755,1.71,38.08,FALSE
7/3/2017,298.822875,290.6499,306.99585,2.0276494,0.22638685,80066.56,0,1810000,0.465989262,-3.00E-05,303.338255,0,2.040248293,25.672875,17.4999,33.84585,1.81,38.09,FALSE
7/4/2017,299.536745,291.92017,307.15332,1.74078945,0.0983758,80183.97,0,1990000,0.354117,-3.23E-05,304.612795,0,1.743566949,26.386745,18.77017,34.00332,1.99,38.09,FALSE
7/5/2017,299.936035,291.42212,308.44995,0.1973506,2.324173985,80166.7175,0,1820000,0.2823014,-2.91E-05,304.56702,0,2.332537668,26.786035,18.27212,35.29995,1.82,38.1,FALSE
7/6/2017,299.819215,293.6128,306.02563,2.41933535,-1.8647228,80479.5925,0,1470000,0.285080015,-2.72E-05,304.13745,0,3.054566198,26.669215,20.4628,32.87563,1.47,38.1,FALSE
7/7/2017,299.167845,293.13745,305.19824,1.284675965,1.2716503,80554.72,0,1780000,0.6432846,-3.13E-05,304.7854,0,1.807619103,26.017845,19.98745,32.04824,1.78,38.1,FALSE
7/8/2017,300.792115,293.90796,307.67627,1.829255046,0.017458825,80461.405,0,1600000,0.388133926,-3.73E-05,305.206175,0,1.829338359,27.642115,20.75796,34.52627,1.6,38.09,FALSE
7/9/2017,300.025145,292.76074,307.28955,-0.80707562,0.163519585,80330.97,0.000236931,1090000,0.75756545,-3.34E-05,306.23718,0,0.823474171,26.875145,19.61074,34.13955,1.09,38.09,FALSE
7/10/2017,297.77221,291.14502,304.3994,0.67517551,2.25013545,80245,0,1880000,0.7545297,-4.84E-05,303.835575,0,2.349249138,24.62221,17.99502,31.2494,1.88,38.08,FALSE
7/11/2017,298.017335,290.52002,305.51465,2.4934799,0.1500525,80015.78,0,2030000,0.911650925,-3.23E-05,304.490115,0,2.497990745,24.867335,17.37002,32.36465,2.03,38.08,FALSE
7/12/2017,297.190915,289.2727,305.10913,2.76084622,-0.416058975,80014,0,1780000,0.241329194,-2.61E-05,303.2218,0,2.792020222,24.040915,16.1227,31.95913,1.78,38.09,FALSE
7/13/2017,298.03882,290.60596,305.47168,1.4742627,0.20663997,80146.345,3.05E-05,1040000,0.60283265,-2.13E-05,305.69422,0,1.488674103,24.88882,17.45596,32.32168,1.04,38.1,FALSE
7/14/2017,297.87024,291.70093,304.03955,1.016575735,1.42503695,80417.905,0,1740000,0.51002684,-4.49E-05,303.88171,0,1.750473231,24.72024,18.55093,30.88955,1.74,38.1,FALSE
7/15/2017,299.78601,293.15356,306.41846,0.18268348,1.2089117,80405.3425,0,1550000,0.121202765,-2.79E-05,305.13001,0,1.222636803,26.63601,20.00356,33.26846,1.55,38.1,FALSE
7/16/2017,298.849,291.4331,306.2649,2.6511135,-0.060947577,80305,0,1440000,0.459064729,-2.65E-05,304.387935,0,2.651813982,25.699,18.2831,33.1149,1.44,38.09,FALSE
7/17/2017,298.41467,291.37134,305.458,1.89027935,-0.2912755,80048.2175,0,2040000,0.45453528,-2.92E-05,304.22534,0,1.912589197,25.26467,18.22134,32.308,2.04,38.08,FALSE
7/18/2017,297.6532,289.67383,305.63257,3.67073295,-0.836075255,79978.0625,0,1780000,0.022800615,-2.69E-05,303.91699,0,3.764744642,24.5032,16.52383,32.48257,1.78,38.09,FALSE
7/19/2017,299.29419,290.9292,307.65918,3.6304111,-0.180676525,80075.97,0,1740000,0.238933235,-2.65E-05,304.340575,0,3.63490423,26.14419,17.7792,34.50918,1.74,38.09,FALSE
7/20/2017,298.5586,290.8672,306.25,1.75403405,-0.559021085,80050.655,0,1880000,0.274009288,-2.76E-05,304.700925,0,1.840961711,25.4086,17.7172,33.1,1.88,38.09,FALSE
7/21/2017,297.737915,290.15308,305.32275,2.42682175,-1.495534725,80095.5325,0,1970000,0.220635633,-2.98E-05,303.966315,0,2.85062939,24.587915,17.00308,32.17275,1.97,38.09,FALSE
7/22/2017,299.237425,291.66992,306.80493,1.46190653,-1.50328855,80115.69,1.58E-07,1600000,0.08587101,-2.76E-05,305.79541,0,2.096913724,26.087425,18.51992,33.65493,1.6,38.1,FALSE
7/23/2017,300.00623,292.96216,307.0503,-0.72317338,0.338380575,80164.345,0.000409096,875710.44,0.551181515,-6.83E-05,306.696535,0,0.798424167,26.85623,19.81216,33.9003,0.87571044,38.1,FALSE
7/24/2017,296.96741,290.32544,303.60938,0.598852825,2.81905555,80103.625,1.58E-05,1600000,0.589540955,-6.50E-05,302.994865,0,2.881960947,23.81741,17.17544,30.45938,1.6,38.11,FALSE
7/25/2017,295.79663,288.3042,303.28906,-1.48431377,1.6558188,80015.03,0.000126191,1160000,0.503961485,-9.32E-05,305.12122,0,2.223718342,22.64663,15.1542,30.13906,1.16,38.11,FALSE
7/26/2017,295.158935,289.46582,300.85205,0.54980308,-0.02491995,80256.78,0.000951421,1230000,0.585689395,-7.88E-05,301.508665,0,0.550367541,22.008935,16.31582,27.70205,1.23,38.12,FALSE
7/27/2017,294.305175,288.45312,300.15723,0.37155588,3.0012235,80387.625,1.23E-05,1350000,0.53911867,-0.000116432,300.52954,0,3.024135623,21.155175,15.30312,27.00723,1.35,38.11,FALSE
7/28/2017,295.567385,288.51294,302.62183,1.499111335,0.25313475,80255.56,0,1820000,0.444132628,-8.84E-05,300.12415,0,1.520332857,22.417385,15.36294,29.47183,1.82,38.1,FALSE
7/29/2017,298.152835,291.29224,305.01343,1.22638785,0.7148222,80184.405,0.000111522,1370000,0.16726315,-5.94E-05,302.633185,0,1.41950623,25.002835,18.14224,31.86343,1.37,38.12,FALSE
7/30/2017,294.18371,287.15332,301.2141,0.16454464,1.72002125,80458.5925,6.02E-06,1670000,0.35207799,-6.12E-05,302.4104,0,1.727873849,21.03371,14.00332,28.0641,1.67,38.12,FALSE
7/31/2017,298.577635,291.7417,305.41357,-1.43476239,-0.248768565,80532,0,1850000,0.497029275,-6.60E-05,304.15003,0,1.45616926,25.427635,18.5917,32.26357,1.85,38.11,FALSE
8/1/2017,299.661375,293.03857,306.28418,-1.0364653,-1.13370078,80528.155,0,1650000,0.196984075,-4.09E-05,304.04444,0,1.536078701,26.511375,19.88857,33.13418,1.65,38.11,FALSE
8/2/2017,299.83228,292.18506,307.4795,-0.007297778,-0.3109064,80336.72,1.38E-06,1260000,0.37445077,-2.12E-05,304.2262,0,0.310992037,26.68228,19.03506,34.3295,1.26,38.11,FALSE
8/3/2017,299.8208,291.9348,307.7068,0.316914962,0.49903195,80310.0925,0,1440000,0.36278624,-2.05E-05,305.67127,0,0.591158168,26.6708,18.7848,34.5568,1.44,38.11,FALSE
8/4/2017,297.8186,290.77734,304.85986,0.82731525,-1.1251707,80198.4375,0,1550000,0.46763742,-2.34E-05,304.759275,0,1.396588568,24.6686,17.62734,31.70986,1.55,38.1,FALSE
8/5/2017,297.34546,289.1792,305.51172,0.88074653,1.1032704,79963.375,0,1630000,0.616075385,-2.36E-05,304.686765,0,1.411708194,24.19546,16.0292,32.36172,1.63,38.1,FALSE
8/6/2017,297.32019,290.89673,303.74365,1.83625885,-0.894289,80024.435,1.46E-05,1380000,0.87991169,-8.22E-05,305.209715,0,2.042449358,24.17019,17.74673,30.59365,1.38,38.11,FALSE
8/7/2017,292.930175,287.31787,298.54248,0.661575715,-0.47004625,80108.7175,2.06E-06,1370000,0.316255859,-5.76E-05,300.40784,0,0.811557702,19.780175,14.16787,25.39248,1.37,38.11,FALSE
8/8/2017,294.02735,286.9624,301.0923,0.83714121,1.457685,80200.9075,0,1600000,0.39130977,-7.64E-05,301.18335,0,1.680967271,20.87735,13.8124,27.9423,1.6,38.11,FALSE
8/9/2017,296.14575,289.4187,302.8728,0.06318933,0.06045535,80141.97,0,1620000,0.3385174,-4.29E-05,302.04553,0,0.087451362,22.99575,16.2687,29.7228,1.62,38.12,FALSE
8/10/2017,294.77478,288.77368,300.77588,0.31492035,0.18083635,80159.625,0,1520000,0.663385565,-2.86E-05,302.07105,0,0.363148196,21.62478,15.62368,27.62588,1.52,38.12,FALSE
8/11/2017,296.2688,288.63867,303.89893,0.15474465,1.23781905,80081.0625,0,1420000,0.4636511,-2.21E-05,301.921385,0,1.24745417,23.1188,15.48867,30.74893,1.42,38.11,FALSE
8/12/2017,297.402955,290.29248,304.51343,2.05030135,0.6007545,79964.905,0,1650000,0.463664017,-2.36E-05,302.196415,0,2.136502187,24.252955,17.14248,31.36343,1.65,38.11,FALSE
8/13/2017,296.6051,288.0293,305.1809,2.7213554,0.88178885,79924.9375,0,1490000,0.44461992,-2.05E-05,302.80676,0,2.860651462,23.4551,14.8793,32.0309,1.49,38.11,FALSE
8/14/2017,296.52575,289.031,304.0205,3.5051217,-0.070865585,79700.905,4.84E-05,820040.6,0.739322215,-8.11E-06,302.014895,0,3.505837997,23.37575,15.881,30.8705,0.8200406,38.11,FALSE
8/15/2017,288.2395,283.46704,293.01196,0.953070665,-2.0577132,79720.8425,0,1810000,0.41772941,-1.94E-05,294.36621,0,2.267714115,15.0895,10.31704,19.86196,1.81,38.12,FALSE
8/16/2017,294.68653,288.16016,301.2129,-0.199467585,-1.53322695,79764.78,0,1340000,0.067143131,-1.66E-05,300.822995,0,1.546147534,21.53653,15.01016,28.0629,1.34,38.13,FALSE
8/17/2017,293.602295,286.91357,300.29102,1.69022755,-0.60704362,80174.97,0,1700000,0.495893436,-3.66E-05,300.91211,0,1.795931827,20.452295,13.76357,27.14102,1.7,38.14,FALSE
8/18/2017,296.39172,289.7412,303.04224,1.40469365,-1.68570693,80340,0,1590000,0.038796673,-3.70E-05,300.604735,0,2.194258896,23.24172,16.5912,29.89224,1.59,38.13,FALSE
8/19/2017,298.15723,291.31616,304.9983,1.069209735,-0.4337373,80194.5,0,1380000,0.438309255,-3.75E-05,303.09363,0,1.153835995,25.00723,18.16616,31.8483,1.38,38.12,FALSE
8/20/2017,295.844965,289.1328,302.55713,1.3971145,0.78357105,79966.8425,0,1650000,0.417718033,-3.17E-05,301.957885,0,1.601846596,22.694965,15.9828,29.40713,1.65,38.12,FALSE
8/21/2017,297.053715,290.69043,303.417,0.762587075,0.884157825,80068.625,0,1200000,0.241063362,-1.98E-05,303.035035,0,1.167593297,23.903715,17.54043,30.267,1.2,38.14,FALSE
8/22/2017,297.24671,290.83862,303.6548,0.853809515,1.96568635,80340.1875,0.000205249,1300000,0.717484335,-3.11E-05,303.64209,0,2.143108377,24.09671,17.68862,30.5048,1.3,38.14,FALSE
8/23/2017,292.138795,286.37012,297.90747,0.254044475,2.1372452,80356.2825,0,1550000,0.28305468,-8.13E-05,300.8468,0,2.152290789,18.988795,13.22012,24.75747,1.55,38.13,FALSE
8/24/2017,295.59058,289.4878,301.69336,1.125174765,0.763674485,80064.345,0,1100000,0.2528929,-3.70E-05,300.564455,0,1.359859173,22.44058,16.3378,28.54336,1.1,38.12,FALSE
8/25/2017,295.4115,287.4187,303.4043,1.48986245,0.53645695,79880.22,5.54E-05,1360000,0.378159988,-2.55E-05,300.758175,0,1.583501241,22.2615,14.2687,30.2543,1.36,38.13,FALSE
8/26/2017,297.959465,292.53833,303.3806,1.150147915,1.9693282,80171.155,6.81E-07,1100000,0.44799462,-2.76E-05,301.876465,0,2.280590666,24.809465,19.38833,30.2306,1.1,38.15,FALSE
8/27/2017,298.818115,291.53198,306.10425,-0.68518851,0.634163293,80433.72,2.96E-06,1150000,0.65841295,-2.12E-05,302.67395,0,0.933620039,25.668115,18.38198,32.95425,1.15,38.15,FALSE
8/28/2017,299.271235,292.19067,306.3518,-0.107797033,1.15864045,80417,2.40E-05,1170000,0.45309487,-2.21E-05,303.031365,0,1.163644229,26.121235,19.04067,33.2018,1.17,38.14,FALSE
8/29/2017,297.293085,289.55737,305.0288,1.6270148,1.7546038,80311.5625,0,1460000,0.342286915,-2.04E-05,302.22888,0,2.392866828,24.143085,16.40737,31.8788,1.46,38.14,FALSE
8/30/2017,297.23767,289.76318,304.71216,0.329517975,0.18509115,80272.0625,0,1010000,0.74656365,-4.26E-05,304.384035,0,0.377942892,24.08767,16.61318,31.56216,1.01,38.14,FALSE
8/31/2017,291.978265,286.10693,297.8496,1.083712885,1.33429245,80264.125,0,1450000,0.548174865,-3.29E-05,298.05066,0,1.718944432,18.828265,12.95693,24.6996,1.45,38.14,FALSE
9/1/2017,293.89905,287.0962,300.7019,1.424947915,1.28820325,80405.375,0,1550000,0.2737965,-6.62E-05,301.015255,0,1.92092274,20.74905,13.9462,27.5519,1.55,38.15,FALSE
9/2/2017,296.71252,289.75854,303.6665,-1.030750815,-0.3176918,80434.53,0,1530000,0,-5.03E-05,300.880365,0,1.078598777,23.56252,16.60854,30.5165,1.53,38.15,FALSE
9/3/2017,298.864385,291.92017,305.8086,-1.6756749,0.544249872,80438.22,0,964862.25,0.000405204,-2.11E-05,302.39429,0,1.761844004,25.714385,18.77017,32.6586,0.96486225,38.15,FALSE
9/4/2017,297.94555,290.3911,305.5,-0.832332185,0.8206344,80420.0925,8.24E-06,1160000,0.684427935,-2.40E-05,302.17505,0,1.168853149,24.79555,17.2411,32.35,1.16,38.15,FALSE
9/5/2017,298.25036,290.5078,305.99292,-0.92890275,0.90679559,80350.53,0,1270000,0.426678612,-2.52E-05,302.02881,0,1.298128869,25.10036,17.3578,32.84292,1.27,38.15,FALSE
9/6/2017,296.413815,289.26196,303.56567,-1.118410215,0.67202075,80250.685,1.23E-06,1200000,0.287063,-2.06E-05,302.269165,0,1.304780938,23.263815,16.11196,30.41567,1.2,38.165,TRUE
9/7/2017,295.56934,287.92725,303.21143,-1.3188548,2.17009975,80137.1575,6.81E-07,1180000,0.438034948,-1.68E-05,302.122075,0,2.539431218,22.41934,14.77725,30.06143,1.18,38.18,FALSE
9/8/2017,293.779175,287.63818,299.92017,-0.188889415,3.31240845,79958.0325,6.10E-05,672640.5,0.334449985,-1.93E-05,299.640625,0,3.317789769,20.629175,14.48818,26.77017,0.6726405,38.18,FALSE
9/9/2017,290.166625,286.15845,294.1748,-0.04490105,3.32912635,80064.9675,0.000157708,1140000,0.82700522,-9.15E-05,297.56434,0,3.329429134,17.016625,13.00845,21.0248,1.14,38.19,FALSE
9/10/2017,289.62085,283.41626,295.82544,0.140882365,1.17398435,80339.875,0,1240000,0.14211881,-6.28E-05,294.972775,0,1.18240733,16.47085,10.26626,22.67544,1.24,38.19,FALSE
9/11/2017,293.29675,286.47192,300.12158,-1.834133375,0.3584325,80516.9075,0,1290000,0.426134255,-4.12E-05,297.647215,0,1.868828268,20.14675,13.32192,26.97158,1.29,38.19,FALSE
9/12/2017,294.845215,287.32446,302.36597,0.30479065,1.98241085,80356.47,0.001331816,901509.2,0.52352337,-7.28E-05,299.72986,0,2.005704395,21.695215,14.17446,29.21597,0.9015092,38.18,FALSE
9/13/2017,290.86279,285.1433,296.58228,1.49860354,2.27415805,80114.5925,0,1270000,0.56236085,-0.00014829,298.210815,0,2.723528485,17.71279,11.9933,23.43228,1.27,38.15,FALSE
9/14/2017,292.2583,285.42627,299.09033,1.7113005,1.8188777,79585.9075,1.19E-05,969609.4,0.398230716,-0.00011023,295.6084,0,2.497371716,19.1083,12.27627,25.94033,0.9696094,38.14,FALSE
9/15/2017,289.31604,282.02905,296.60303,3.18093305,-0.650949465,79442.0625,1.29E-06,1280000,0.39218402,-8.61E-05,293.817745,0,3.246855444,16.16604,8.87905,23.45303,1.28,38.17,FALSE
9/16/2017,282.588255,276.11255,289.06396,2.50922803,-1.363096,79924.53,0,1160000,0.209554566,-7.40E-05,289.1007,0,2.855565795,9.438255,2.96255,15.91396,1.16,38.18,FALSE
9/17/2017,286.90894,282.04858,291.7693,0.072722762,1.07237755,79883.0325,0,1300000,0.580818265,-5.41E-05,291.356325,0,1.074840551,13.75894,8.89858,18.6193,1.3,38.18,FALSE
9/18/2017,288.44458,281.16602,295.72314,2.37035235,1.24267992,79756.4075,0,1140000,0.126258783,-2.09E-05,292.05664,0,2.676345203,15.29458,8.01602,22.57314,1.14,38.16,FALSE
9/19/2017,290.34106,283.92212,296.76,5.2002511,0.48822293,79341.2175,2.64E-05,1250000,0.78667915,-6.69E-06,293.9325,0,5.2231191,17.19106,10.77212,23.61,1.25,38.17,FALSE
9/20/2017,284.604245,279.63745,289.57104,4.05514765,-0.09967425,79537.3425,1.83E-07,746403.8,0.054479906,-5.62E-06,290.27112,0,4.056372446,11.454245,6.48745,16.42104,0.7464038,38.16,FALSE
9/21/2017,287.14246,279.5005,294.78442,3.7377743,1.3685703,79023.5,0.001777933,241683.06,0.90169278,-7.33E-05,292.207765,0.000214165,3.980444873,13.99246,6.3505,21.63442,0.24168306,38.14,FALSE
9/22/2017,275.107175,273.99487,276.21948,0.8783332,0.52770651,79157.25,0.000334098,772881.7,0.6776401,-9.67E-05,283.51575,3.10E-06,1.024667444,1.957175,0.84487,3.06948,0.7728817,38.16,FALSE
9/23/2017,274.83545,271.01538,278.65552,0.58521235,-1.556199805,79548.97,1.36E-05,881709.25,0.83656685,-0.000121238,283.176755,5.50E-07,1.662597765,1.68545,-2.13462,5.50552,0.88170925,38.17,FALSE
9/24/2017,276.92517,272.62866,281.22168,1.66110085,-1.475200315,79706,5.04E-05,623941.8,0.438021555,-0.000117166,281.94592,0,2.221592223,3.77517,-0.52134,8.07168,0.6239418,38.19,FALSE
9/25/2017,277.54272,272.35864,282.7268,1.0617767,-1.1487927,79966.435,0,638410.44,0.493929341,-0.000132515,281.034665,0,1.564319158,4.39272,-0.79136,9.5768,0.63841044,38.18,FALSE
9/26/2017,281.015745,276.39355,285.63794,0.08162907,-1.788694405,79939.44,0,574662.94,0.83365435,-0.000134034,282.317875,0,1.790556053,7.865745,3.24355,12.48794,0.57466294,38.18,FALSE
9/27/2017,281.832765,276.15747,287.50806,-1.73050148,-1.486279695,80101.7825,0,1110000,0.251940875,-0.000166172,282.519165,0,2.28115381,8.682765,3.00747,14.35806,1.11,38.18,FALSE
9/28/2017,283.672485,277.1206,290.22437,-0.4885383,0.1500287,80194.78,0,1100000,0,-0.000156312,284.61242,0,0.511056045,10.522485,3.9706,17.07437,1.1,38.18,FALSE
9/29/2017,284.83166,277.83862,291.8247,0.429904219,0.80401011,80108,0,560964.8,0.002471944,-0.000130935,286.273685,0,0.911729069,11.68166,4.68862,18.6747,0.5609648,38.17,FALSE
9/30/2017,287.86645,282.4973,293.2356,1.30491825,-0.376157789,79828.625,1.28E-06,1020000,0.972298115,-0.000130859,287.67884,0,1.3580524,14.71645,9.3473,20.0856,1.02,38.16,FALSE
10/1/2017,284.728395,278.41553,291.04126,3.14093018,-1.3724475,79646.9075,0,1020000,0.446490893,-8.07E-05,286.429925,0,3.427689387,11.578395,5.26553,17.89126,1.02,38.16,FALSE
10/2/2017,278.29968,271.64868,284.95068,2.4421148,-2.07342787,79433.815,2.91E-06,731957.9,0.065067608,-5.81E-05,283.36841,0,3.203596078,5.14968,-1.50132,11.80068,0.7319579,38.17,FALSE
10/3/2017,277.48425,272.8877,282.0808,-0.228107,-1.134694091,79461.405,4.89E-05,557296.7,0.6799205,-5.65E-05,282.271485,0,1.157395129,4.33425,-0.2623,8.9308,0.5572967,38.17,FALSE
10/4/2017,280.628785,275.50293,285.75464,-0.2090964,2.0384355,79579.565,0.000360969,841088.75,0.92827947,-7.84E-05,283.874265,0.000229096,2.049131668,7.478785,2.35293,12.60464,0.84108875,38.18,FALSE
10/5/2017,279.30432,272.97314,285.6355,0.165645643,0.736941225,80111.94,0,873379.3,0.14793945,-9.01E-05,282.986695,0,0.755328305,6.15432,-0.17686,12.4855,0.8733793,38.19,FALSE
10/6/2017,279.42164,272.2798,286.56348,1.32796475,-0.79025225,80182.0925,0,916084.7,0,-9.75E-05,282.97204,0,1.545311941,6.27164,-0.8702,13.41348,0.9160847,38.2,FALSE
10/7/2017,282.281,274.4431,290.1189,1.30690047,0.3008642,80194.0325,0,929118.3,0,-0.000123483,283.92883,0,1.341084675,9.131,1.2931,16.9689,0.9291183,38.16,FALSE
10/8/2017,287.84729,280.47168,295.2229,3.4380679,0.480630785,79473.2175,0,899785.3,0,-5.95E-05,285.754035,0,3.471500661,14.69729,7.32168,22.0729,0.8997853,38.18,FALSE
10/9/2017,275.468505,270.40576,280.53125,0.9267082,-3.41359301,80088.155,0,917162.4,0.241221165,-6.00E-05,280.233155,0,3.537146495,2.318505,-2.74424,7.38125,0.9171624,38.2,FALSE
10/10/2017,276.46778,268.30176,284.6338,-2.085042,1.417678025,80228.0625,0,904427.44,0.13413492,-6.14E-05,280.927855,0,2.521351051,3.31778,-4.84824,11.4838,0.90442744,38.18,FALSE
10/11/2017,284.09595,277.35938,290.83252,0.61191363,3.1261096,79639.4075,0,656388.06,0.122066857,-2.35E-05,283.96387,0,3.185435531,10.94595,4.20938,17.68252,0.65638806,38.17,FALSE
10/12/2017,281.63256,273.0078,290.25732,3.25560045,0.151484632,79690.125,0,893206.4,0.3993486,-2.56E-05,283.94531,0,3.25912287,8.48256,-0.1422,17.10732,0.8932064,38.2,FALSE
10/13/2017,278.03601,270.29932,285.7727,1.5025897,1.19036225,80007.72,0,860652,0,-3.79E-05,282.195555,0,1.916960639,4.88601,-2.85068,12.6227,0.860652,38.2,FALSE
10/14/2017,279.52588,271.57446,287.4773,3.0173143,-0.76956632,80185.6875,0,851471.8,0.03333643,-2.33E-05,282.37281,0,3.113907177,6.37588,-1.57554,14.3273,0.8514718,38.23,FALSE
10/15/2017,276.0531,268.7058,283.4004,-1.83627555,-0.054899435,80855.595,0,839488.5,0,-3.11E-05,280.8529,0,1.837096035,2.9031,-4.4442,10.2504,0.8394885,38.21,FALSE
10/16/2017,281.89295,272.1482,291.6377,-0.032342833,1.47592778,80732.1875,0,701997.56,0.37913105,-3.79E-05,283.284305,0,1.476282111,8.74295,-1.0018,18.4877,0.70199756,38.21,FALSE
10/17/2017,285.740235,277.18457,294.2959,-0.09985957,0.17960455,80558.655,0,589949.94,0.96129522,-3.02E-05,285.72656,0,0.20549873,12.590235,4.03457,21.1459,0.58994994,38.19,FALSE
10/18/2017,285.05005,277.44263,292.65747,1.7643828,-0.42657508,80275.1875,0,778937.8,0.730203385,-2.73E-05,285.070685,0,1.815217057,11.90005,4.29263,19.50747,0.7789378,38.19,FALSE
10/19/2017,285.319585,275.9109,294.72827,0.20637591,2.1115394,79905.6875,0,727984.4,0.041161007,-1.69E-05,286.35315,0,2.121600729,12.169585,2.7609,21.57827,0.7279844,38.16,FALSE
10/20/2017,288.015265,281.2505,294.78003,2.98875,2.36059575,79027.5625,1.36E-07,550037.4,0.193500393,-1.31E-05,287.738285,9.09E-08,3.80854813,14.865265,8.1005,21.63003,0.5500374,38.17,FALSE
10/21/2017,274.244635,268.38477,280.1045,3.1738343,-0.77798697,79748.4075,0,651672.7,0.38918165,-1.79E-05,279.66492,0,3.26779557,1.094635,-4.76523,6.9545,0.6516727,38.22,FALSE
10/22/2017,279.349855,273.93457,284.76514,2.36219083,0.46059035,80546.0625,0,672125.44,0.477978675,-1.12E-05,282.1964,0,2.406675921,6.199855,0.78457,11.61514,0.67212544,38.23,FALSE
10/23/2017,285.25342,277.96558,292.54126,2.26339585,-0.56318135,81037,0,657480.2,0.08917704,-9.13E-06,285.228885,0,2.332409485,12.10342,4.81558,19.39126,0.6574802,38.24,FALSE
10/24/2017,283.8247,276.7307,290.9187,-0.192023484,-2.68994615,81377.8125,0,668228.2,0,-6.47E-06,285.165775,0,2.696791299,10.6747,3.5807,17.7687,0.6682282,38.22,FALSE
10/25/2017,283.58545,274.4099,292.761,-1.60249065,0.2221894,80875.815,0,649296.2,0,-1.29E-05,285.512695,0,1.617820884,10.43545,1.2599,19.611,0.6492962,38.18,FALSE
10/26/2017,286.23535,277.1875,295.2832,1.481298725,-0.88848125,80172.4075,0,618649.56,0,-1.72E-05,285.970095,0,1.727323028,13.08535,4.0375,22.1332,0.61864956,38.19,FALSE
10/27/2017,284.362185,277.4021,291.32227,0.29565875,-1.577015435,80380.1575,0,605669.2,0.28543135,-7.31E-06,284.907715,0,1.604491128,11.212185,4.2521,18.17227,0.6056692,38.2,FALSE
10/28/2017,284.462645,277.45752,291.46777,0.564317565,-1.623985865,80348.875,0,592398.06,0.37579933,-1.56E-05,285.610475,0,1.719239484,11.312645,4.30752,18.31777,0.59239806,38.2,FALSE
10/29/2017,285.21277,276.91626,293.50928,-0.00392715,0.2481866,80067.845,0,580559.4,0,-2.10E-05,286.64185,0,0.248217668,12.06277,3.76626,20.35928,0.5805594,38.18,FALSE
10/30/2017,286.27356,277.42188,295.12524,1.47948818,-0.1953144,79605,0,344911.7,0.24540075,-1.31E-05,286.71851,0,1.492324693,13.12356,4.27188,21.97524,0.3449117,38.17,FALSE
10/31/2017,282.72962,275.42944,290.0298,0.856313955,-1.6846929,79416.8425,0,564632,0.46777463,-1.04E-05,284.705325,0,1.889831674,9.57962,2.27944,16.8798,0.564632,38.2,FALSE
11/1/2017,279.80127,273.16187,286.44067,1.62850665,-0.0856252,79609,0,546408.44,0.052449405,-9.61E-06,283.241215,0,1.630756139,6.65127,0.01187,13.29067,0.54640844,38.19,FALSE
11/2/2017,283.341185,277.10864,289.57373,2.87851725,0.867800138,79368.44,0,420057.44,0.14649555,-6.69E-06,283.793085,0,3.006482769,10.191185,3.95864,16.42373,0.42005744,38.19,FALSE
11/3/2017,284.81421,278.86865,290.75977,1.574432975,2.97637985,79406.875,0,317804.06,0.074885829,-2.09E-06,284.9729,0,3.367146597,11.66421,5.71865,17.60977,0.31780406,38.2,FALSE
11/4/2017,282.040285,278.7959,285.28467,2.38759805,2.0423517,79367.75,3.68E-06,292782.3,0.75966081,-1.52E-06,283.32251,0,3.141946039,8.890285,5.6459,12.13467,0.2927823,38.2,FALSE
11/5/2017,278.185915,273.51685,282.85498,3.1486535,0.162107495,79340.75,5.91E-07,497245.5,0.423251985,-1.74E-06,280.802125,0,3.152823767,5.035915,0.36685,9.70498,0.4972455,38.2,FALSE
11/6/2017,277.0426,271.3352,282.75,3.08272088,-0.394394091,79502.685,0,473809.75,0.188478524,-1.58E-06,279.52906,0,3.107847281,3.8926,-1.8148,9.6,0.47380975,38.22,FALSE
11/7/2017,275.1604,269.17407,281.14673,1.846780965,-0.46363577,79952.5325,0,500795.38,0.244740265,-1.32E-06,278.549925,0,1.904089825,2.0104,-3.97593,7.99673,0.50079538,38.23,FALSE
11/8/2017,274.03003,267.16113,280.89893,-1.12320375,1.0824854,80112.0325,0,318696.56,0.460473489,-1.75E-06,278.79101,0,1.559923493,0.88003,-5.98887,7.74893,0.31869656,38.21,FALSE
11/9/2017,280.476675,276.73315,284.2202,-0.8220921,3.0089278,79648.125,0,347317.25,0.577754555,-2.21E-06,279.96021,0,3.119211748,7.326675,3.58315,11.0702,0.34731725,38.2,FALSE
11/10/2017,282.780395,277.36597,288.19482,1.78639365,1.259844335,79529.4375,0,433164.62,0.372842615,-1.76E-06,280.789185,0,2.185957461,9.630395,4.21597,15.04482,0.43316462,38.21,FALSE
11/11/2017,279.32459,273.5171,285.13208,2.05313245,-0.0720868,79701.625,0,444097.12,0.024230921,-1.67E-06,280.37073,0,2.054397567,6.17459,0.3671,11.98208,0.44409712,38.23,FALSE
11/12/2017,277.251585,269.79004,284.71313,-0.88658275,1.7296643,79971.5325,0,433627.25,0.017696415,-2.15E-06,279.973025,0,1.943648004,4.101585,-3.35996,11.56313,0.43362725,38.23,FALSE
11/13/2017,279.660645,273.17114,286.15015,-0.19874517,2.89125825,79947.685,0,411277.56,0.008241039,-2.11E-06,280.24353,0,2.898081074,6.510645,0.02114,13.00015,0.41127756,38.22,FALSE
11/14/2017,283.43482,278.3672,288.50244,1.98045685,1.19959165,79961.1875,1.50E-06,420057.62,0.353044926,-1.91E-06,282.57581,0,2.315432889,10.28482,5.2172,15.35244,0.42005762,38.23,FALSE
11/15/2017,279.342405,273.79736,284.88745,0.75700355,1.41235458,79976.22,0,218120.12,0.074367429,-2.45E-06,280.634035,0,1.602435594,6.192405,0.64736,11.73745,0.21812012,38.2,FALSE
11/16/2017,284.29126,280.39575,288.18677,1.6928894,3.8545161,79344.9675,0.000436627,99017.375,0.41762127,-1.49E-05,282.816895,0,4.209889415,11.14126,7.24575,15.03677,0.099017375,38.19,FALSE
11/17/2017,282.108765,279.90845,284.30908,4.28857475,1.87751865,79098.53,0.000769506,361241.56,0.96614525,-5.88E-05,282.28736,4.57E-08,4.681554194,8.958765,6.75845,11.15908,0.36124156,38.22,FALSE
11/18/2017,270.515995,265.96436,275.06763,1.24573205,-1.30475155,80244.905,0,370735.06,0.0781056,-2.93E-05,275.86206,0,1.803947047,-2.634005,-7.18564,1.91763,0.37073506,38.24,FALSE
11/19/2017,273.424685,268.11304,278.73633,-1.075345965,1.27986855,80255.9375,0,260565,0.05919102,-8.50E-06,275.49231,0,1.671655601,0.274685,-5.03696,5.58633,0.260565,38.22,FALSE
11/20/2017,279.15894,275.72388,282.594,0.43812376,1.75396065,79853.875,0,308201.88,0.9669101,-3.83E-05,277.589355,0,1.807852425,6.00894,2.57388,9.444,0.30820188,38.22,FALSE
11/21/2017,281.551875,278.2163,284.88745,1.6300626,1.04588375,80238.5625,0,290412,0.711024015,-1.86E-05,280.224485,0,1.936743891,8.401875,5.0663,11.73745,0.290412,38.25,FALSE
11/22/2017,282.40466,274.74194,290.06738,0.49699981,1.16540592,80725.97,0,301922.12,0.77017187,-1.50E-05,281.194705,0,1.266956893,9.25466,1.59194,16.91738,0.30192212,38.25,FALSE
11/23/2017,283.366455,277.59375,289.13916,-0.759498402,1.358436112,80640.0625,0,308523.56,0.82182602,-2.65E-05,281.92322,0,1.556337526,10.216455,4.44375,15.98916,0.30852356,38.22,FALSE
11/24/2017,284.69605,279.146,290.2461,1.60418225,1.4362815,80020.78,0,319180.3,0.5908474,-3.15E-05,282.14648,0,2.153208127,11.54605,5.996,17.0961,0.3191803,38.21,FALSE
11/25/2017,280.236565,274.2578,286.21533,0.56506457,0.83553083,80120.595,0,300051.8,0.573503315,-1.02E-05,279.644655,0,1.008667307,7.086565,1.1078,13.06533,0.3000518,38.23,FALSE
11/26/2017,284.55213,279.22656,289.8777,-1.2612605,1.8906455,80174.06,0,284058,0.866612175,-3.07E-05,281.172245,0,2.272733697,11.40213,6.07656,16.7277,0.284058,38.21,FALSE
11/27/2017,287.00659,284.00122,290.01196,0.72510935,3.7903772,79254.47,0.000135929,185858.88,0.77502102,-1.32E-05,283.64917,1.42E-05,3.859111671,13.85659,10.85122,16.86196,0.18585888,38.2,FALSE
11/28/2017,272.58728,269.11328,276.06128,1.04067284,-1.419132235,79890.2175,0,257662.19,0.35453793,-1.17E-05,276.89868,0,1.759811427,-0.56272,-4.03672,2.91128,0.25766219,38.23,FALSE
11/29/2017,274.198235,269.07397,279.3225,-0.00893895,0.990238866,80026.375,0,254391.75,0.44925576,-7.27E-06,276.5652,0,0.990279211,1.048235,-4.07603,6.1725,0.25439175,38.24,FALSE
11/30/2017,273.206425,266.88745,279.5254,-0.761933285,0.3971646,80273.8125,0,233923.75,0.087825987,-4.41E-06,276.12561,0,0.859233409,0.056425,-6.26255,6.3754,0.23392375,38.22,FALSE
12/1/2017,276.70508,270.90356,282.5066,0.66652084,0.709572315,79993.1875,0,228556.81,0.48827227,-7.27E-06,276.86902,0,0.973520878,3.55508,-2.24644,9.3566,0.22855681,38.22,FALSE
12/2/2017,275.101925,267.6704,282.53345,0.44268954,1.5498705,79835.9075,0,244082.62,0.15040317,-1.19E-05,276.71765,0,1.611853776,1.951925,-5.4796,9.38345,0.24408262,38.21,FALSE
12/3/2017,279.83203,277.10254,282.56152,0.093183875,3.189159,79339.345,3.01E-05,203301.75,0.46763287,-9.30E-06,277.45471,3.01E-05,3.190520077,6.68203,3.95254,9.41152,0.20330175,38.21,FALSE
12/4/2017,267.108525,262.9419,271.27515,3.1602464,-1.62395,79860.375,7.32E-06,214759.94,0.37902127,-7.17E-06,272.54407,7.61E-06,3.553079075,-6.041475,-10.2081,-1.87485,0.21475994,38.25,FALSE
12/5/2017,265.11207,260.6194,269.60474,0.21566722,-2.2426345,80474.375,0,255115.75,0.24780664,-1.29E-06,269.633785,0,2.252980659,-8.03793,-12.5306,-3.54526,0.25511575,38.26,FALSE
12/6/2017,267.291265,261.88403,272.6985,-0.309909555,-1.59833525,80793.97,0,261878.19,0,-8.02E-07,270.29322,0,1.628103038,-5.858735,-11.26597,-0.4515,0.26187819,38.26,FALSE
12/7/2017,267.86658,261.4253,274.30786,0.377253335,-0.85353716,81102.81,0,254518.06,0,-1.13E-06,269.970095,0,0.933191171,-5.28342,-11.7247,1.15786,0.25451806,38.27,FALSE
12/8/2017,268.87963,262.1765,275.58276,0.71770515,-0.4795671,81259.72,0,265892.38,0,-1.20E-06,270.9469,0,0.863183228,-4.27037,-10.9735,2.43276,0.26589238,38.26,FALSE
12/9/2017,270.92652,264.02954,277.8235,-0.028193924,-0.4850735,81109.155,0,275715.25,0,-9.65E-07,271.39612,0,0.485892167,-2.22348,-9.12046,4.6735,0.27571525,38.25,FALSE
12/10/2017,271.76074,264.23413,279.28735,-0.7645664,0.601883575,81115.03,0,280168.94,0.0711427,-1.02E-06,271.242925,0,0.973049648,-1.38926,-8.91587,6.13735,0.28016894,38.25,FALSE
12/11/2017,271.35083,263.29346,279.4082,-0.93203375,0.844367558,81002.125,0,290346.62,0,-1.12E-06,270.85389,0,1.257634082,-1.79917,-9.85654,6.2582,0.29034662,38.25,FALSE
12/12/2017,271.074465,263.16943,278.9795,-0.59922702,0.59786329,80998.875,0,293488.8,0,-1.66E-06,270.173095,0,0.846471225,-2.075535,-9.98057,5.8295,0.2934888,38.24,FALSE
12/13/2017,271.55651,263.4265,279.68652,0.343247925,-0.00765755,80635.72,0,285400.44,0.114869715,-2.84E-06,270.4679,0,0.343333331,-1.59349,-9.7235,6.53652,0.28540044,38.22,FALSE
12/14/2017,272.85547,267.08154,278.6294,1.22629025,-1.1660333,80353.53,0,289617.12,0.003733806,-1.26E-06,271.804935,0,1.692164718,-0.29453,-6.06846,5.4794,0.28961712,38.24,FALSE
12/15/2017,270.77685,263.7622,277.7915,-0.55894923,0.78674178,80549.905,0,201844.06,0.34409842,-3.27E-06,271.547235,0,0.965083867,-2.37315,-9.3878,4.6415,0.20184406,38.22,FALSE
12/16/2017,278.16125,273.8015,282.521,0.925372175,-0.7570426,79565,0.000157022,263752,1,-9.01E-06,275.280025,0.000157229,1.195586534,5.01125,0.6515,9.371,0.263752,38.21,FALSE
12/17/2017,266.446775,262.55835,270.3352,0.852022515,-3.0935651,79738.905,2.91E-06,278043,0.55714355,-7.70E-07,270.81922,3.00E-06,3.208751688,-6.703225,-10.59165,-2.8148,0.278043,38.24,FALSE
12/18/2017,268.13171,263.8037,272.45972,0.70442512,-0.15514805,80082.5625,0,263839.56,0.3554036,-1.78E-06,270.622075,0,0.721308302,-5.01829,-9.3463,-0.69028,0.26383956,38.25,FALSE
12/19/2017,272.520385,265.5415,279.49927,0.28586784,0.87083857,80154.9675,0,178821.25,0.467889065,-8.85E-06,272.589225,0,0.916558911,-0.629615,-7.6085,6.34927,0.17882125,38.23,FALSE
12/20/2017,278.40319,274.4265,282.37988,0.875594,3.54327,79377.0325,9.76E-05,171574.44,0.522512635,-8.05E-06,275.121585,9.76E-05,3.649853031,5.25319,1.2765,9.22988,0.17157444,38.22,FALSE
12/21/2017,266.896365,264.31006,269.48267,2.4167371,-3.94854925,79531.97,3.19E-05,279267.62,0.721092635,1.47E-06,270.10693,3.17E-05,4.629434025,-6.253635,-8.83994,-3.66733,0.27926762,38.26,FALSE
12/22/2017,265.1234,261.3474,268.8994,1.28147582,0.08750485,80139.375,8.26E-06,190865.69,0.48998099,-7.06E-06,268.342525,8.10E-06,1.284459955,-8.0266,-11.8026,-4.2506,0.19086569,38.26,FALSE
12/23/2017,275.14685,274.1931,276.1006,1.7042346,1.38617879,80096.5,4.22E-05,281205.2,0.941249965,-9.83E-06,273.01941,4.21E-05,2.196794758,1.99685,1.0431,2.9506,0.2812052,38.26,FALSE
12/24/2017,273.923705,268.95093,278.89648,1.05939494,-0.29705715,80292.845,0,145079.25,0.6694735,-1.68E-06,273.53833,0,1.100254784,0.773705,-4.19907,5.74648,0.14507925,38.26,FALSE
12/25/2017,274.87622,272.66748,277.08496,0.439039,0.7634397,80014.75,0,268697.75,0.523799999,-8.21E-06,273.964235,0,0.880678953,1.72622,-0.48252,3.93496,0.26869775,38.25,FALSE
12/26/2017,274.02795,268.27148,279.78442,1.56495235,0.68344488,80008.75,0,338818.3,0.86269733,-7.97E-06,274.27283,0,1.707680521,0.87795,-4.87852,6.63442,0.3388183,38.27,FALSE
12/27/2017,274.026115,268.53613,279.5161,1.27464915,1.09658319,80294.19,0,298848.56,0,-7.55E-06,273.43787,0,1.681435443,0.876115,-4.61387,6.3661,0.29884856,38.27,FALSE
12/28/2017,274.15747,266.23804,282.0769,0.81379275,1.088962147,80422.9075,0,357565.3,0.51604691,-1.07E-05,273.261965,0,1.359447386,1.00747,-6.91196,8.9269,0.3575653,38.27,FALSE
12/29/2017,276.60864,271.19873,282.01855,1.4400215,1.98945665,80390.4675,0,312973.7,0.54764682,-8.27E-06,274.33154,0,2.455931531,3.45864,-1.95127,8.86855,0.3129737,38.26,FALSE
12/30/2017,278.56372,274.29248,282.83496,1.37173845,2.2786403,80237.97,0,322966.06,0.91581488,-2.41E-05,275.043335,0,2.659674415,5.41372,1.14248,9.68496,0.32296606,38.25,FALSE
12/31/2017,278.610595,274.34033,282.88086,1.6542195,0.6006567,79984.565,0,380554.3,0.9863483,-1.39E-05,275.480955,0,1.759895061,5.460595,1.19033,9.73086,0.3805543,38.26,FALSE
1/1/2018,276.810065,270.9712,282.64893,0.28881505,0.27226835,80296.9375,0,390123.38,0.69752389,-1.90E-05,275.705925,0,0.396918364,3.660065,-2.1788,9.49893,0.39012338,38.28,FALSE
1/2/2018,277.369875,270.45605,284.2837,0.077085685,-0.61983195,80613.9675,0,328337.12,0,-8.19E-06,275.680785,0,0.624606956,4.219875,-2.69395,11.1337,0.32833712,38.28,FALSE
1/3/2018,275.174805,268.86133,281.48828,-1.01018565,0.5448647,80533.375,0,356452.8,0.9993376,-8.36E-06,275.59961,0,1.147759813,2.024805,-4.28867,8.33828,0.3564528,38.26,FALSE
1/4/2018,277.96594,272.64575,283.28613,-1.00808015,0.811848528,80073.125,6.80E-05,356830.5,0.72169024,-1.53E-05,276.99707,0,1.29434293,4.81594,-0.50425,10.13613,0.3568305,38.26,FALSE
1/5/2018,278.47412,271.99634,284.9519,-0.833822325,1.28601075,80119.9375,0,344025.2,0.4469233,-1.25E-05,277.4049,0,1.532671954,5.32412,-1.15366,11.8019,0.3440252,38.27,FALSE
1/6/2018,280.03613,277.21362,282.85864,-0.60985632,0.898670865,80144.53,5.97E-05,370509.25,0.9860583,-1.34E-05,278.85352,4.93E-06,1.086063559,6.88613,4.06362,9.70864,0.37050925,38.25,FALSE
1/7/2018,274.026,269.14648,278.90552,1.1069931,-0.8440714,80135.125,0,377679.56,0.349480515,-9.07E-06,275.883055,4.57E-08,1.392081266,0.876,-4.00352,5.75552,0.37767956,38.27,FALSE
1/8/2018,276.017945,272.27686,279.75903,-1.125266075,1.3153243,79843.19,8.16E-06,246579.5,0.99797165,-1.11E-05,276.02662,1.30E-06,1.730982887,2.867945,-0.87314,6.60903,0.2465795,38.24,FALSE
1/9/2018,276.018675,275.40747,276.62988,-1.78738305,2.43395855,79229.28,0.000266915,151649.75,0.977277535,-1.04E-05,275.89722,0,3.019750385,2.868675,2.25747,3.47988,0.15164975,38.21,FALSE
1/10/2018,278.13989,276.5913,279.68848,0.996316715,1.067288215,78930.845,0.000298997,232945.94,0.82926607,-1.38E-05,277.34302,8.94E-05,1.460051756,4.98989,3.4413,6.53848,0.23294594,38.25,FALSE
1/11/2018,275.055295,272.77783,277.33276,2.14096855,-0.2198758,79894.2825,0,411150.56,0.382437285,-3.10E-05,275.491585,4.00E-07,2.152229472,1.905295,-0.37217,4.18276,0.41115056,38.29,FALSE
1/12/2018,279.75049,275.99756,283.50342,2.3754687,1.069916375,80193.4075,0,434478,0.138625115,-2.36E-05,276.70447,0,2.605297026,6.60049,2.84756,10.35342,0.434478,38.3,FALSE
1/13/2018,275.298835,269.06787,281.5298,0.75293869,-0.053307065,80765.6875,0,478499.3,0.019921487,-2.26E-05,275.85278,0,0.754823366,2.148835,-4.08213,8.3798,0.4784993,38.3,FALSE
1/14/2018,277.331665,271.30127,283.36206,-0.34893173,-0.32511828,80842.0625,0,460381.75,0.290082002,-1.43E-05,276.273435,0,0.476922686,4.181665,-1.84873,10.21206,0.46038175,38.28,FALSE
1/15/2018,278.17322,272.10596,284.24048,-0.483994505,0.593104985,80436.72,0,499022.25,0.964348325,-2.08E-05,277.463135,0,0.765522177,5.02322,-1.04404,11.09048,0.49902225,38.27,FALSE
1/16/2018,277.719485,271.44897,283.99,-0.690267575,0.95386939,80228.435,2.74E-06,457839.62,0.872010325,-2.00E-05,277.859745,0,1.177427764,4.569485,-1.70103,10.84,0.45783962,38.28,FALSE
1/17/2018,277.1814,270.8457,283.5171,0.937426445,-0.1436305,80408.375,0,480261.2,0.60024258,-1.54E-05,277.598265,0,0.948365995,4.0314,-2.3043,10.3671,0.4802612,38.29,FALSE
1/18/2018,279.74768,275.34912,284.14624,-0.285774322,1.96247865,80345.125,0,380744.88,0.9843094,-2.16E-05,278.41003,0,1.983176597,6.59768,2.19912,10.99624,0.38074488,38.25,FALSE
1/19/2018,281.932735,277.7434,286.12207,0.137096128,3.8616944,79363.0925,0.000460159,121557.94,0.63563469,-1.14E-05,279.641725,0.000321525,3.864127196,8.782735,4.5934,12.97207,0.12155794,38.24,FALSE
1/20/2018,270.135135,267.59717,272.6731,1.0561767,-2.1113143,79295.5625,0.000166254,319016.8,0.996008935,-2.03E-05,274.204105,0.000166484,2.360753544,-3.014865,-5.55283,-0.4769,0.3190168,38.26,FALSE
1/21/2018,267.4021,264.51636,270.28784,1.68768885,-1.86111115,79705.75,1.83E-07,328268.56,0.456137985,-3.42E-06,272.2672,9.13E-08,2.512375045,-5.7479,-8.63364,-2.86216,0.32826856,38.29,FALSE
1/22/2018,268.362915,266.28296,270.44287,0.744518435,1.2791484,80185.9675,2.40E-05,238265.25,0.656498315,-1.02E-05,272.5509,1.45E-05,1.480043354,-4.787085,-6.86704,-2.70713,0.23826525,38.29,FALSE
1/23/2018,269.8064,263.542,276.0708,0.9609314,0.26990465,80252.375,0,376983.94,0.69976513,-3.50E-06,272.82983,0,0.998117065,-3.3436,-9.608,2.9208,0.37698394,38.29,FALSE
1/24/2018,271.002325,267.62915,274.3755,-1.17133665,2.60045575,80137.22,0,317456.12,0.52647074,-2.16E-05,273.658075,0,2.852086895,-2.147675,-5.52085,1.2255,0.31745612,38.26,FALSE
1/25/2018,275.13733,272.60913,277.66553,-0.27624715,3.8074423,79284.4075,0,322740.88,0.711894275,-2.34E-05,274.752565,0,3.817450636,1.98733,-0.54087,4.51553,0.32274088,38.25,FALSE
1/26/2018,267.44031,262.87622,272.0044,1.85543847,0.41681465,79578.875,7.74E-07,283686.94,0.001376822,-9.09E-06,272.493655,8.45E-07,1.901679881,-5.70969,-10.27378,-1.1456,0.28368694,38.3,FALSE
1/27/2018,268.76831,265.10327,272.43335,0.6147946,2.3550649,80208,0,322414.62,0.9864869,-8.21E-06,272.357665,0,2.43398913,-4.38169,-8.04673,-0.71665,0.32241462,38.31,FALSE
1/28/2018,272.0437,266.13525,277.95215,1.58528477,-0.07985279,80856.405,0,488271.56,0.5577497,-1.23E-05,273.59827,0,1.587294639,-1.1063,-7.01475,4.80215,0.48827156,38.32,FALSE
1/29/2018,274.70459,266.5769,282.83228,-0.72963923,1.1489384,81018.97,0,295580.7,0.592802975,-9.43E-06,274.756105,0,1.361041092,1.55459,-6.5731,9.68228,0.2955807,38.29,FALSE
1/30/2018,276.58825,270.5537,282.6228,0.19006505,2.4711809,80441.8125,0,565638.75,0.945202,-5.03E-05,275.296385,0,2.478479325,3.43825,-2.5963,9.4728,0.56563875,38.26,FALSE
1/31/2018,279.80884,273.5315,286.08618,2.42985775,2.0963044,79920.905,0,643053,0.692104485,-5.53E-05,276.698365,0,3.209158896,6.65884,0.3815,12.93618,0.643053,38.27,FALSE
2/1/2018,278.093015,271.30103,284.885,1.7129574,0.564376375,80048.81,0,594440,0.961188675,-5.97E-05,276.668945,0,1.803536456,4.943015,-1.84897,11.735,0.59444,38.28,FALSE
2/2/2018,277.5177,270.45728,284.57812,0.947986285,-0.18885375,80423.125,0,684739.3,0.477455098,-5.71E-05,277.022095,0,0.966614574,4.3677,-2.69272,11.42812,0.6847393,38.29,FALSE
2/3/2018,279.632685,272.70557,286.5598,1.83016535,-0.82167435,80491.72,0,734412.56,0.225973413,-5.41E-05,277.69446,0,2.006154018,6.482685,-0.44443,13.4098,0.73441256,38.29,FALSE
2/4/2018,277.677855,270.54565,284.81006,2.35729505,-0.934800175,80455,0,776235.56,0.142843548,-5.21E-05,277.4458,0,2.535880778,4.527855,-2.60435,11.66006,0.77623556,38.28,FALSE
2/5/2018,278.80273,271.39062,286.21484,1.8566084,-0.35657885,80151.03,0,804893.5,0.13341692,-4.09E-05,278.210325,0,1.890540459,5.65273,-1.75938,13.06484,0.8048935,38.26,FALSE
2/6/2018,277.594475,270.8662,284.32275,2.69095515,-0.886004175,79820.19,0,815175.1,0.016703472,-2.75E-05,277.64685,0,2.83306248,4.444475,-2.2838,11.17275,0.8151751,38.29,FALSE
2/7/2018,274.76917,268.6294,280.90894,0.81980264,-1.14833845,80492.6875,0,836956,0.015046617,-3.14E-05,276.447995,0,1.410942084,1.61917,-4.5206,7.75894,0.836956,38.31,FALSE
2/8/2018,277.57532,269.34668,285.80396,0.378724995,-0.74042415,80752.03,0,856444.2,0.540838005,-3.14E-05,278.33386,0,0.831661316,4.42532,-3.80332,12.65396,0.8564442,38.28,FALSE
2/9/2018,280.85291,272.1985,289.50732,2.39784815,-0.20367905,80226.75,0,748168.7,0.6705172,-1.89E-05,279.873775,0,2.406483099,7.70291,-0.9515,16.35732,0.7481687,38.25,FALSE
2/10/2018,280.53198,275.18652,285.87744,4.1968674,-0.70013462,79469.7175,0,936971,0.93115655,-5.29E-06,279.302,0,4.254865974,7.38198,2.03652,12.72744,0.936971,38.26,FALSE
2/11/2018,269.543085,263.66797,275.4182,-0.413045482,-2.0030638,79759.8425,5.13E-06,324509.75,0.094897955,-2.64E-06,273.6018,5.31E-06,2.045206874,-3.606915,-9.48203,2.2682,0.32450975,38.23,FALSE
2/12/2018,275.467285,270.7168,280.21777,1.8498659,1.827625485,78646.5,0.000231959,726334.44,0.9251613,-5.80E-06,275.789185,0.000222896,2.60042665,2.317285,-2.4332,7.06777,0.72633444,38.24,FALSE
2/13/2018,267.778805,264.01318,271.54443,0.127174405,-1.931431943,79550.875,0,760295.3,0.331970715,-3.03E-06,273.188355,0,1.93561429,-5.371195,-9.13682,-1.60557,0.7602953,38.29,FALSE
2/14/2018,273.62171,268.7776,278.46582,-0.60064392,1.96671675,79948.5,4.44E-06,594281.25,0.17648682,-1.23E-05,275.447145,4.43E-06,2.05639196,0.47171,-4.3724,5.31582,0.59428125,38.27,FALSE
2/15/2018,273.28553,268.16846,278.4026,3.4910817,-0.229864435,79626.405,5.29E-05,841622.8,0.7686982,-5.49E-06,276.25073,5.07E-05,3.498641035,0.13553,-4.98154,5.2526,0.8416228,38.3,FALSE
2/16/2018,268.23695,262.5525,273.9214,0.11887553,-0.6728773,80282.625,0,841162,0,-1.48E-05,273.03076,0,0.683297338,-4.91305,-10.5975,0.7714,0.841162,38.29,FALSE
2/17/2018,273.74206,266.48242,281.0017,2.24904473,-0.2237959,80059.0625,0,888110.9,0.000531764,-1.43E-05,275.51819,0,2.260151942,0.59206,-6.66758,7.8517,0.8881109,38.27,FALSE
2/18/2018,282.7732,277.4275,288.1189,3.65503505,1.9105072,79226.9075,3.29E-05,757963,0.18086875,-1.63E-05,279.25158,1.87E-05,4.124235563,9.6232,4.2775,14.9689,0.757963,38.21,FALSE
2/19/2018,271.640745,265.75952,277.52197,3.9207636,-2.18877175,78224.1575,0.000360325,640951,0.59496331,-1.34E-05,277.296135,0.000356096,4.490335063,-1.509255,-7.39048,4.37197,0.640951,38.24,FALSE
2/20/2018,262.312625,258.40552,266.21973,2.9182519,-1.2016713,78919.155,5.01E-07,791269.1,0.291100259,-7.67E-06,269.79712,4.01E-07,3.155979731,-10.837375,-14.74448,-6.93027,0.7912691,38.29,FALSE
2/21/2018,265.47217,263.3523,267.59204,1.69270195,0.330659913,79470.0625,1.40E-05,605288.2,0.62132703,-1.83E-05,270.405155,1.42E-05,1.724695877,-7.67783,-9.7977,-5.55796,0.6052882,38.28,FALSE
2/22/2018,266.91517,262.8235,271.00684,1.564594095,0.1556659,79327.125,0.000538741,473039.06,0.884412795,-1.36E-05,272.04126,0.00053687,1.572318846,-6.23483,-10.3265,-2.14316,0.47303906,38.27,FALSE
2/23/2018,266.166015,262.96655,269.36548,2.4212385,-0.256202425,79186.9675,0.000166476,569114.94,0.94075258,-1.35E-05,271.573235,0.000166856,2.434755749,-6.983985,-10.18345,-3.78452,0.56911494,38.3,FALSE
2/24/2018,261.42066,257.27612,265.5652,2.1823364,-0.32433745,79927.4375,0.000190607,311775,0.184239385,-2.20E-05,268.962645,0.000189102,2.206306176,-11.72934,-15.87388,-7.5848,0.311775,38.28,FALSE
2/25/2018,266.61865,263.08618,270.15112,2.65064085,0.341916475,79701.625,0,506013.38,0.515365263,-1.41E-05,269.666985,3.95E-08,2.672602438,-6.53135,-10.06382,-2.99888,0.50601338,38.29,FALSE
2/26/2018,270.49512,268.19336,272.79688,1.06826033,2.107091785,79462.125,0.000255088,238642.69,0.87240994,-2.20E-05,272.922365,0.000254828,2.36241739,-2.65488,-4.95664,-0.35312,0.23864269,38.24,FALSE
2/27/2018,269.635745,266.47437,272.79712,0.28776172,-2.40710875,78962.345,0.000170098,280673.38,0.994021295,-1.29E-05,274.7423,0.000170108,2.424248201,-3.514255,-6.67563,-0.35288,0.28067338,38.26,FALSE
2/28/2018,264.621825,259.36255,269.8811,1.1397357,-0.0148482,79452.1575,2.22E-06,372291.2,0.741333425,-8.89E-06,272.568115,2.49E-06,1.139832415,-8.528175,-13.78745,-3.2689,0.3722912,38.28,FALSE
3/1/2018,270.81824,269.82568,271.8108,-0.09771128,2.3316803,79386.875,1.89E-05,397784.94,0.578883435,-7.06E-05,272.4231,1.91E-05,2.333726744,-2.33176,-3.32432,-1.3392,0.39778494,38.26,FALSE
3/2/2018,276.24951,274.83667,277.66235,-0.172616185,6.0874662,78712.7825,0.000497583,181694.19,0.42036117,-4.35E-05,273.08789,0.000496338,6.08991306,3.09951,1.68667,4.51235,0.18169419,38.24,FALSE
3/3/2018,267.736575,265.57495,269.8982,-0.32821485,-1.6930206,78880.375,0.001112301,133561.06,0.68283847,-6.07E-06,273.09461,0.001112667,1.724541603,-5.413425,-7.57505,-3.2518,0.13356106,38.24,FALSE
3/4/2018,264.873785,260.00537,269.7422,1.19911055,0.47438255,79192.6875,9.78E-07,250558.5,0.992509275,2.64E-06,272.96691,9.40E-07,1.289536706,-8.276215,-13.14463,-3.4078,0.2505585,38.3,FALSE
3/5/2018,261.37561,256.23682,266.5144,0.730261848,1.57479,80150.0925,1.83E-07,275180.88,0.21313539,1.62E-06,272.952755,2.39E-07,1.735870361,-11.77439,-16.91318,-6.6356,0.27518088,38.33,FALSE
3/6/2018,261.21467,254.65004,267.7793,-0.69669139,0.97331896,80290.5325,3.65E-07,222133.62,0.06820473,-2.20E-06,272.59741,4.36E-07,1.196966453,-11.93533,-18.49996,-5.3707,0.22213362,38.32,FALSE
3/7/2018,263.902345,258.97803,268.82666,-0.972331865,0.996128875,80179.3125,0,174753.38,0.9506808,-4.18E-06,272.316405,0,1.392013646,-9.247655,-14.17197,-4.32334,0.17475338,38.3,FALSE
3/8/2018,269.9591,266.8579,273.0603,-0.6282307,1.73831845,79843.5625,0,309250.38,0.552038705,-5.82E-06,272.28321,0,1.848357337,-3.1909,-6.2921,-0.0897,0.30925038,38.29,FALSE
3/9/2018,272.307005,268.73657,275.87744,0.53666836,1.99650285,79691.125,0,294294.06,0.57673624,-1.13E-06,272.57593,0,2.067374315,-0.842995,-4.41343,2.72744,0.29429406,38.29,FALSE
3/10/2018,272.93738,269.29956,276.5752,0.66498043,0.74615856,79561.94,0,359071.06,0.93943095,-6.80E-06,272.847655,0,0.999475647,-0.21262,-3.85044,3.4252,0.35907106,38.29,FALSE
3/11/2018,274.126955,271.96216,276.29175,-0.69551657,0.516287225,79642.155,0,442394.3,0.285814195,1.07E-06,272.970465,0,0.866196166,0.976955,-1.18784,3.14175,0.4423943,38.32,FALSE
3/12/2018,272.473755,265.93823,279.00928,0.019533461,1.2927898,80123.9675,0,511046.25,0.490979617,-4.50E-07,273.04443,1.98E-08,1.292937362,-0.676245,-7.21177,5.85928,0.51104625,38.31,FALSE
3/13/2018,275.09766,269.83057,280.36475,-1.2983322,1.074602785,79860.7825,0,510809.12,0.28155154,-1.82E-05,273.13965,0,1.685359798,1.94766,-3.31943,7.21475,0.51080912,38.29,FALSE
3/14/2018,280.37586,277.73682,283.0149,-0.17158373,3.1196747,79178.0625,0.00061251,172209.81,0.87522045,-3.08E-06,273.9845,0.000504534,3.124389734,7.22586,4.58682,9.8649,0.17220981,38.27,FALSE
3/15/2018,270.032225,265.94775,274.1167,0.69502066,0.4668805,78980.7175,4.86E-06,358913,0.598329965,-2.17E-05,273.728395,4.94E-06,0.837276011,-3.117775,-7.20225,0.9667,0.358913,38.29,FALSE
3/16/2018,270.97327,269.72314,272.2234,-0.1367854,2.40759135,78967.595,0.000504414,227685.19,0.57428931,-3.09E-05,273.19836,0.000471851,2.411473897,-2.17673,-3.42686,-0.9266,0.22768519,38.29,FALSE
3/17/2018,270.713505,266.20557,275.22144,1.048466465,1.48524665,78741.8125,1.95E-05,397740.7,0.7767629,-2.03E-05,273.203975,1.97E-05,1.818031776,-2.436495,-6.94443,2.07144,0.3977407,38.32,FALSE
3/18/2018,263.63855,257.46167,269.81543,1.8007922,1.22593613,79353.47,1.68E-06,402942.06,0.46728302,-2.30E-05,273.03479,1.56E-06,2.178479273,-9.51145,-15.68833,-3.33457,0.40294206,38.33,FALSE
3/19/2018,266.59217,261.89014,271.2942,0.817137815,0.790227085,79910.44,0,468829.88,0.9907148,-2.52E-05,272.81213,1.05E-07,1.136737901,-6.55783,-11.25986,-1.8558,0.46882988,38.33,FALSE
3/20/2018,269.56287,263.08154,276.0442,-0.260919775,1.73935315,79811.25,1.87E-05,260093.62,0.41523659,-1.08E-05,272.94006,1.87E-05,1.758814518,-3.58713,-10.06846,2.8942,0.26009362,38.31,FALSE
3/21/2018,274.818235,272.44873,277.18774,0.153249325,2.51118425,79517.81,2.38E-05,444155.44,0.61286074,-5.69E-06,272.90662,2.43E-07,2.515856056,1.668235,-0.70127,4.03774,0.44415544,38.3,FALSE
3/22/2018,279.29749,279.0525,279.54248,-0.60856719,4.639215,79297.53,0.000214798,622507.56,0.99728285,-3.16E-05,273.729125,0,4.678960338,6.14749,5.9025,6.39248,0.62250756,38.28,FALSE
3/23/2018,276.55859,272.3894,280.72778,1.65511845,3.23270265,79257.03,4.55E-07,887185.06,0.942262295,-0.000115912,276.327635,4.94E-07,3.631774154,3.40859,-0.7606,7.57778,0.88718506,38.3,FALSE
3/24/2018,277.91748,273.83252,282.00244,1.341172625,0.92650795,79324.9075,4.90E-05,895427.2,0.143309655,-0.00012468,276.96143,4.32E-05,1.630080057,4.76748,0.68252,8.85244,0.8954272,38.29,FALSE
3/25/2018,274.57056,269.19482,279.9463,2.7208767,-0.46984695,79059.06,5.83E-05,1040000,0.118617923,-0.000118896,276.01294,5.76E-05,2.761145808,1.42056,-3.95518,6.7963,1.04,38.31,FALSE
3/26/2018,268.18151,263.77612,272.5869,2.33553505,-1.98249218,79519.405,3.35E-05,817143.9,0.272780065,-0.00012276,273.42858,3.38E-05,3.063494608,-4.96849,-9.37388,-0.5631,0.8171439,38.34,FALSE
3/27/2018,270.99585,266.11914,275.87256,0.8568534,-2.89831735,80132.565,5.23E-06,782862.4,0.43085462,-0.000112515,273.23023,0,3.02232381,-2.15415,-7.03086,2.72256,0.7828624,38.34,FALSE
3/28/2018,276.64966,271.57935,281.71997,1.3329009,-2.3891073,80266.28,0,1380000,0.81389874,-0.000195102,275.538695,0,2.735773839,3.49966,-1.57065,8.56997,1.38,38.33,FALSE
3/29/2018,278.398925,270.93262,285.86523,2.47349215,-1.054363,80111.5,0,916229.9,0.28181997,-0.000164442,277.46411,0,2.688837063,5.248925,-2.21738,12.71523,0.9162299,38.34,FALSE
3/30/2018,278.46118,271.10742,285.81494,1.4961917,-0.8429265,80231.155,0,1350000,0.52676514,-0.000234548,277.829225,0,1.71729866,5.31118,-2.04258,12.66494,1.35,38.34,FALSE
3/31/2018,281.976435,274.51587,289.437,2.24634505,0.5950155,80061.28,0,1090000,0.959156265,-0.000212769,279.856445,0,2.323813574,8.826435,1.36587,16.287,1.09,38.33,FALSE
4/1/2018,282.40381,274.97095,289.83667,3.1443095,0.826036165,79743.5,0,1520000,0.489993065,-0.000245068,279.55542,0,3.251002611,9.25381,1.82095,16.68667,1.52,38.31,FALSE
4/2/2018,283.592285,276.68262,290.50195,3.7531724,0.72523796,79186.625,1.74E-05,1460000,0.67004,-0.000202919,281.42224,0,3.822600314,10.442285,3.53262,17.35195,1.46,38.31,FALSE
4/3/2018,275.483025,267.1704,283.79565,2.48139805,-2.039437645,79543.0625,0,1310000,0.2025899,-0.000174599,278.59802,0,3.211953018,2.333025,-5.9796,10.64565,1.31,38.34,FALSE
4/4/2018,280.09864,273.62378,286.5735,1.49424672,1.5033908,79808.8125,1.93E-06,1110000,0.561766565,-0.000161213,279.80494,0,2.11965968,6.94864,0.47378,13.4235,1.11,38.34,FALSE
4/5/2018,282.60315,278.1438,287.0625,2.003173838,-0.12799405,79969.1875,1.22E-05,769321.7,0.64574067,-0.000134672,281.66699,0,2.007258802,9.45315,4.9938,13.9125,0.7693217,38.33,FALSE
4/6/2018,284.487915,279.53198,289.44385,2.37401865,0.79571477,79593.22,0.001463991,243389.12,0.94630825,-6.32E-05,282.71521,0,2.503822387,11.337915,6.38198,16.29385,0.24338912,38.33,FALSE
4/7/2018,282.121215,281.5083,282.73413,0.60351445,0.590682,79382.655,0.000124054,1380000,0.98382555,-0.000254557,281.44141,0,0.844473159,8.971215,8.3583,9.58413,1.38,38.3,FALSE
4/8/2018,280.9862,274.7661,287.2063,5.410191,0.189100215,79390.435,0,1600000,0.14740173,-0.000234786,280.698485,0,5.413494763,7.8362,1.6161,14.0563,1.6,38.34,FALSE
4/9/2018,278.7771,272.66235,284.89185,2.90850097,-0.65085453,80144.5,0,1640000,0.009474349,-0.000225932,279.52624,0,2.98043445,5.6271,-0.48765,11.74185,1.64,38.35,FALSE
4/10/2018,284.356075,279.07983,289.63232,-0.03772902,1.6322247,80285.9375,3.81E-06,1250000,0.9791581,-0.000255836,283.084595,0,1.632660697,11.206075,5.92983,16.48232,1.25,38.32,FALSE
4/11/2018,286.96765,280.68945,293.24585,2.2007275,1.49391985,79721.31,2.06E-06,1070000,0.498705903,-0.000187382,283.905025,0,2.659886849,13.81765,7.53945,20.09585,1.07,38.29,FALSE
4/12/2018,282.784915,274.22046,291.34937,4.985044,-0.24595385,78992.3425,0.000172637,1120000,0.73269126,-0.000119486,283.833255,0.000164031,4.991107791,9.634915,1.07046,18.19937,1.12,38.32,FALSE
4/13/2018,272.81372,269.98022,275.64722,4.90874195,-3.6921611,79912.8125,0,1500000,0.60713196,-0.000130218,277.74512,4.57E-08,6.142296079,-0.33628,-3.16978,2.49722,1.5,38.37,FALSE
4/14/2018,276.105965,270.0298,282.18213,0.73565617,-1.14302445,80630.1875,0,1370000,0.35978517,-0.000147009,279.14417,0,1.359299413,2.955965,-3.1202,9.03213,1.37,38.34,FALSE
4/15/2018,283.711545,278.01245,289.41064,2.1180625,0.953572725,79968.25,0,1310000,0.65646532,-0.000155332,283.61316,0,2.322819342,10.561545,4.86245,16.26064,1.31,38.29,FALSE
4/16/2018,285.69116,278.9707,292.41162,2.5963864,4.32942055,78846.6875,0.000411943,341811,0.535233735,-3.71E-05,284.78711,0.000393785,5.048277393,12.54116,5.8207,19.26162,0.341811,38.29,FALSE
4/17/2018,273.3114,271.42676,275.19604,2.02898695,-2.6580844,79264.03,1.59E-06,1370000,0.75352735,-8.41E-05,276.97986,1.47E-06,3.343979773,0.1614,-1.72324,2.04604,1.37,38.35,FALSE
4/18/2018,275.23889,270.1289,280.34888,0.28796865,0.34004767,79985.5,0,1110000,0.8354025,-0.000107175,279.760865,0,0.445598879,2.08889,-3.0211,7.19888,1.11,38.32,FALSE
4/19/2018,279.85328,275.8694,283.83716,0.55977897,1.86668255,79273.25,0.000457055,620952.06,0.92294869,-6.84E-05,280.94885,0.000160528,1.948808928,6.70328,2.7194,10.68716,0.62095206,38.33,FALSE
4/20/2018,276.74902,274.86816,278.62988,2.35372685,-2.7460585,79530.75,0,1640000,0.49507373,-0.000187369,278.526855,0,3.616748176,3.59902,1.71816,5.47988,1.64,38.36,FALSE
4/21/2018,279.424565,271.9026,286.94653,1.97713615,-1.24113415,80247.905,0,1670000,0,-0.000211114,280.936765,0,2.334412417,6.274565,-1.2474,13.79653,1.67,38.36,FALSE
4/22/2018,283.443235,274.93457,291.9519,0.466791215,0.06431965,80140.625,9.94E-06,1620000,0.240743545,-0.000204083,284.417115,0,0.471201715,10.293235,1.78457,18.8019,1.62,38.33,FALSE
4/23/2018,285.798835,277.39307,294.2046,2.74228905,1.076692985,79869.47,0,1750000,0.30287675,-0.000142544,285.93909,0,2.946085032,12.648835,4.24307,21.0546,1.75,38.35,FALSE
4/24/2018,284.07495,277.37207,290.77783,0.6491041,-1.47925045,80196.22,0,1740000,0,-0.000109134,285.96106,0,1.615400268,10.92495,4.22207,17.62783,1.74,38.36,FALSE
4/25/2018,283.81128,276.0752,291.54736,-1.49261,0.104182825,80237.5625,0,1630000,0.32700801,-9.93E-05,287.587165,0,1.496241516,10.66128,2.9252,18.39736,1.63,38.35,FALSE
4/26/2018,289.353025,281.95435,296.7517,1.22384075,-1.078898535,80180.9375,0,1660000,0.002028335,-7.21E-05,289.93982,0,1.631504897,16.203025,8.80435,23.6017,1.66,38.34,FALSE
4/27/2018,288.275635,279.55884,296.99243,-1.00395162,1.06302675,79785.03,0,1410000,0.421765985,-4.73E-05,292.263675,0,1.462171237,15.125635,6.40884,23.84243,1.41,38.32,FALSE
4/28/2018,288.03333,277.6067,298.45996,2.2533669,2.6282621,79339.935,0,1820000,0.256453463,-3.16E-05,290.583865,0,3.461997119,14.88333,4.4567,25.30996,1.82,38.32,FALSE
4/29/2018,284.12841,276.50952,291.7473,4.1672478,-0.09378095,79244.3125,0.00032774,661688.5,0.248785692,-3.01E-05,289.69055,0.000112409,4.168302903,10.97841,3.35952,18.5973,0.6616885,38.34,FALSE
4/30/2018,275.63819,273.11328,278.1631,2.4592189,-1.406916914,79417,8.31E-05,1310000,0.75168135,-8.83E-05,282.463255,2.05E-06,2.833226571,2.48819,-0.03672,5.0131,1.31,38.34,FALSE
5/1/2018,277.997315,273.16333,282.8313,0.382752325,-0.87325972,79235.25,3.67E-06,1520000,0.98290652,-9.25E-05,283.64075,1.98E-08,0.953457855,4.847315,0.01333,9.6813,1.52,38.33,FALSE
5/2/2018,279.00415,274.10034,283.90796,0.465324505,-2.86209155,79188.75,6.29E-05,1670000,0.446094588,-0.000107228,284.5531,0,2.899671522,5.85415,0.95034,10.75796,1.67,38.35,FALSE
5/3/2018,280.283565,274.04663,286.5205,1.46918245,-2.34274182,79820.3425,0,1610000,0.37575565,-7.74E-05,284.78967,0,2.765309441,7.133565,0.89663,13.3705,1.61,38.38,FALSE
5/4/2018,285.18176,278.36328,292.00024,0.56115523,-0.91136505,80433.4075,0,1660000,0.10409704,-6.83E-05,287.65869,0,1.070271669,12.03176,5.21328,18.85024,1.66,38.38,FALSE
5/5/2018,288.427735,280.69727,296.1582,0.31556265,0.2744131,80386.72,0,1140000,0.9943286,-2.31E-05,292.23401,0,0.418189354,15.277735,7.54727,23.0082,1.14,38.35,FALSE
5/6/2018,290.175535,283.47607,296.875,-0.20566545,3.5681572,80037.3125,0,1720000,0.7670913,-3.31E-05,292.04358,0,3.574079473,17.025535,10.32607,23.725,1.72,38.35,FALSE
5/7/2018,292.22559,285.0901,299.36108,2.835812075,0.613202,80018.22,0,1860000,0.60920328,-2.42E-05,293.932125,0,2.901352584,19.07559,11.9401,26.21108,1.86,38.36,FALSE
5/8/2018,291.976325,285.1526,298.80005,1.8292108,-0.88176253,80264.9075,0,1850000,0,-3.26E-05,294.827035,0,2.030644555,18.826325,12.0026,25.65005,1.85,38.36,FALSE
5/9/2018,293.80664,285.3435,302.26978,2.35705175,0.214552195,79992.4075,0,1380000,0.190868057,-2.58E-05,297.90442,0,2.366796484,20.65664,12.1935,29.11978,1.38,38.34,FALSE
5/10/2018,293.006345,286.81323,299.19946,3.50822785,-0.43907439,79644.875,0,1740000,0.99116397,-2.50E-05,295.61243,0,3.535597399,19.856345,13.66323,26.04946,1.74,38.33,FALSE
5/11/2018,289.070315,281.24976,296.89087,4.5041653,-1.70622925,79256.625,1.46E-05,1740000,0.84809545,-5.24E-05,294.98767,0,4.8165053,15.920315,8.09976,23.74087,1.74,38.33,FALSE
5/12/2018,278.752075,274.65112,282.85303,2.5299668,-3.00785775,79158.4075,4.78E-05,1450000,0.385389745,-0.000110883,287.300785,6.85E-07,3.930386782,5.602075,1.50112,9.70303,1.45,38.35,FALSE
5/13/2018,279.38256,276.3911,282.37402,2.0330133,1.09091855,79436.845,0.000542189,1070000,0.511075675,-0.000132589,285.902225,0,2.30721615,6.23256,3.2411,9.22402,1.07,38.36,FALSE
5/14/2018,280.378415,277.58643,283.1704,1.417964775,-1.71801275,79652.5625,0.000313774,1350000,0.832364705,-0.000193059,285.23901,0,2.22759779,7.228415,4.43643,10.0204,1.35,38.36,FALSE
5/15/2018,281.18566,276.9807,285.39062,0.0223474,0.4582981,79731,9.40E-05,1380000,0.3845419,-0.00021681,286.310185,0,0.458842625,8.03566,3.8307,12.24062,1.38,38.36,FALSE
5/16/2018,285.347535,280.37622,290.31885,0.876906,1.06184504,79757.4075,5.04E-06,1340000,0.33573652,-0.000212023,286.78711,0,1.37712709,12.197535,7.22622,17.16885,1.34,38.34,FALSE
5/17/2018,285.50793,278.48926,292.5266,2.07079315,1.8503281,79473.0925,0.000678788,1040000,0.64987355,-0.000129881,287.9364,0,2.777030491,12.35793,5.33926,19.3766,1.04,38.35,FALSE
5/18/2018,282.53039,279.21558,285.8452,1.450287,-1.526869784,79626.565,8.39E-05,1610000,0.6641675,-0.000202292,286.37829,0,2.105864126,9.38039,6.06558,12.6952,1.61,38.36,FALSE
5/19/2018,285.30945,280.3728,290.2461,0.81813425,-1.44735556,79677.28,0.000276542,1370000,0.143043895,-0.00016191,287.28064,0,1.662582861,12.15945,7.2228,17.0961,1.37,38.36,FALSE
5/20/2018,286.297485,280.39722,292.19775,-0.0150693,2.4187431,79651.2175,9.91E-05,1340000,0.617139545,-0.000137805,290.30591,0,2.418790042,13.147485,7.24722,19.04775,1.34,38.35,FALSE
5/21/2018,286.429685,281.41284,291.44653,0.24375055,1.09276485,79478.655,0.002501473,636597.6,0.979348,-0.000129743,290.544675,0,1.11962018,13.279685,8.26284,18.29653,0.6365976,38.35,FALSE
5/22/2018,282.575315,280.06396,285.08667,-0.13146546,1.74085318,79530.25,0.000643215,1100000,0.531521793,-0.00017418,288.1316,0,1.745810116,9.425315,6.91396,11.93667,1.1,38.36,FALSE
5/23/2018,285.426635,281.4685,289.38477,0.532295435,0.852301523,79550.03,2.84E-05,1500000,0.51624809,-0.000213631,289.06153,0,1.004866317,12.276635,8.3185,16.23477,1.5,38.36,FALSE
5/24/2018,286.4762,281.6194,291.333,1.121940032,1.8311317,79846.7825,0,1870000,0.31600079,-0.000232114,289.61194,0,2.147508496,13.3262,8.4694,18.183,1.87,38.36,FALSE
5/25/2018,290.83508,283.51416,298.156,-1.6045475,2.99304195,79768.25,1.12E-05,1890000,0.020473872,-0.000126766,291.5957,0,3.396008362,17.68508,10.36416,25.006,1.89,38.35,FALSE
5/26/2018,286.88367,278.48584,295.2815,1.83715245,2.63801765,79481.1575,0.000111397,1260000,0.278770663,-6.01E-05,290.87158,0,3.214695358,13.73367,5.33584,22.1315,1.26,38.36,FALSE
5/27/2018,283.333125,278.9331,287.73315,2.3779106,-2.289821515,79632.435,0.0001226,1090000,0.587315385,-9.82E-05,289.912475,0,3.30117273,10.183125,5.7831,14.58315,1.09,38.37,FALSE
5/28/2018,284.11731,280.41626,287.81836,1.0498194,-2.53779213,79886,0.000284567,1590000,0.705432515,-0.000224876,289.20655,0,2.746362989,10.96731,7.26626,14.66836,1.59,38.37,FALSE
5/29/2018,285.67224,279.43384,291.91064,0.171462685,0.13679405,80021.53,3.48E-06,1810000,0.05448681,-0.000244426,288.431265,0,0.219344625,12.52224,6.28384,18.76064,1.81,38.35,FALSE
5/30/2018,290.56909,284.76416,296.37402,1.39513065,0.66120805,79562,6.99E-05,1360000,0.455366135,-0.000145335,292.32239,0,1.543886529,17.41909,11.61416,23.22402,1.36,38.33,FALSE
5/31/2018,289.717285,283.11475,296.31982,2.18886838,0.0965829,79218.06,8.02E-05,1460000,0.59825267,-0.000132433,292.714475,0,2.190998184,16.567285,9.96475,23.16982,1.46,38.34,FALSE
6/1/2018,283.88636,277.34082,290.4319,2.18818045,0.05406315,79565.125,0,1980000,0.21999848,-0.00010409,288.18799,0,2.188848214,10.73636,4.19082,17.2819,1.98,38.38,FALSE
6/2/2018,287.079835,280.26392,293.89575,-0.374408005,-1.443629238,80451.375,0,1980000,0,-7.05E-05,291.75061,0,1.491390871,13.929835,7.11392,20.74575,1.98,38.38,FALSE
6/3/2018,292.0857,285.8816,298.2898,-1.10848645,-0.457065775,80266.75,0,1920000,0,-4.34E-05,295.506585,0,1.199020989,18.9357,12.7316,25.1398,1.92,38.36,FALSE
6/4/2018,294.76562,286.78394,302.7473,2.55296805,0.676583365,79961.97,0,1880000,0.056440048,-2.72E-05,298.04077,0,2.641100323,21.61562,13.63394,29.5973,1.88,38.35,FALSE
6/5/2018,295.87781,287.88477,303.87085,2.778185465,1.26798273,79655.25,0,1720000,0.159736215,-2.57E-05,298.974125,0,3.053865531,22.72781,14.73477,30.72085,1.72,38.35,FALSE
6/6/2018,294.97754,288.14795,301.80713,0.25295847,-0.09080595,79543.685,0,1750000,0.64648233,-1.70E-05,300.63855,0,0.268763294,21.82754,14.99795,28.65713,1.75,38.34,FALSE
6/7/2018,293.44605,285.0752,301.8169,1.60432165,2.84761665,79451.375,2.18E-06,1280000,0.19625065,-2.35E-05,298.492675,0,3.26845048,20.29605,11.9252,28.6669,1.28,38.36,FALSE
6/8/2018,291.99805,285.95728,298.03882,3.258431,0.2422992,79900.4075,0,1740000,0.279927012,-2.29E-05,297.36121,0,3.267427349,18.84805,12.80728,24.88882,1.74,38.37,FALSE
6/9/2018,295.29529,288.0669,302.52368,2.71936605,1.352347463,79770.47,4.80E-06,1670000,0.452153625,-1.78E-05,299.27527,0,3.037070196,22.14529,14.9169,29.37368,1.67,38.35,FALSE
6/10/2018,289.489385,278.0066,300.97217,4.27195545,0.6686192,79500.9675,0,2020000,0.498406807,-3.16E-05,296.58191,0,4.323962882,16.339385,4.8566,27.82217,2.02,38.37,FALSE
6/11/2018,287.000855,280.42676,293.57495,2.73703005,0.23934985,79858.78,0,2010000,0,-2.03E-05,293.976565,0,2.74747554,13.850855,7.27676,20.42495,2.01,38.37,FALSE
6/12/2018,291.5487,283.0271,300.0703,1.80889395,-1.92429065,79995.0325,0,1980000,0,-2.48E-05,297.47095,0,2.641020982,18.3987,9.8771,26.9203,1.98,38.37,FALSE
6/13/2018,297.08142,290.62036,303.54248,1.17654289,0.57923418,79844.405,0,1850000,0.0289677,-2.18E-05,301.332275,0,1.311398264,23.93142,17.47036,30.39248,1.85,38.36,FALSE
6/14/2018,297.57508,288.9651,306.18506,2.9076543,1.20729627,79579.5,0,1980000,0.32542785,-2.33E-05,301.460325,0,3.148335721,24.42508,15.8151,33.03506,1.98,38.35,FALSE
6/15/2018,295.91149,287.83398,303.989,3.29208575,-0.572918362,79396.9375,0,1870000,0.46871872,-1.67E-05,301.35217,0,3.341566105,22.76149,14.68398,30.839,1.87,38.34,FALSE
6/16/2018,293.623775,284.9641,302.28345,3.04170682,0.107462015,79096.5,0,1890000,0.37347397,-1.49E-05,299.595465,0,3.043604518,20.473775,11.8141,29.13345,1.89,38.34,FALSE
6/17/2018,294.34497,286.74048,301.94946,3.40274145,0.800252075,78931.3425,0.000568451,836853.9,0.112569988,-0.000117607,300.123045,0,3.49557617,21.19497,13.59048,28.79946,0.8368539,38.36,FALSE
6/18/2018,282.15076,279.48267,284.81885,2.62170795,0.4027765,79619,2.92E-06,971437.8,0.248640685,-0.000138806,289.0813,0,2.652467056,9.00076,6.33267,11.66885,0.9714378,38.38,FALSE
6/19/2018,286.17456,280.86108,291.48804,3.0314302,0.015575475,80074.8125,0,1950000,0.385356814,-0.000138831,289.319705,0,3.031470213,13.02456,7.71108,18.33804,1.95,38.38,FALSE
6/20/2018,290.01697,282.90308,297.13086,1.4663318,-0.69982758,80277.1875,0,1930000,0.008936821,-5.09E-05,293.65565,0,1.624773089,16.86697,9.75308,23.98086,1.93,38.37,FALSE
6/21/2018,296.435545,288.16235,304.70874,2.5019245,0.83778958,80086,0,2050000,0.264147285,-2.64E-05,299.739865,0,2.638468795,23.285545,15.01235,31.55874,2.05,38.37,FALSE
6/22/2018,294.8479,286.93115,302.76465,2.248546475,-1.73762425,80166.875,0,2010000,0,-2.13E-05,299.23181,0,2.841707107,21.6979,13.78115,29.61465,2.01,38.37,FALSE
6/23/2018,295.561405,288.02808,303.09473,2.5274544,-0.9767501,79913.22,0,2030000,0.423020335,-1.90E-05,301.30823,0,2.70962479,22.411405,14.87808,29.94473,2.03,38.36,FALSE
6/24/2018,292.38257,281.94434,302.8208,3.006064,-2.209737265,79929.9675,0,2060000,0,-2.28E-05,299.53857,0,3.730865791,19.23257,8.79434,29.6708,2.06,38.37,FALSE
6/25/2018,295.598015,288.91333,302.2827,0.656425745,-0.00576711,80043.9075,0,1990000,0,-2.18E-05,302.169065,0,0.656451078,22.448015,15.76333,29.1327,1.99,38.36,FALSE
6/26/2018,298.749515,290.33203,307.167,3.19763945,0.52303657,80017.5,0,2020000,0.09331742,-2.21E-05,302.638425,0,3.240133532,25.599515,17.18203,34.017,2.02,38.37,FALSE
6/27/2018,298.934445,290.31152,307.55737,2.8159152,-0.0894807,79965.2825,0,1860000,0.038178556,-2.08E-05,303.4303,0,2.817336545,25.784445,17.16152,34.40737,1.86,38.35,FALSE
6/28/2018,298.425905,289.68213,307.16968,2.9600191,0.200534255,79670.3125,0,2020000,0.25246346,-1.74E-05,303.69275,0,2.966804183,25.275905,16.53213,34.01968,2.02,38.35,FALSE
6/29/2018,293.39074,285.7661,301.01538,3.96279285,-0.3369121,79738.595,0,2010000,0.446976627,-1.93E-05,300.00891,0,3.977089003,20.24074,12.6161,27.86538,2.01,38.37,FALSE
6/30/2018,291.278445,283.33545,299.22144,1.9895541,-1.87532235,80005.3425,0,2040000,0.07014817,-1.85E-05,300.129515,0,2.73407378,18.128445,10.18545,26.07144,2.04,38.38,FALSE
7/1/2018,293.186155,286.49658,299.87573,0.949581975,-1.63582159,80276.0925,0,2030000,0,-2.68E-05,299.69995,0,1.891459278,20.036155,13.34658,26.72573,2.03,38.37,FALSE
7/2/2018,296.163205,288.44775,303.87866,2.14476395,-0.08376315,80152.72,0,1960000,0,-1.91E-05,302.60889,0,2.146399,23.013205,15.29775,30.72866,1.96,38.35,FALSE
7/3/2018,296.372685,288.68433,304.06104,3.289008128,0.1973681,79777.4675,0,1930000,0.279072615,-1.72E-05,301.06201,0,3.294924677,23.222685,15.53433,30.91104,1.93,38.35,FALSE
7/4/2018,294.15515,286.7246,301.5857,0.9286046,-1.2012816,79845.875,0,2040000,0.137817882,-1.73E-05,300.73755,0,1.518349099,21.00515,13.5746,28.4357,2.04,38.37,FALSE
7/5/2018,295.86352,287.07764,304.6494,-0.62898991,4.12124255,80231.5925,0,2040000,0.000457488,-1.94E-05,300.720945,0,4.168964915,22.71352,13.92764,31.4994,2.04,38.38,FALSE
7/6/2018,298.06922,290.1902,305.94824,1.4950619,2.84511263,80594.7175,0,2030000,0.004750459,-2.09E-05,301.72095,0,3.21401244,24.91922,17.0402,32.79824,2.03,38.38,FALSE
7/7/2018,298.71155,289.70728,307.71582,2.3108735,0.868655665,80487.185,0,1670000,0.047045827,-1.76E-05,303.544065,0,2.468744417,25.56155,16.55728,34.56582,1.67,38.36,FALSE
7/8/2018,300.046755,294.13208,305.96143,3.36709015,0.095901584,80298.75,0,1400000,0.177891138,-1.75E-05,303.51233,0,3.368455609,26.896755,20.98208,32.81143,1.4,38.36,FALSE
7/9/2018,298.72326,292.135,305.31152,2.3133149,0.009513945,80329.5625,0,1570000,0.271988723,-2.14E-05,304.96399,0,2.313334464,25.57326,18.985,32.16152,1.57,38.36,FALSE
7/10/2018,298.93395,291.1704,306.6975,1.09649343,0.51875015,80287.75,0,1310000,0.89311035,-1.79E-05,307.500975,0,1.213012597,25.78395,18.0204,33.5475,1.31,38.36,FALSE
7/11/2018,298.35975,291.5293,305.1902,0.02437255,0.71931497,80164.78,9.36E-06,1260000,0.328705338,-2.25E-05,304.9259,0,0.719727759,25.20975,18.3793,32.0402,1.26,38.35,FALSE
7/12/2018,298.2301,291.5681,304.8921,0.50976038,0.4334369,80004,0,1720000,0.335147305,-2.07E-05,305.47644,0,0.669121208,25.0801,18.4181,31.7421,1.72,38.36,FALSE
7/13/2018,298.311765,290.76538,305.85815,-0.212746885,-0.258975,80307.69,8.20E-05,879785.5,0.62417095,-6.07E-05,306.29822,0,0.335155617,25.161765,17.61538,32.70815,0.8797855,38.37,FALSE
7/14/2018,295.931025,292.9309,298.93115,0.52736398,2.6997428,80439.5325,0,1660000,0.759251,-4.74E-05,303.323235,0,2.750767884,22.781025,19.7809,25.78115,1.66,38.36,FALSE
7/15/2018,299.01855,290.5869,307.4502,-0.25220707,-0.99334,80282.47,3.09E-05,1490000,0.37292388,-2.03E-05,305.254515,0,1.024857435,25.86855,17.4369,34.3002,1.49,38.36,FALSE
7/16/2018,299.38562,292.3689,306.40234,1.42745926,-1.261218408,80275.0625,0,1760000,0.315817439,-2.40E-05,305.25708,0,1.904812802,26.23562,19.2189,33.25234,1.76,38.36,FALSE
7/17/2018,299.625855,292.57544,306.67627,3.2080245,-0.855503065,80309.25,0,1910000,0.482903152,-2.62E-05,305.39075,0,3.320136546,26.475855,19.42544,33.52627,1.91,38.36,FALSE
7/18/2018,300.9574,294.24756,307.66724,2.11332905,-1.246616965,80349.565,0,1950000,0.253006017,-2.08E-05,306.141475,0,2.453612343,27.8074,21.09756,34.51724,1.95,38.36,FALSE
7/19/2018,300.64246,292.23682,309.0481,3.2312021,-0.623429915,80265.6875,0,1550000,0.383460315,-1.92E-05,305.83215,0,3.290795021,27.49246,19.08682,35.8981,1.55,38.36,FALSE
7/20/2018,300.93982,293.13574,308.7439,2.8641143,0.6474056,80131.78,0.000593473,1260000,0.93221647,-4.85E-05,307.124625,0,2.936372717,27.78982,19.98574,35.5939,1.26,38.35,FALSE
7/21/2018,296.62512,291.7478,301.50244,1.33877995,0.48593106,80305.815,2.05E-06,1410000,0.71375081,-6.76E-05,305.7832,0,1.424240411,23.47512,18.5978,28.35244,1.41,38.34,FALSE
7/22/2018,296.20032,290.60376,301.79688,-0.01001817,1.69629715,80346.8125,6.08E-05,1780000,0.9123046,-8.87E-05,304.84716,0,1.696326733,23.05032,17.45376,28.64688,1.78,38.35,FALSE
7/23/2018,296.956425,290.4192,303.49365,0.104456935,-1.26304459,80558.625,3.77E-06,1490000,0.62317928,-2.51E-05,303.676025,0,1.267356654,23.806425,17.2692,30.34365,1.49,38.35,FALSE
7/24/2018,299.16553,293.29932,305.03174,-0.656824555,-1.21246015,80506.25,9.84E-05,1220000,0.201267034,-6.82E-05,305.50915,0,1.378940938,26.01553,20.14932,31.88174,1.22,38.33,FALSE
7/25/2018,298.46375,291.4602,305.4673,0.38085028,-0.4368401,80581.78,2.25E-06,1630000,0.362934219,-7.60E-05,304.16285,0,0.57954828,25.31375,18.3102,32.3173,1.63,38.36,FALSE
7/26/2018,298.409055,290.59985,306.21826,2.77591565,-0.8279853,80533.6875,0,1910000,0.87777935,-2.19E-05,303.91687,0,2.896768433,25.259055,17.44985,33.06826,1.91,38.35,FALSE
7/27/2018,299.882325,292.4397,307.32495,2.74364285,-0.114769,80318,0,1470000,0.2374995,-1.66E-05,305.91101,0,2.746042245,26.732325,19.2897,34.17495,1.47,38.35,FALSE
7/28/2018,299.15735,291.4607,306.854,1.7120972,-1.61394886,80229.9075,0,1910000,0.440009625,-1.99E-05,304.85668,0,2.352893484,26.00735,18.3107,33.704,1.91,38.35,FALSE
7/29/2018,300.00537,293.56738,306.44336,2.4827342,-0.51267917,80279.5,0,1750000,0.215145425,-1.92E-05,305.04846,0,2.535115192,26.85537,20.41738,33.29336,1.75,38.36,FALSE
7/30/2018,300.177985,293.82837,306.5276,0.7276864,-1.0821749,80363.5625,0,1630000,0.394360105,-2.15E-05,306.06128,0,1.304082057,27.027985,20.67837,33.3776,1.63,38.36,FALSE
7/31/2018,301.54821,295.4641,307.63232,0.430474635,0.49398755,80255.4375,7.70E-05,942652.56,0.127758387,-2.79E-05,308.145015,0,0.655234394,28.39821,22.3141,34.48232,0.94265256,38.36,FALSE
8/1/2018,298.48548,291.27686,305.6941,-0.5836006,2.58072185,80350.0325,2.69E-05,1490000,0.49888196,-3.35E-05,305.46741,0,2.645886416,25.33548,18.12686,32.5441,1.49,38.36,FALSE
8/2/2018,298.36804,291.66406,305.07202,1.88870565,0.39041675,80227.4075,3.54E-06,1620000,0.88487447,-2.51E-05,306.012205,0,1.928635339,25.21804,18.51406,31.92202,1.62,38.35,FALSE
8/3/2018,296.609615,288.80933,304.4099,0.94073369,1.142717805,80117.4375,0,1920000,0.4646056,-1.71E-05,304.000365,0,1.480129676,23.459615,15.65933,31.2599,1.92,38.35,FALSE
8/4/2018,297.13574,290.07104,304.20044,3.75825075,-0.04800365,80083.81,0,1820000,0.106731775,-1.59E-05,303.2146,0,3.75855731,23.98574,16.92104,31.05044,1.82,38.35,FALSE
8/5/2018,295.37842,286.81128,303.94556,4.03973685,0.97562025,79940.25,0,1930000,0.337280812,-1.65E-05,302.182375,0,4.155876404,22.22842,13.66128,30.79556,1.93,38.36,FALSE
8/6/2018,295.375,288.8181,301.9319,1.517317658,-0.34683187,80219.72,0,1890000,0,-1.90E-05,301.77466,0,1.556452769,22.225,15.6681,28.7819,1.89,38.36,FALSE
8/7/2018,296.60681,289.02026,304.19336,0.267629265,-0.997586775,80255.375,0,1880000,0,-2.04E-05,303.965575,0,1.032862429,23.45681,15.87026,31.04336,1.88,38.35,FALSE
8/8/2018,299.945925,293.28052,306.61133,-0.024218293,-0.87600032,80138.625,0,1890000,0,-2.14E-05,305.336305,0,0.876335031,26.795925,20.13052,33.46133,1.89,38.35,FALSE
8/9/2018,301.40857,294.85132,307.96582,-0.609857375,-0.29690935,80249.375,0,1820000,0,-2.01E-05,306.49829,0,0.678292842,28.25857,21.70132,34.81582,1.82,38.35,FALSE
8/10/2018,302.84533,296.7119,308.97876,-0.645029978,-1.01649912,80277.56,0,1580000,0.41144958,-1.79E-05,306.70056,0,1.20388294,29.69533,23.5619,35.82876,1.58,38.35,FALSE
8/11/2018,301.26123,293.70752,308.81494,1.66237215,-0.647214485,80214.0925,1.45E-06,1270000,0.165124412,-1.59E-05,305.627685,0,1.783919212,28.11123,20.55752,35.66494,1.27,38.35,FALSE
8/12/2018,300.322875,293.5708,307.07495,0.85157783,-0.34769475,80127.1575,1.10E-06,1240000,0.499943415,-1.70E-05,305.78613,0,0.919824135,27.172875,20.4208,33.92495,1.24,38.35,FALSE
8/13/2018,296.863285,290.0359,303.69067,0.91753085,0.5566543,80143.155,0,1710000,0.7737194,-2.03E-05,304.323365,0,1.073185385,23.713285,16.8859,30.54067,1.71,38.35,FALSE
8/14/2018,298.349125,291.6338,305.06445,2.2579543,0.0757861,80043.22,3.65E-07,1210000,0.51375295,-2.36E-05,304.470585,0,2.259225786,25.199125,18.4838,31.91445,1.21,38.35,FALSE
8/15/2018,297.155885,289.79517,304.5166,-0.04159043,2.4415531,80036.5625,1.29E-06,952398.1,0.76686508,-3.47E-05,304.562745,0,2.441907309,24.005885,16.64517,31.3666,0.9523981,38.36,FALSE
8/16/2018,295.837405,289.71216,301.96265,1.5247113,-0.981356485,80224.905,1.09E-06,1590000,0.492179215,-3.04E-05,303.21936,0,1.81323057,22.687405,16.56216,28.81265,1.59,38.36,FALSE
8/17/2018,297.007085,291.08447,302.9297,1.40420301,0.277303635,80464.1875,2.72E-06,1530000,0.210036615,-2.01E-05,303.82885,0,1.431322256,23.857085,17.93447,29.7797,1.53,38.36,FALSE
8/18/2018,296.22974,289.14722,303.31226,2.77786837,0.5879408,80508.0325,0,1770000,0.202357235,-2.38E-05,302.84363,0,2.839406111,23.07974,15.99722,30.16226,1.77,38.36,FALSE
8/19/2018,296.818235,289.10742,304.52905,1.86912205,-0.7441711,80414.815,0,1690000,0,-2.16E-05,301.99585,0,2.011817055,23.668235,15.95742,31.37905,1.69,38.35,FALSE
8/20/2018,298.40967,290.2605,306.55884,2.13650275,0.58952098,79982.06,0,1710000,0.740294665,-1.41E-05,304.561645,0,2.216343608,25.25967,17.1105,33.40884,1.71,38.34,FALSE
8/21/2018,296.96265,290.29224,303.63306,3.0948214,-1.32892705,79902.25,0,1550000,0.47271044,-1.31E-05,302.107665,0,3.368080552,23.81265,17.14224,30.48306,1.55,38.35,FALSE
8/22/2018,297.07532,289.79346,304.35718,3.2362723,-0.26756706,79980.5625,0,1730000,0.012804786,-1.30E-05,301.965455,0,3.247314357,23.92532,16.64346,31.20718,1.73,38.36,FALSE
8/23/2018,294.337155,286.26025,302.41406,3.31036375,0.176607025,80123.8425,0,1620000,0,-1.41E-05,300.47656,0,3.315071372,21.187155,13.11025,29.26406,1.62,38.36,FALSE
8/24/2018,296.051635,287.76733,304.33594,2.1413895,0.256239415,79920.5,0,1690000,0.120927123,-1.26E-05,301.89429,0,2.156665859,22.901635,14.61733,31.18594,1.69,38.35,FALSE
8/25/2018,293.91346,285.9026,301.92432,2.882501135,-0.18985505,79858.625,0,1680000,0,-1.25E-05,299.83472,0,2.888746741,20.76346,12.7526,28.77432,1.68,38.36,FALSE
8/26/2018,294.11535,285.6372,302.5935,3.54328345,0.61176212,79922.31,0,1660000,0.091972071,-1.10E-05,299.91064,0,3.595707232,20.96535,12.4872,29.4435,1.66,38.35,FALSE
8/27/2018,293.15979,285.63672,300.68286,4.752398,0.12495083,79751.935,0,1610000,0.073708463,-1.01E-05,298.41736,0,4.75404033,20.00979,12.48672,27.53286,1.61,38.36,FALSE
8/28/2018,290.91919,283.44458,298.3938,2.09897685,-1.46798395,79884.375,0,1600000,0,-1.29E-05,298.141115,0,2.561382575,17.76919,10.29458,25.2438,1.6,38.37,FALSE
8/29/2018,292.95007,286.28564,299.6145,0.40738934,-0.1588928,80051.565,0,1100000,0.001016697,-1.28E-05,300.551885,0,0.437279083,19.80007,13.13564,26.4645,1.1,38.36,FALSE
8/30/2018,295.33337,287.7766,302.89014,1.05408867,3.12220525,79880.56,0,1290000,0.658874175,-1.17E-05,299.85351,0,3.29534043,22.18337,14.6266,29.74014,1.29,38.37,FALSE
8/31/2018,293.25171,285.84375,300.65967,2.35629975,-0.0098158,79923.75,1.74E-06,1210000,0.611646745,-1.00E-05,299.112185,0,2.356320195,20.10171,12.69375,27.50967,1.21,38.37,FALSE
9/1/2018,291.4967,283.97314,299.02026,1.29270695,-2.2158451,79873.2825,0,1430000,0.344645745,-1.22E-05,298.53039,0,2.565357824,18.3467,10.82314,25.87026,1.43,38.37,FALSE
9/2/2018,293.746705,286.75293,300.74048,0.2369225,-2.0398412,79883.5625,0,1350000,0.2832967,-1.64E-05,299.00025,0,2.053554088,20.596705,13.60293,27.59048,1.35,38.37,FALSE
9/3/2018,295.83448,288.77686,302.8921,0.896538335,-0.08829832,79950.655,0,1260000,0.656729285,-1.29E-05,300.89734,0,0.900876007,22.68448,15.62686,29.7421,1.26,38.37,FALSE
9/4/2018,293.294555,284.96387,301.62524,0.88133925,-0.12962675,79996.0325,0,1250000,0.4609592,-1.22E-05,298.992435,0,0.890820952,20.144555,11.81387,28.47524,1.25,38.37,FALSE
9/5/2018,295.18847,288.36084,302.0161,-0.513723591,-0.2314057,80035.4375,0,1150000,0.29552671,-1.11E-05,300.058105,0,0.563436355,22.03847,15.21084,28.8661,1.15,38.38,FALSE
9/6/2018,294.190925,288.0984,300.28345,-0.346933815,2.1772299,80326.875,0,1120000,0.43835897,-1.08E-05,299.568975,0,2.204697963,21.040925,14.9484,27.13345,1.12,38.38,FALSE
9/7/2018,294.85803,289.21118,300.50488,2.035856655,0.42914312,80398.9675,0,1350000,0.44154817,-2.32E-05,299.42322,0,2.08059514,21.70803,16.06118,27.35488,1.35,38.38,FALSE
9/8/2018,296.066405,288.03613,304.09668,1.84359695,1.2399411,80199.0925,0,1460000,0.346020765,-1.30E-05,300.751465,0,2.221779387,22.916405,14.88613,30.94668,1.46,38.37,FALSE
9/9/2018,294.35559,285.87378,302.8374,2.66926762,0.1002541,79985.625,0,1460000,0.00903488,-1.81E-05,298.63306,0,2.671149661,21.20559,12.72378,29.6874,1.46,38.37,FALSE
9/10/2018,294.48559,286.15918,302.812,1.76087195,0.13391175,79905.185,0,1440000,0.41833873,-1.30E-05,299.27331,0,1.765956506,21.33559,13.00918,29.662,1.44,38.36,FALSE
9/11/2018,293.317015,283.84863,302.7854,2.8662155,-0.31384945,79749.6575,0,1440000,0,-1.12E-05,298.42774,0,2.883347494,20.167015,10.69863,29.6354,1.44,38.36,FALSE
9/12/2018,293.97302,286.9934,300.95264,3.060135265,1.158760035,79516.0325,0,904301.2,0.004365746,-7.76E-06,297.413455,0,3.27217858,20.82302,13.8434,27.80264,0.9043012,38.36,FALSE
9/13/2018,291.286375,284.29272,298.28003,3.2020725,1.778497615,79515.6575,0,1070000,0.376274167,-8.51E-06,294.977905,0,3.662829789,18.136375,11.14272,25.13003,1.07,38.37,FALSE
9/14/2018,290.091795,282.77246,297.41113,2.322079315,0.729519,79691.875,0,1360000,0.2730048,-9.04E-06,294.708985,0,2.43397829,16.941795,9.62246,24.26113,1.36,38.38,FALSE
9/15/2018,292.8335,285.28223,300.38477,0.94298985,3.45001175,79601.5325,0,1140000,0.15345383,-1.17E-05,296.500975,0,3.576564124,19.6835,12.13223,27.23477,1.14,38.37,FALSE
9/16/2018,290.637205,283.57788,297.69653,3.19884205,0.432204395,79670.2825,0,1350000,0.3472629,-1.14E-05,294.21814,0,3.227908162,17.487205,10.42788,24.54653,1.35,38.39,FALSE
9/17/2018,292.004275,283.86548,300.14307,1.22884245,0.657109025,79843.03,0,1340000,0,-1.01E-05,295.72925,0,1.393501359,18.854275,10.71548,26.99307,1.34,38.38,FALSE
9/18/2018,293.01904,284.95483,301.08325,1.486715475,1.475925,79703.72,0,1320000,0,-1.15E-05,295.615725,0,2.094917065,19.86904,11.80483,27.93325,1.32,38.38,FALSE
9/19/2018,291.185915,283.46167,298.91016,2.23082135,0.215293115,79620.69,0,1240000,0,-7.00E-06,295.067135,0,2.241186075,18.035915,10.31167,25.76016,1.24,38.38,FALSE
9/20/2018,288.07765,280.9922,295.1631,3.41766215,-0.624245225,79736.47,0,1280000,0,-2.03E-05,292.75561,0,3.474204466,14.92765,7.8422,22.0131,1.28,38.4,FALSE
9/21/2018,288.5166,280.6455,296.3877,-0.22295531,-0.01718855,80153.0925,0,1240000,0,-1.48E-05,294.199955,0,0.223616897,15.3666,7.4955,23.2377,1.24,38.4,FALSE
9/22/2018,291.503905,282.59106,300.41675,1.146357591,2.0569568,80139.7175,0,1220000,0,-1.08E-05,295.56653,0,2.354826321,18.353905,9.44106,27.26675,1.22,38.39,FALSE
9/23/2018,291.76465,283.75342,299.77588,2.75923757,1.17393085,79898.4675,0,1230000,0.203398554,-8.60E-06,294.9646,0,2.998583934,18.61465,10.60342,26.62588,1.23,38.39,FALSE
9/24/2018,289.104375,280.66895,297.5398,3.3725442,-0.54998395,79796.7825,0,1190000,0.041368425,-8.52E-06,293.497685,0,3.417094779,15.954375,7.51895,24.3898,1.19,38.415,TRUE
9/25/2018,287.67444,280.11768,295.2312,1.4835216,-1.9201354,80121.56,0,1190000,0,-7.65E-06,292.320185,0,2.426469924,14.52444,6.96768,22.0812,1.19,38.44,FALSE
9/26/2018,287.596805,280.24268,294.95093,1.02605195,-1.19376055,80398.2825,0,1170000,0,-1.85E-05,291.879635,0,1.574117802,14.446805,7.09268,21.80093,1.17,38.44,FALSE
9/27/2018,289.32959,281.0835,297.57568,1.55896665,-0.7656517,80408.25,0,1140000,0,-1.44E-05,292.7788,0,1.736836072,16.17959,7.9335,24.42568,1.14,38.43,FALSE
9/28/2018,291.458135,282.6587,300.25757,1.31334336,-0.34910345,80060.7175,0,971475.2,0.18711215,-1.00E-05,294.15259,0,1.358949594,18.308135,9.5087,27.10757,0.9714752,38.41,FALSE
9/29/2018,294.6521,287.58057,301.72363,1.022508375,2.1045003,79621.845,0,706811.44,0.90106368,-7.00E-06,295.7616,0,2.339753169,21.5021,14.43057,28.57363,0.70681144,38.4,FALSE
9/30/2018,292.23718,285.68652,298.78784,1.22847871,3.39712415,79411.625,0,1060000,0.460714657,-7.12E-06,293.705075,0,3.61242473,19.08718,12.53652,25.63784,1.06,38.43,FALSE
10/1/2018,290.46814,284.87256,296.06372,1.76929525,0.78410348,79679.19,3.56E-06,494088.8,0.087985013,-5.76E-06,294.03211,0,1.935258109,17.31814,11.72256,22.91372,0.4940888,38.43,FALSE
10/2/2018,291.26953,284.90918,297.62988,0.85860105,2.8175106,79630.125,0.001783777,226926.62,0.415831678,-7.17E-05,293.30066,0,2.945430655,18.11953,11.75918,24.47988,0.22692662,38.4,FALSE
10/3/2018,285.9104,283.21606,288.60474,1.742452285,-0.3467803,79764.4075,0.002799328,718827.3,0.58001643,-0.000177775,291.043945,0,1.776625043,12.7604,10.06606,15.45474,0.7188273,38.35,FALSE
10/4/2018,284.3202,281.0149,287.6255,0.4232717,0.375439875,79570.69,0.001972324,441455.88,0.87864047,-0.000133301,289.795655,0,0.565786207,11.1702,7.8649,14.4755,0.44145588,38.35,FALSE
10/5/2018,281.098755,276.93628,285.26123,1.754434875,0.3955697,79768.97,4.77E-07,637791.1,0.586239255,-0.000142727,286.59278,0,1.798476332,7.948755,3.78628,12.11123,0.6377911,38.41,FALSE
10/6/2018,283.59777,281.0952,286.10034,1.9158592,-0.4099336,79638.9375,0.000389935,740940.5,0.868982465,-0.00014557,286.393675,0,1.959224855,10.44777,7.9452,12.95034,0.7409405,38.4,FALSE
10/7/2018,279.042845,276.49072,281.59497,2.01590735,-3.6331072,79378.4375,0.0001273,658915.9,0.651411235,-0.000126474,283.58106,0,4.154918816,5.892845,3.34072,8.44497,0.6589159,38.43,FALSE
10/8/2018,276.713255,272.40503,281.02148,1.8237796,-3.26102872,79602.065,0,566890.5,0.376300915,-0.000114832,280.240355,0,3.736372618,3.563255,-0.74497,7.87148,0.5668905,38.46,FALSE
10/9/2018,280.42309,277.0537,283.79248,1.3597822,-0.55390885,79451.0625,8.95E-05,624026.5,0.94773179,-0.000128649,282.36597,0,1.468271993,7.27309,3.9037,10.64248,0.6240265,38.42,FALSE
10/10/2018,279.293945,273.89453,284.69336,3.13589285,-2.37415175,79146.9075,0,564169.75,0.647057295,-9.03E-05,281.887325,0,3.933245543,6.143945,0.74453,11.54336,0.56416975,38.42,FALSE
10/11/2018,279.61328,275.60254,283.62402,0.86207373,-0.22970937,79350.125,0,556777.1,0.666485785,-0.000111931,282.286015,0,0.8921533,6.46328,2.45254,10.47402,0.5567771,38.47,FALSE
10/12/2018,278.57886,273.4126,283.74512,0.310971225,-1.662251375,79878.6575,0,862922.7,0.08802703,-0.000115092,281.039425,0,1.691089216,5.42886,0.2626,10.59512,0.8629227,38.49,FALSE
10/13/2018,279.74206,272.51172,286.9724,-0.13581945,0.16246155,79755,0,845396.25,0,-0.000118899,282.14771,0,0.211756176,6.59206,-0.63828,13.8224,0.84539625,38.47,FALSE
10/14/2018,279.18982,271.43262,286.94702,1.36668285,-3.5797195,79837.875,0,850425.44,0.013968179,-8.81E-05,281.32117,0,3.831737688,6.03982,-1.71738,13.79702,0.85042544,38.49,FALSE
10/15/2018,272.86328,267.5852,278.14136,-0.503110215,-2.5894995,80474.75,0,812780.94,0,-8.20E-05,277.855105,0,2.637921066,-0.28672,-5.5648,4.99136,0.81278094,38.5,FALSE
10/16/2018,278.13282,273.38184,282.8838,0.538538995,-2.13111615,80533.125,0,785065.44,0,-6.96E-05,279.18713,0,2.198108344,4.98282,0.23184,9.7338,0.78506544,38.48,FALSE
10/17/2018,280.53564,274.33105,286.74023,-0.94449452,-1.3458303,80399.0325,0,772083.9,0,-5.21E-05,280.676025,0,1.644180372,7.38564,1.18105,13.59023,0.7720839,38.47,FALSE
10/18/2018,281.13159,274.12744,288.13574,-0.380693485,-0.43776225,80284.72,0,753064.4,0,-4.12E-05,282.53479,0,0.580140773,7.98159,0.97744,14.98574,0.7530644,38.48,FALSE
10/19/2018,282.75769,275.86914,289.64624,0.400355015,-1.22441925,80525.25,0,747586.2,0,-3.30E-05,283.33386,0,1.288210634,9.60769,2.71914,16.49624,0.7475862,38.49,FALSE
10/20/2018,282.665775,274.53955,290.792,-1.844558825,-0.6689167,80628.8125,0,729724.2,0,-1.91E-05,283.745235,0,1.96210265,9.515775,1.38955,17.642,0.7297242,38.48,FALSE
10/21/2018,284.70911,278.06982,291.3484,-1.7384904,1.75148955,80182.25,0.000167985,375808.88,0.129082777,-1.39E-05,285.651855,0,2.467805607,11.55911,4.91982,18.1984,0.37580888,38.46,FALSE
10/22/2018,282.18285,276.0996,288.2661,-1.505803815,1.496672225,79915.9375,1.95E-05,535135.94,0.79115689,-4.28E-05,285.18628,0,2.123080987,9.03285,2.9496,15.1161,0.53513594,38.44,FALSE
10/23/2018,282.62292,276.3767,288.86914,0.6255944,0.9013259,79820.565,0,680940.75,0.217558455,-4.67E-05,284.70105,0,1.09715848,9.47292,3.2267,15.71914,0.68094075,38.47,FALSE
10/24/2018,282.37097,274.33398,290.40796,1.22262625,0.20954135,79945.25,0,618192.9,0.13388985,-3.66E-05,284.64942,0,1.240452548,9.22097,1.18398,17.25796,0.6181929,38.48,FALSE
10/25/2018,284.323615,277.23413,291.4131,2.56485655,0.09536245,80092.315,0,618522.9,0.47952017,-3.35E-05,285.16455,0,2.566628746,11.173615,4.08413,18.2631,0.6185229,38.49,FALSE
10/26/2018,281.1676,273.18066,289.15454,0.9940836,-0.30358985,80418.125,0,597230.94,0.301844795,-2.44E-05,283.84058,0,1.039408005,8.0176,0.03066,16.00454,0.59723094,38.49,FALSE
10/27/2018,285.521725,277.89062,293.15283,0.371548385,0.813717625,80339.72,0,589944.25,0.69142632,-2.03E-05,286.427125,0,0.894530366,12.371725,4.74062,20.00283,0.58994425,38.47,FALSE
10/28/2018,285.967775,278.3982,293.53735,1.32124695,1.23400131,80199.095,0,610351.7,0.888953815,-1.41E-05,286.8208,0,1.807886262,12.817775,5.2482,20.38735,0.6103517,38.47,FALSE
10/29/2018,286.615115,279.4314,293.79883,2.6185752,0.44341242,79957.03,0,417812.62,0.061768408,-2.10E-06,286.38867,0,2.655852152,13.465115,6.2814,20.64883,0.41781262,38.47,FALSE
10/30/2018,276.59705,270.7483,282.4458,1.4075335,-2.36140105,80064.2175,0,578254.56,0.6024011,-4.99E-06,281.46825,0,2.749066291,3.44705,-2.4017,9.2958,0.57825456,38.49,FALSE
10/31/2018,273.963865,268.00366,279.92407,0.62088426,-1.945541005,80209.4375,0,447094.62,0.2961574,-1.64E-05,278.86328,0,2.042211318,0.813865,-5.14634,6.77407,0.44709462,38.49,FALSE
11/1/2018,279.803955,276.58984,283.01807,2.50276135,-1.5630462,80324.0625,0,455530.62,1,-1.38E-05,282.15466,0,2.950750379,6.653955,3.43984,9.86807,0.45553062,38.5,FALSE
11/2/2018,279.639285,272.7024,286.57617,1.5208998,-0.51362135,80530.345,0,512774,0.490998565,-1.20E-05,281.74744,0,1.605285985,6.489285,-0.4476,13.42617,0.512774,38.48,FALSE
11/3/2018,282.093635,275.5193,288.66797,3.2762112,-1.06914584,80287.3125,0,514275.7,0.77234385,-6.49E-06,283.349485,0,3.44624907,8.943635,2.3693,15.51797,0.5142757,38.48,FALSE
11/4/2018,278.974,273.83447,284.11353,1.76844355,-0.60160015,80244.03,0,283519.75,0.21917644,-8.21E-06,281.582515,0,1.867970913,5.824,0.68447,10.96353,0.28351975,38.46,FALSE
11/5/2018,280.08899,271.83398,288.344,3.33636425,-1.044507285,79681.75,0,520680.56,0.65961194,-1.61E-06,281.58093,0,3.496043746,6.93899,-1.31602,15.194,0.52068056,38.47,FALSE
11/6/2018,276.86743,269.5896,284.14526,2.218131375,-0.42676925,79799.5,0,510696,0,-1.82E-06,279.715455,0,2.25881358,3.71743,-3.5604,10.99526,0.510696,38.47,FALSE
11/7/2018,275.153075,268.03857,282.26758,1.09938254,-0.55498505,79945.845,0,502925.5,0,-6.70E-06,278.76416,0,1.231523599,2.003075,-5.11143,9.11758,0.5029255,38.46,FALSE
11/8/2018,273.2672,265.8579,280.6765,1.597193725,-2.6506567,80166.72,0,497266.25,0,-7.56E-06,277.88806,0,3.094674254,0.1172,-7.2921,7.5265,0.49726625,38.49,FALSE
11/9/2018,272.078735,266.43457,277.7229,-0.154967665,-1.14498266,80634.3125,0,487642.25,0,-1.09E-05,275.78015,0,1.155422117,-1.071265,-6.71543,4.5729,0.48764225,38.47,FALSE
11/10/2018,275.43372,268.521,282.34644,0.65965281,1.4061198,80063.0625,0,469342.94,0,-1.07E-05,277.14746,0,1.553162812,2.28372,-4.629,9.19644,0.46934294,38.45,FALSE
11/11/2018,273.44287,266.4248,280.46094,1.55610325,-2.4537778,79986.345,0,464520.12,0.020036752,-4.93E-06,276.735465,0,2.905595088,0.29287,-6.7252,7.31094,0.46452012,38.48,FALSE
11/12/2018,271.280765,265.72437,276.83716,1.58458745,-1.794294035,80610.7825,0,444607.44,0.034319848,-9.35E-06,274.318965,0,2.39382716,-1.869235,-7.42563,3.68716,0.44460744,38.5,FALSE
11/13/2018,272.68421,266.87012,278.4983,-0.676272035,-0.36234875,81041.875,0,418877.5,0.241740585,-1.25E-05,275.28394,0,0.767229094,-0.46579,-6.27988,5.3483,0.4188775,38.49,FALSE
11/14/2018,275.41797,268.13672,282.69922,-0.87399537,0.914330525,80963.185,0,418761.7,0.547771005,-1.78E-05,277.628295,0,1.264858971,2.26797,-5.01328,9.54922,0.4187617,38.48,FALSE
11/15/2018,278.07617,270.1018,286.05054,0.083314675,-0.30011035,80593.7825,0,352415.38,0.13840665,-1.70E-05,278.849975,0,0.311460362,4.92617,-3.0482,12.90054,0.35241538,38.47,FALSE
11/16/2018,277.537355,270.49683,284.57788,-0.301536615,0.1815424,80186.875,0,400570.7,0.316940763,-1.93E-05,278.610595,0,0.351968711,4.387355,-2.65317,11.42788,0.4005707,38.46,FALSE
11/17/2018,278.00854,269.3496,286.66748,0.983521675,-0.2682002,79864.5925,0,372042.06,0.011553351,-1.49E-05,278.850465,0,1.019434271,4.85854,-3.8004,13.51748,0.37204206,38.47,FALSE
11/18/2018,275.970945,269.44482,282.49707,-0.078646123,-1.26733757,80132.06,0,406334.2,0.066738982,-7.28E-06,277.609135,0,1.269775464,2.820945,-3.70518,9.34707,0.4063342,38.49,FALSE
11/19/2018,274.1936,265.9619,282.4253,-0.30128446,0.30071875,80226.5625,0,402891.44,0,-8.31E-06,276.28943,0,0.42568074,1.0436,-7.1881,9.2753,0.40289144,38.49,FALSE
11/20/2018,273.69006,265.8645,281.51562,-1.05583895,0.573050625,80120.8425,0,393283.06,0.158115625,-7.10E-06,275.48413,0,1.201325479,0.54006,-7.2855,8.36562,0.39328306,38.48,FALSE
11/21/2018,274.70044,266.55933,282.84155,-1.42216635,1.26970847,79959.4375,0,180806.94,0.488105265,-1.06E-05,275.692635,0,1.906493306,1.55044,-6.59067,9.69155,0.18080694,38.48,FALSE
11/22/2018,279.24976,276.81104,281.68848,-0.13518842,2.4590969,79647.375,0.000326793,339844.5,0.80216195,-1.29E-05,277.70544,3.33E-05,2.462810076,6.09976,3.66104,8.53848,0.3398445,38.48208333,TRUE
11/23/2018,278.311525,277.1836,279.43945,2.6035824,1.73922015,79663.125,0.000298588,152934.31,0.515095672,-1.60E-05,277.890875,7.77E-05,3.131058614,5.161525,4.0336,6.28945,0.15293431,38.48416667,TRUE
11/24/2018,281.501715,279.9817,283.02173,5.6679019,1.178404425,79260.565,8.57E-05,329005.7,0.68893196,-2.39E-05,279.53137,0,5.789106057,8.351715,6.8317,9.87173,0.3290057,38.48625,TRUE
11/25/2018,271.98144,267.7434,276.21948,-0.11031387,-1.169363335,79879.625,0,298242.62,0.522077142,-1.29E-05,275.332885,0,1.174555132,-1.16856,-5.4066,3.06948,0.29824262,38.48833333,TRUE
11/26/2018,270.56115,264.7622,276.3601,-0.697747815,0.478633425,80299.97,0,244592.25,0.10446456,-9.69E-06,273.611085,0,0.846133541,-2.58885,-8.3878,3.2101,0.24459225,38.49041667,TRUE
11/27/2018,277.35352,273.72754,280.9795,-0.692258505,1.28190495,80155.5,0.000170408,120309.19,0.84614335,-1.45E-05,276.36658,0,1.456880962,4.20352,0.57754,7.8295,0.12030919,38.4925,TRUE
11/28/2018,277.29089,273.98828,280.5935,0.72866632,0.0602274,79575.97,0.00062226,164511.75,0.982964485,-1.01E-05,277.1156,1.24E-05,0.73115111,4.14089,0.83828,7.4435,0.16451175,38.49458333,TRUE
11/29/2018,274.512335,272.7649,276.25977,-0.5599228,1.11545085,78889.405,0.00013,164407.94,0.80555535,-3.06E-06,275.7743,0.00012,1.248096207,1.362335,-0.3851,3.10977,0.16440794,,TRUE
11/30/2018,273.40332,271.0437,275.76294,1.31851005,0.59580384,78540.8125,0.000274079,140819.75,0.65930775,-3.25E-06,275.573975,0.000274262,1.446876279,0.25332,-2.1063,2.61294,0.14081975,,TRUE
12/1/2018,268.776855,263.53174,274.02197,2.248230585,0.84165905,79243.1875,5.15E-05,77076.31,0.643335405,3.73E-06,274.340945,5.19E-05,2.400610489,-4.373145,-9.61826,0.87197,0.07707631,,TRUE
12/2/2018,267.070435,264.48267,269.6582,2.2965999,0.71224685,78927.125,4.13E-05,87044.56,0.681890075,1.29E-06,272.8142,4.15E-05,2.404509654,-6.079565,-8.66733,-3.4918,0.08704456,,TRUE
12/3/2018,262.631955,256.46118,268.80273,1.04863782,0.53501877,79752.9075,2.46E-06,81079.625,0.70072735,4.37E-06,272.02172,2.63E-06,1.177236748,-10.518045,-16.68882,-4.34727,0.081079625,,TRUE
12/4/2018,263.90332,261.32617,266.48047,-1.49924135,0.089610395,80117.75,2.28E-05,74136.69,0.548607753,-9.24E-07,271.84742,2.32E-05,1.501916991,-9.24668,-11.82383,-6.66953,0.07413669,,TRUE
12/5/2018,265.41565,265.20337,265.62793,-1.5910015,0.664831905,79765.375,1.56E-05,104768.5,0.99465045,1.32E-06,272.201295,1.58E-05,1.724322254,-7.73435,-7.94663,-7.52207,0.1047685,,TRUE
12/6/2018,264.541135,258.86865,270.21362,-0.34526952,0.86929352,79487.4375,7.90E-05,68692.31,0.366783024,2.50E-07,272.259035,7.95E-05,0.935351413,-8.608865,-14.28135,-2.93638,0.06869231,,TRUE
12/7/2018,268.904295,268.40527,269.40332,-0.237650179,1.46553135,79767.845,2.00E-05,69340.19,0.8884572,-2.82E-06,272.815185,2.01E-05,1.484674963,-4.245705,-4.74473,-3.74668,0.06934019,,TRUE
12/8/2018,270.085205,265.83423,274.33618,0.88103705,1.40324765,80242.8425,2.18E-06,84518,0.89638825,2.81E-06,273.73254,2.14E-06,1.656903815,-3.064795,-7.31577,1.18618,0.084518,,TRUE
12/9/2018,268.01868,264.4878,271.54956,-0.238990475,0.360443565,80679.75,5.94E-06,110820.69,0.71028924,4.83E-06,273.73474,6.14E-06,0.432476601,-5.13132,-8.6622,-1.60044,0.11082069,,TRUE
12/10/2018,269.9104,269.042,270.7788,-1.07309203,1.201590075,80397.9675,0,79741.69,0.840505095,1.92E-07,273.455445,0,1.611007515,-3.2396,-4.108,-2.3712,0.07974169,,TRUE
12/11/2018,267.771855,262.33936,273.20435,0.195335635,0.28391345,80104.875,5.01E-07,118079.44,0.961910935,1.11E-06,272.354485,5.86E-07,0.344619874,-5.378145,-10.81064,0.05435,0.11807944,,TRUE
12/12/2018,269.68445,269.6006,269.7683,1.537919231,0.64571535,79894.22,0,147167.25,0.706489175,-1.28E-06,272.668215,3.98E-08,1.667975981,-3.46555,-3.5494,-3.3817,0.14716725,,TRUE
12/13/2018,267.74097,262.84814,272.6338,0.800505435,0.315246825,80478.56,0,148723.38,0.177168007,6.62E-07,271.568355,0,0.860342671,-5.40903,-10.30186,-0.5162,0.14872338,,TRUE
12/14/2018,268.85278,262.4038,275.30176,-1.40378475,1.31943325,80455.0625,0,85458.5,0.48504425,-2.09E-05,271.59339,0,1.926529451,-4.29722,-10.7462,2.15176,0.0854585,,TRUE
12/15/2018,272.226565,267.96265,276.49048,-0.87243473,2.7907367,79916.845,0,133547.56,0.608396905,-2.07E-06,272.07373,0,2.923927784,-0.923435,-5.18735,3.34048,0.13354756,38.53,FALSE
12/16/2018,271.630615,267.26587,275.99536,-1.2629285,2.26671455,80096.31,0,194761.12,0.540148953,-1.10E-05,272.76355,0,2.594799269,-1.519385,-5.88413,2.84536,0.19476112,38.52,FALSE
12/17/2018,276.586425,274.9602,278.21265,-0.73495771,2.653605,79859.25,0.000103585,212463.56,0.958221,-7.36E-06,274.7052,0.000103806,2.753503647,3.436425,1.8102,5.06265,0.21246356,38.52,FALSE
12/18/2018,273.602905,268.73584,278.46997,0.81148836,1.67392015,80027.9675,0,234835.31,0.086423575,-3.72E-06,274.121465,0,1.86024784,0.452905,-4.41416,5.31997,0.23483531,38.52,FALSE
12/19/2018,276.163695,272.54004,279.78735,1.8215189,0.87880021,80340.78,0,220975.44,0.131775183,-5.02E-06,274.54566,0,2.022429458,3.013695,-0.60996,6.63735,0.22097544,38.53,FALSE
12/20/2018,273.66541,268.2649,279.06592,-0.56208101,1.25372808,80429.1575,0,195784,0.65126738,-1.38E-05,274.019285,0,1.37396112,0.51541,-4.8851,5.91592,0.195784,38.5,FALSE
12/21/2018,278.095095,274.89795,281.29224,0.934228725,2.0090318,79797.125,0.000112221,202159.25,0.9653868,-1.07E-05,274.91675,1.93E-06,2.215624536,4.945095,1.74795,8.14224,0.20215925,38.49,FALSE
12/22/2018,273.453735,268.79663,278.11084,1.264065325,-0.43453403,79807.095,4.78E-06,205308.88,0.608757105,-1.54E-05,274.630125,4.67E-06,1.33666786,0.303735,-4.35337,4.96084,0.20530888,38.52,FALSE
12/23/2018,274.50134,272.1267,276.87598,-0.87605105,1.146388975,80186.5625,0.000238963,99019.56,0.710900605,-1.15E-05,274.249755,0.000177918,1.442800445,1.35134,-1.0233,3.72598,0.09901956,38.51,FALSE
12/24/2018,274.521115,273.66553,275.3767,1.4524827,1.0361592,80003.625,0.000412327,118832.25,0.96646005,-2.10E-05,274.192505,3.03E-05,1.784189419,1.371115,0.51553,2.2267,0.11883225,38.48,FALSE
12/25/2018,275.43359,273.0664,277.80078,0.79590347,1.597304,79059.47,0.000448402,92805.69,0.852991175,-7.38E-06,275.27295,0.000448558,1.784612676,2.28359,-0.0836,4.65078,0.09280569,38.47,FALSE
12/26/2018,269.928835,267.85547,272.0022,1.6808996,-2.1702275,79351.905,3.56E-05,145916.25,0.79754245,1.13E-06,274.084465,3.57E-05,2.74505207,-3.221165,-5.29453,-1.1478,0.14591625,38.5,FALSE
12/27/2018,267.57202,265.37378,269.77026,1.52343845,-0.4241249,79510.1875,0.000284807,107927.19,0.38743624,4.17E-06,273.74646,0.000284738,1.581374921,-5.57798,-7.77622,-3.37974,0.10792719,38.48,FALSE
12/28/2018,265.85547,265.3501,266.36084,1.6236286,-2.36164235,79586.97,4.00E-05,114038.75,0.636202395,3.74E-06,273.33435,4.02E-05,2.865924706,-7.29453,-7.7999,-6.78916,0.11403875,38.51,FALSE
12/29/2018,260.912355,256.83936,264.98535,1.3516288,-0.821593275,80223.405,2.46E-06,109140.31,0.88793841,-2.08E-06,273.056265,2.59E-06,1.581744582,-12.237645,-16.31064,-8.16465,0.10914031,38.51,FALSE
12/30/2018,265.94934,262.51172,269.38696,1.62719105,0.997451705,80170.6875,1.98E-05,105864.69,0.93431832,3.28E-06,272.85425,1.95E-05,1.908575546,-7.20066,-10.63828,-3.76304,0.10586469,38.46,FALSE
12/31/2018,268.55505,264.8247,272.2854,2.3631668,-1.22052498,79186,5.86E-05,110448.375,0.531099275,5.05E-06,273.028685,5.85E-05,2.659744076,-4.59495,-8.3253,-0.8646,0.110448375,38.47,FALSE
1/1/2019,258.95124,253.52455,264.37793,1.3950315,-1.0864296,79668.5325,4.23E-06,123231.94,0.8792115,1.29E-06,272.90735,4.76E-06,1.768174811,-14.19876,-19.62545,-8.77207,0.12323194,38.5,FALSE
1/2/2019,257.089645,253.01889,261.1604,0.88947932,0.0056931,80127.0925,0,132123.62,0.553406735,9.58E-07,272.60009,1.25E-07,0.889497539,-16.060355,-20.13111,-11.9896,0.13212362,38.5,FALSE
1/3/2019,262.021725,256.35815,267.6853,-0.159286915,0.49071843,80224.9075,0,137261.69,0.7668976,1.80E-06,272.39843,2.05E-07,0.515923346,-11.128275,-16.79185,-5.4647,0.13726169,38.49,FALSE
1/4/2019,268.17016,262.84692,273.4934,-0.9879116,0.82735902,79966.3425,6.38E-07,144988.56,0.50445332,1.30E-06,272.490725,4.50E-07,1.288600899,-4.97984,-10.30308,0.3434,0.14498856,38.47,FALSE
1/5/2019,269.401975,264.11865,274.6853,-1.2912688,1.98090985,79440.2175,2.29E-05,55514.22,0.88322165,-5.14E-05,272.551275,2.32E-05,2.364609682,-3.748025,-9.03135,1.5353,0.05551422,38.45,FALSE
1/6/2019,270.775755,267.43286,274.11865,-0.4807991,4.05853365,78964.125,0.000131765,127491.75,0.947654455,-5.60E-07,272.77063,0.000132042,4.086913648,-2.374245,-5.71714,0.96865,0.12749175,38.46,FALSE
1/7/2019,272.07495,271.80273,272.34717,0.2288646,3.39923855,79145.5,0.000497528,60937.742,0.9699915,-5.86E-06,273.0326,0.000497693,3.406934359,-1.07505,-1.34727,-0.80283,0.060937742,38.49,FALSE
1/8/2019,270.918335,266.7937,275.04297,-0.588211765,2.19792365,80200.375,0,78883.06,0.8290333,1.17E-06,273.2727,0,2.275271731,-2.231665,-6.3563,1.89297,0.07888306,38.49,FALSE
1/9/2019,272.58667,270.5874,274.58594,-1.61643505,2.23827265,79925.875,2.32E-06,125621.625,0.77943182,6.03E-06,273.3717,0,2.760928599,-0.56333,-2.5626,1.43594,0.125621625,38.48,FALSE
1/10/2019,273.416135,271.02734,275.80493,-0.0360333,2.0172658,79919.75,0.000117787,112030.5,0.67084345,1.69E-06,273.581915,9.08E-05,2.017587596,0.266135,-2.12266,2.65493,0.1120305,38.49,FALSE
1/11/2019,269.739135,266.6438,272.83447,-0.43167865,0.69230505,80073.31,1.29E-05,167128.69,0.9434602,2.97E-06,273.723875,1.29E-05,0.815863187,-3.410865,-6.5062,-0.31553,0.16712869,38.49,FALSE
1/12/2019,267.236575,263.34985,271.1233,-1.85682485,0.561318392,79923.595,4.75E-06,170592.38,0.919128035,1.63E-06,273.470575,4.72E-06,1.939813615,-5.913425,-9.80015,-2.0267,0.17059238,38.49,FALSE
1/13/2019,265.245725,261.16235,269.3291,-1.2373323,0.50307411,79893.28,5.09E-06,204518.5,0.7633279,3.86E-06,273.1875,5.13E-06,1.335692622,-7.904275,-11.98765,-3.8209,0.2045185,38.49,FALSE
1/14/2019,262.44238,258.44482,266.43994,-1.77571865,0.518892539,79951.845,6.15E-06,179124.19,0.488357452,-6.20E-07,272.906,6.26E-06,1.849980052,-10.70762,-14.70518,-6.71006,0.17912419,38.48,FALSE
1/15/2019,268.406735,267.28467,269.5288,-2.10126585,1.9272122,79583.22,5.59E-05,123927.75,0.7123414,-9.24E-06,272.920165,5.60E-05,2.851221674,-4.743265,-5.86533,-3.6212,0.12392775,38.47,FALSE
1/16/2019,274.76355,274.37744,275.14966,-0.42161355,2.7051306,79367.095,1.63E-05,107702.375,0.58756247,-1.50E-05,273.32837,1.61E-05,2.737789172,1.61355,1.22744,1.99966,0.107702375,38.49,FALSE
1/17/2019,277.33948,276.40674,278.27222,-1.5722437,5.2033706,79420.155,0.00142255,179620.44,0.9999172,-1.50E-05,273.738885,0.000640045,5.435716683,4.18948,3.25674,5.12222,0.17962044,38.47,FALSE
1/18/2019,272.84168,268.88306,276.8003,3.048793,1.22529502,79660.2825,3.10E-05,147524.44,0.868926585,-4.43E-06,274.27502,3.09E-05,3.285800761,-0.30832,-4.26694,3.6503,0.14752444,38.51,FALSE
1/19/2019,273.451175,272.79175,274.1106,0.60254932,1.7789154,80529.97,0,193885.38,0.98372417,1.67E-06,273.92969,0,1.878192132,0.301175,-0.35825,0.9606,0.19388538,38.5,FALSE
1/20/2019,274.335325,271.21948,277.45117,-0.40919475,2.6574111,80239.25,0,270559.12,0.78210023,-3.86E-06,273.808715,0,2.688730946,1.185325,-1.93052,4.30117,0.27055912,38.45,FALSE
1/21/2019,274.91967,272.0183,277.82104,1.47278235,1.3420627,78892.72,0.000343127,146101.56,0.567285805,-3.95E-06,273.94995,0.000338994,1.992541127,1.76967,-1.1317,4.67104,0.14610156,38.45,FALSE
1/22/2019,265.595215,260.948,270.24243,2.5855889,-3.0612502,79952.78,5.68E-06,156970.31,0.810952135,4.95E-06,273.676635,5.94E-06,4.007059114,-7.554785,-12.202,-2.90757,0.15697031,38.51,FALSE
1/23/2019,263.31104,260.5381,266.08398,1.0432221,1.0482976,80625.69,2.27E-06,127787.19,0.648462875,-9.52E-06,273.155765,2.41E-06,1.478932117,-9.83896,-12.6119,-7.06602,0.12778719,38.5,FALSE
1/24/2019,269.9707,265.4856,274.4558,1.6448641,0.26167384,80417.125,1.32E-06,173035.75,0.656627425,-1.34E-06,273.028075,1.60E-06,1.66554829,-3.1793,-7.6644,1.3058,0.17303575,38.5,FALSE
1/25/2019,266.575195,260.93994,272.21045,0.9935545,0.09005355,80484.3425,4.77E-07,220884.56,0.550952873,7.12E-06,273.0758,3.92E-07,0.997627278,-6.574805,-12.21006,-0.93955,0.22088456,38.5,FALSE
1/26/2019,267.37927,263.9475,270.81104,1.9782414,0.3616414,80612.72,0,226444.19,0.027965365,7.10E-07,272.963135,0,2.011025494,-5.77073,-9.2025,-2.33896,0.22644419,38.51,FALSE
1/27/2019,270.95788,268.4995,273.41626,0.696867365,0.46824363,80725.315,0,243816.88,0.9703976,9.61E-07,272.99365,0,0.839569069,-2.19212,-4.6505,0.26626,0.24381688,38.48,FALSE
1/28/2019,269.818475,264.73535,274.9016,1.251204485,0.41152821,80265.5325,0,187869.12,0.58827998,-1.88E-06,273.05774,4.26E-08,1.317143929,-3.331525,-8.41465,1.7516,0.18786912,38.48,FALSE
1/29/2019,272.60681,271.38037,273.83325,-0.320932985,0.47994415,79977.625,1.16E-06,299601.38,1,-2.91E-06,273.08558,1.24E-06,0.577359825,-0.54319,-1.76963,0.68325,0.29960138,38.46,FALSE
1/30/2019,270.04235,263.8994,276.1853,0.186333955,0.633946515,79673.3125,6.38E-07,265706.94,0.474706285,-3.57E-06,273.090085,8.76E-07,0.660763594,-3.10765,-9.2506,3.0353,0.26570694,38.47,FALSE
1/31/2019,270.138915,266.25513,274.0227,-0.65835743,1.16392042,79590.375,1.61E-06,308758.62,0.865904025,-5.20E-07,273.0365,1.63E-06,1.337215484,-3.011085,-6.89487,0.8727,0.30875862,38.47,FALSE
2/1/2019,271.720825,267.71973,275.72192,-0.86174195,1.434303365,79560.5925,9.54E-07,335947.75,0.54478568,-1.44E-05,273.22144,6.13E-07,1.67326786,-1.429175,-5.43027,2.57192,0.33594775,38.46,FALSE
2/2/2019,278.95789,278.79468,279.1211,-1.2745142,4.27129975,79110.3125,0.000466276,264417.7,0.915591385,-2.40E-05,273.88428,5.99E-05,4.457396998,5.80789,5.64468,5.9711,0.2644177,38.43,FALSE
2/3/2019,274.19458,269.8916,278.49756,-1.9090786,3.4677258,78318.905,0.000111887,273389.8,0.84757802,-3.10E-05,274.18481,0.000111748,3.95849761,1.04458,-3.2584,5.34756,0.2733898,38.43,FALSE
2/4/2019,274.03137,272.89062,275.17212,0.212667005,4.4648775,78339.0925,0.000537318,267018,0.73267463,-2.19E-05,273.79394,0.000520699,4.469939412,0.88137,-0.25938,2.02212,0.267018,38.42,FALSE
2/5/2019,271.013065,267.7251,274.30103,1.4676204,3.1503434,78005.095,0.00078574,179943.31,0.676195835,-1.13E-05,273.678225,0.00078201,3.475424172,-2.136935,-5.4249,1.15103,0.17994331,38.44,FALSE
2/6/2019,262.503905,257.82104,267.18677,2.1887641,0.108168675,78576.69,5.09E-05,234105.56,0.886388465,-3.04E-06,273.177125,5.09E-05,2.191435317,-10.646095,-15.32896,-5.96323,0.23410556,38.49,FALSE
2/7/2019,258.801645,252.31569,265.2876,1.83785395,0.231668,79572.78,9.54E-07,242833.25,0.7282366,-5.50E-07,272.95386,1.04E-06,1.85239769,-14.348355,-20.83431,-7.8624,0.24283325,38.51,FALSE
2/8/2019,260.526485,257.67017,263.3828,-1.26483075,1.1356276,79807.065,3.57E-06,270317.06,0.66203919,-3.36E-06,272.641715,3.55E-06,1.699837308,-12.623515,-15.47983,-9.7672,0.27031706,38.47,FALSE
2/9/2019,265.490965,263.11987,267.86206,-0.540170625,2.32284545,79052.3125,0.000376303,269500.2,0.538720315,-7.26E-06,272.755125,0.000376402,2.38482605,-7.659035,-10.03013,-5.28794,0.2695002,38.45,FALSE
2/10/2019,269.223995,268.08984,270.35815,-0.260412395,4.54760165,78527.25,1.36E-05,196913.88,0.12791115,3.90E-06,272.95642,1.33E-05,4.555051633,-3.926005,-5.06016,-2.79185,0.19691388,38.45,FALSE
2/11/2019,260.32232,253.60118,267.04346,2.151577,0.3310585,79009.155,0,260520.25,0.8379082,4.10E-07,272.923835,4.57E-08,2.176897636,-12.82768,-19.54882,-6.10654,0.26052025,38.5,FALSE
2/12/2019,259.95327,255.79277,264.11377,-0.629474825,2.33758355,79734.0925,0,165229.44,0.455034811,-1.21E-05,272.5785,0,2.420854272,-13.19673,-17.35723,-9.03623,0.16522944,38.49,FALSE
2/13/2019,271.59619,270.27466,272.91772,-1.08741955,3.7898207,79195,0.001470233,70175.69,0.8847517,-3.29E-05,272.8125,0.001453977,3.942742981,-1.55381,-2.87534,-0.23228,0.07017569,38.45,FALSE
2/14/2019,273.9668,273.9038,274.0298,-1.00295579,3.8357983,78709.1875,0.000333864,158536.75,0.89270065,-1.36E-05,273.03601,6.74E-05,3.964753323,0.8168,0.7538,0.8798,0.15853675,38.43,FALSE
2/15/2019,273.26038,270.0171,276.50366,-0.14483762,4.37952515,78399.1575,0.000935157,94338.31,0.69589669,-9.18E-06,273.24341,0.000932087,4.381919497,0.11038,-3.1329,3.35366,0.09433831,38.47,FALSE
2/16/2019,266.06445,260.70898,271.41992,1.7061467,0.06438015,78960.72,0.000217496,150931.19,0.7330477,-4.59E-06,273.30994,0.000217047,1.707360936,-7.08555,-12.44102,-1.73008,0.15093119,38.47,FALSE
2/17/2019,265.07666,261.18677,268.96655,1.48832845,1.29734032,78976.75,1.84E-06,250370.44,0.82034788,1.76E-06,273.16052,1.73E-06,1.974389394,-8.07334,-11.96323,-4.18345,0.25037044,38.47,FALSE
2/18/2019,263.550165,260.7351,266.36523,1.333642965,-0.376309083,79105.8425,0.0001175,198306.62,0.923579375,-9.60E-06,273.005125,0.0001175,1.385717173,-9.599835,-12.4149,-6.78477,0.19830662,38.5,FALSE
2/19/2019,261.426025,256.42505,266.427,2.1877685,-1.501056005,79533.72,1.53E-05,219105.12,0.90811142,-1.40E-06,272.940555,1.51E-05,2.653205635,-11.723975,-16.72495,-6.723,0.21910512,38.49,FALSE
2/20/2019,260.98669,259.54565,262.42773,1.68141795,1.175331535,79047.53,0.000199677,172796.69,0.577802885,-2.12E-06,272.94153,0.000199422,2.051480085,-12.16331,-13.60435,-10.72227,0.17279669,38.44,FALSE
2/21/2019,264.697885,261.4673,267.92847,1.55829145,-0.261904595,78287.78,5.07E-05,203483.38,0.78663935,-3.76E-06,272.99316,5.06E-05,1.580147544,-8.452115,-11.6827,-5.22153,0.20348338,38.46,FALSE
2/22/2019,261.4303,257.31055,265.55005,0.808371675,-1.94606205,78748.0325,4.84E-06,207823.19,0.61368674,-6.30E-07,272.96753,4.83E-06,2.107278403,-11.7197,-15.83945,-7.59995,0.20782319,38.51,FALSE
2/23/2019,259.21594,256.51538,261.9165,0.86645873,1.141906565,79640.875,1.83E-07,282492.5,0.58579588,-7.81E-07,272.96509,2.02E-07,1.433422943,-13.93406,-16.63462,-11.2335,0.2824925,38.52,FALSE
2/24/2019,266.236455,265.60645,266.86646,0.233620252,2.2085986,79926.2175,9.32E-07,287134.3,0.74492033,-8.74E-06,272.89282,9.43E-07,2.220920124,-6.913545,-7.54355,-6.28354,0.2871343,38.49,FALSE
2/25/2019,270.49341,268.1836,272.80322,0.143264904,2.9346976,79504.28,0,305411.62,0.468497455,-1.95E-05,273.02136,0,2.938192444,-2.65659,-4.9664,-0.34678,0.30541162,38.47,FALSE
2/26/2019,273.84533,271.937,275.75366,0.14947879,4.30318785,79237.9375,0,299568.88,0.089993418,-1.49E-05,272.95959,0,4.305783271,0.69533,-1.213,2.60366,0.29956888,38.48,FALSE
2/27/2019,276.078735,274.5188,277.63867,-0.8843233,3.9778452,79299.4075,0,362813.44,0.6099539,-1.41E-05,273.107175,0,4.074957685,2.928735,1.3688,4.48867,0.36281344,38.49,FALSE
2/28/2019,276.03736,273.8423,278.23242,0.03158444,2.5385413,79491.905,1.90E-05,362927.94,0.897673695,-1.05E-05,273.249265,1.06E-05,2.538737779,2.88736,0.6923,5.08242,0.36292794,38.49,FALSE
3/1/2019,274.8103,271.0852,278.5354,1.339675415,1.40850565,79530.31,4.55E-07,340764.62,0.62296954,-6.77E-06,273.32898,4.94E-07,1.943866864,1.6603,-2.0648,5.3854,0.34076462,38.49,FALSE
3/2/2019,274.714835,271.7661,277.66357,0.2037359,1.01182772,79346.25,0.0001441,223926.5,0.992212385,-8.62E-06,273.37683,0.0001442,1.032135481,1.564835,-1.3839,4.51357,0.2239265,38.48,FALSE
3/3/2019,273.0542,272.10425,274.00415,1.26138195,0.207327035,79308.405,0.001194874,77066.31,0.99574131,-1.33E-06,273.52905,0.001193386,1.278307054,-0.0958,-1.04575,0.85415,0.07706631,38.48,FALSE
3/4/2019,273.41614,272.03174,274.80054,-0.0725753,-0.21121835,79512.06,4.15E-05,367992.88,0.99751415,-4.20E-06,273.6886,4.16E-05,0.223339127,0.26614,-1.11826,1.65054,0.36799288,38.49,FALSE
3/5/2019,272.624635,269.70435,275.54492,-0.73607462,0.98134881,79673.8425,0.000854806,185052.44,0.975622325,-1.94E-06,273.78235,0.00067588,1.226723821,-0.525365,-3.44565,2.39492,0.18505244,38.48,FALSE
3/6/2019,276.88074,276.8108,276.95068,-1.3901534,4.46513415,79089.065,4.50E-05,450823.38,0.99447495,-1.55E-05,273.85047,0,4.676531776,3.73074,3.6608,3.80068,0.45082338,38.46,FALSE
3/7/2019,275.379765,273.19727,277.56226,0.419958046,3.00593195,79059.78,7.93E-07,527536,0.36174085,-8.54E-06,273.961665,6.46E-07,3.035126299,2.229765,0.04727,4.41226,0.527536,38.48,FALSE
3/8/2019,275.16615,273.4546,276.8777,1.15720985,-0.0562076,78848.565,0.002333164,353138,0.53160903,-3.32E-05,273.967405,0.002333098,1.158574094,2.01615,0.3046,3.7277,0.353138,38.46,FALSE
3/9/2019,269.99219,267.1167,272.86768,2.28052075,0.400361325,78963.625,1.31E-06,398620.8,0.716904255,-1.38E-05,273.92078,1.66E-06,2.315397176,-3.15781,-6.0333,-0.28232,0.3986208,38.48,FALSE
3/10/2019,271.25476,269.06128,273.44824,-0.021675372,0.217847825,79020.0325,0.000307996,277419.7,0.9180417,-2.86E-05,273.67823,0.000308465,0.218923495,-1.89524,-4.08872,0.29824,0.2774197,38.48,FALSE
3/11/2019,270.112425,267.7478,272.47705,-1.18482015,-1.09330088,79520.2825,4.31E-06,363447.7,0.91541147,-1.82E-05,273.66541,4.29E-06,1.612174185,-3.037575,-5.4022,-0.67295,0.3634477,38.49,FALSE
3/12/2019,269.37048,264.6206,274.12036,0.25462687,0.00859645,79511.4375,9.20E-06,428936.44,0.12927115,-9.42E-06,273.654785,9.57E-06,0.254771941,-3.77952,-8.5294,0.97036,0.42893644,38.45,FALSE
3/13/2019,270.57995,267.2876,273.8723,3.10899925,-2.46015247,78805.25,1.89E-05,382907.7,0.40481861,-4.21E-05,273.64612,1.88E-05,3.964621862,-2.57005,-5.8624,0.7223,0.3829077,38.5,FALSE
3/14/2019,267.54895,264.44458,270.65332,2.16829825,-2.132124952,79979.4375,0,452199.3,0.175384555,-5.97E-06,273.48523,0,3.040965983,-5.60105,-8.70542,-2.49668,0.4521993,38.52,FALSE
3/15/2019,265.397825,260.35205,270.4436,-0.03642964,0.130367,80466.9375,0,465774.88,0.109711343,-3.83E-06,273.153325,0,0.13536127,-7.752175,-12.79795,-2.7064,0.46577488,38.5,FALSE
3/16/2019,268.03369,263.10034,272.96704,-0.153114855,0.03758815,80355.06,0,480276.5,0,-9.19E-06,273.05969,0,0.157661117,-5.11631,-10.04966,-0.18296,0.4802765,38.5,FALSE
3/17/2019,269.626465,263.83496,275.41797,-0.28612863,0.847940338,80279.345,0,507068.5,0,-1.90E-06,273.0205,0,0.894914749,-3.523535,-9.31504,2.26797,0.5070685,38.49,FALSE
3/18/2019,273.61389,268.5415,278.68628,-0.24666169,0.550273175,80071.22,0,536610.5,0.62158997,-2.51E-06,273.09485,0,0.603027824,0.46389,-4.6085,5.53628,0.5366105,38.49,FALSE
3/19/2019,274.47229,270.35205,278.59253,-0.5771358,0.02351525,80031.935,0,547521.2,0.317428347,-5.25E-06,273.18604,0,0.577614663,1.32229,-2.79795,5.44253,0.5475212,38.48,FALSE
3/20/2019,276.20997,274.511,277.90894,-2.21749875,-0.229619387,79725.9075,0.000236666,316644.8,0.78826485,-1.03E-05,273.28503,2.46E-05,2.22935546,3.05997,1.361,4.75894,0.3166448,38.47,FALSE
3/21/2019,275.37463,273.15186,277.5974,-1.22229665,1.65169497,79510.94,3.31E-05,398710.25,0.9923044,-1.09E-05,273.4248,2.75E-05,2.054776235,2.22463,0.00186,4.4474,0.39871025,38.47,FALSE
3/22/2019,274.787965,273.49878,276.07715,2.0782061,0.172930475,79453.5325,3.14E-05,532993.44,0.95263095,-1.04E-05,273.523325,3.12E-05,2.085388583,1.637965,0.34878,2.92715,0.53299344,38.48,FALSE
3/23/2019,273.901615,270.16138,277.64185,0.620429342,1.52344895,79819.78,0.000433015,285386.62,0.97882131,-5.31E-06,273.4972,0.000315226,1.644940507,0.751615,-2.98862,4.49185,0.28538662,38.48,FALSE
3/24/2019,273.17591,269.3755,276.97632,1.5919199,0.255533875,79736.47,1.07E-06,707905.1,0.947847975,-4.17E-05,273.5277,9.83E-07,1.612298524,0.02591,-3.7745,3.82632,0.7079051,38.5,FALSE
3/25/2019,271.130735,264.9414,277.32007,-0.37987008,1.6865573,80267.72,0,703440.5,0.36229208,-3.81E-05,273.455815,0,1.728807914,-2.019265,-8.2086,4.17007,0.7034405,38.49,FALSE
3/26/2019,277.10571,272.79907,281.41235,-0.926511325,3.04561615,79804.315,0,830422.06,0.96895202,-4.73E-05,273.62207,0,3.18342598,3.95571,-0.35093,8.26235,0.83042206,38.47,FALSE
3/27/2019,278.255495,274.89893,281.61206,-0.0002527,2.43707845,79490.8425,9.73E-07,850052.25,0.53027432,-7.72E-05,274.156865,0,2.437078463,5.105495,1.74893,8.46206,0.85005225,38.47,FALSE
3/28/2019,277.72216,272.91162,282.5327,0.7948774,1.599798285,79570.1875,4.83E-05,955502.7,0.146215143,-0.000122613,275.06434,4.57E-05,1.786388713,4.57216,-0.23838,9.3827,0.9555027,38.49,FALSE
3/29/2019,272.36401,267.43066,277.29736,2.92815115,0.28193325,79969.75,0.000134648,1060000,0.58119062,-0.00012253,274.8335,2.72E-05,2.941692628,-0.78599,-5.71934,4.14736,1.06,38.51,FALSE
3/30/2019,273.60974,268.93628,278.2832,0.9824466,-1.22651252,80269.97,3.53E-05,1170000,0.55587885,-0.000132958,274.782475,2.30E-06,1.571475193,0.45974,-4.21372,5.1332,1.17,38.5,FALSE
3/31/2019,274.94287,269.39868,280.48706,-0.6949063,0.0926445,80298.9075,0,1370000,0.13796863,-0.000159632,275.767455,0,0.701054755,1.79287,-3.75132,7.33706,1.37,38.5,FALSE
4/1/2019,276.84839,270.5398,283.15698,0.00051698,0.144353925,80069.3125,0,840708.9,0.720551755,-0.000117852,277.800535,0,0.144354851,3.69839,-2.6102,10.00698,0.8407089,38.48,FALSE
4/2/2019,281.609865,278.01685,285.20288,1.31126793,1.67927075,79461.6575,0.00053331,705809.9,0.9878336,-9.39E-05,278.592535,0,2.130580634,8.459865,4.86685,12.05288,0.7058099,38.45,FALSE
4/3/2019,277.59949,274.92188,280.2771,1.454432,-0.193360955,79255.06,9.56E-06,917068.75,0.803617435,-0.000155491,278.4657,1.19E-07,1.467228987,4.44949,1.77188,7.1271,0.91706875,38.48,FALSE
4/4/2019,278.82861,273.96484,283.69238,0.70754625,1.86609745,79705.565,3.22E-06,665861.8,0.98883455,-0.000153065,278.93128,0,1.995730791,5.67861,0.81484,10.54238,0.6658618,38.48,FALSE
4/5/2019,281.473635,276.96387,285.9834,0.767694412,2.0048283,79377.125,0.001576051,783299.8,0.754929185,-0.000137067,279.22375,0,2.146786255,8.323635,3.81387,12.8334,0.7832998,38.48,FALSE
4/6/2019,276.36987,270.9204,281.81934,2.390338975,0.1378317,79502.28,0,801942.06,0.758381365,-0.000154827,278.98242,3.23E-07,2.394309502,3.21987,-2.2296,8.66934,0.80194206,38.5,FALSE
4/7/2019,280.68689,276.96753,284.40625,1.79451705,0.74954605,80111.53,0,1260000,0.95898455,-0.000240052,278.596075,0,1.944764953,7.53689,3.81753,11.25625,1.26,38.51,FALSE
4/8/2019,283.46411,277.2561,289.67212,2.54672318,1.4051047,80410.625,5.90E-06,1100000,0.69401837,-0.000221571,280.796265,0,2.908628229,10.31411,4.1061,16.52212,1.1,38.49,FALSE
4/9/2019,285.526,280.31885,290.73315,2.8712907,1.35142146,79787.345,0.000899215,1240000,0.62613825,-0.000170086,281.57312,0.000570321,3.173428784,12.376,7.16885,17.58315,1.24,38.47,FALSE
4/10/2019,274.172365,271.68555,276.65918,3.7551742,-5.2369675,79624.095,8.83E-05,797836.5,0.82782027,-0.000165965,278.4646,8.81E-05,6.444157188,1.022365,-1.46445,3.50918,0.7978365,38.49,FALSE
4/11/2019,276.30151,274.5249,278.07812,3.195765,-3.56590232,79897.28,0.000732524,736654.3,0.838109535,-0.00010102,276.426145,0.00027597,4.788378984,3.15151,1.3749,4.92812,0.7366543,38.47,FALSE
4/12/2019,273.84961,270.8313,276.86792,1.5979929,-1.59035943,79282.875,3.87E-05,1010000,0.67912211,-0.000137443,277.53614,2.00E-05,2.254512015,0.69961,-2.3187,3.71792,1.01,38.48,FALSE
4/13/2019,273.26794,268.28564,278.25024,1.9979635,-0.75424955,79556.7825,0,1320000,0.40100775,-0.000180175,277.056765,0,2.135591377,0.11794,-4.86436,5.10024,1.32,38.49,FALSE
4/14/2019,280.4978,275.4768,285.5188,2.2360878,1.860846,79566.0625,0,1180000,0.83704822,-0.000242026,279.31043,0,2.909095475,7.3478,2.3268,12.3688,1.18,38.47,FALSE
4/15/2019,284.48889,280.46216,288.51562,2.78230305,1.11896639,79148.1575,0.000652757,920281,0.98920965,-0.000171083,281.68164,0,2.998882466,11.33889,7.31216,15.36562,0.920281,38.46,FALSE
4/16/2019,280.934085,276.58667,285.2815,1.81083345,1.76928082,78969.3425,0.000189595,1360000,0.924338875,-0.000212008,281.6648,0,2.531693584,7.784085,3.43667,12.1315,1.36,38.5,FALSE
4/17/2019,275.677365,270.7041,280.65063,1.8377514,-1.90977267,79905.565,0,1350000,0.23657796,-0.000240363,279.34314,0,2.650389002,2.527365,-2.4459,7.50063,1.35,38.52,FALSE
4/18/2019,281.3092,275.52148,287.09692,1.40194465,-1.68078916,80524.8125,0,1690000,0.115882365,-0.000258287,280.45947,0,2.188721317,8.1592,2.37148,13.94692,1.69,38.51,FALSE
4/19/2019,284.91382,277.24854,292.5791,-0.350022915,1.3675628,80371.375,7.88E-06,1360000,0.016949633,-0.000284519,284.083865,0,1.411645867,11.76382,4.09854,19.4291,1.36,38.48,FALSE
4/20/2019,287.51038,281.62256,293.3982,1.1151366,2.16616128,79576.97,0.000376193,665053.06,0.94827685,-0.000166615,284.616215,0,2.436346512,14.36038,8.47256,20.2482,0.66505306,38.45,FALSE
4/21/2019,281.77417,278.50806,285.04028,3.1635108,-0.8467852,79395.7175,0.000146229,959264.1,0.95841827,-0.000173272,283.10876,0,3.274881029,8.62417,5.35806,11.89028,0.9592641,38.48,FALSE
4/22/2019,278.94629,276.41895,281.47363,2.18350315,-3.18080995,79943.0325,0.000487107,1340000,0.793439315,-0.000242915,280.83191,1.49E-05,3.858139182,5.79629,3.26895,8.32363,1.34,38.51,FALSE
4/23/2019,282.006345,277.31445,286.69824,0.71083234,-2.611854336,80288.25,0,1620000,0.452519325,-0.000279703,280.365965,0,2.706855313,8.856345,4.16445,13.54824,1.62,38.5,FALSE
4/24/2019,283.39843,276.1411,290.65576,1.14409495,-1.0706772,80160.9075,1.21E-05,1580000,0.23460897,-0.00028804,283.44202,0,1.566940625,10.24843,2.9911,17.50576,1.58,38.5,FALSE
4/25/2019,287.85669,281.53174,294.18164,1.897980173,-0.64916385,80050.0325,1.62E-05,1520000,0.231588035,-0.000280152,285.44849,0,2.005926828,14.70669,8.38174,21.03164,1.52,38.5,FALSE
4/26/2019,288.12158,281.53906,294.7041,2.1185555,0.990784455,79951.345,0,1760000,0.330243835,-0.000324925,287.12073,0,2.338788413,14.97158,8.38906,21.5541,1.76,38.49,FALSE
4/27/2019,286.96155,279.6963,294.2268,3.383619415,0.616199565,79816.25,0,1700000,0.04207024,-0.000278016,285.98511,0,3.439270598,13.81155,6.5463,21.0768,1.7,38.49,FALSE
4/28/2019,286.37073,279.60132,293.14014,3.631095,0.15561675,79451.845,1.22E-06,1750000,0.184063158,-0.000211126,285.976075,0,3.63442808,13.22073,6.45132,19.99014,1.75,38.49,FALSE
4/29/2019,281.9076,276.2815,287.5337,0.405972975,-1.10816095,79389.31,6.94E-06,1710000,0.151386135,-0.000207307,284.85022,0,1.180184201,8.7576,3.1315,14.3837,1.71,38.48,FALSE
4/30/2019,280.629025,273.42993,287.82812,2.22946515,-0.67357825,78975.6875,1.06E-05,1340000,0.5339005,-0.00011531,284.31958,9.02E-06,2.328996031,7.479025,0.27993,14.67812,1.34,38.5,FALSE
5/1/2019,272.82434,268.4895,277.15918,2.97340632,-1.2910228,79591.125,0,1700000,0.4095265,-0.000176794,280.1532,0,3.241586805,-0.32566,-4.6605,4.00918,1.7,38.52,FALSE
5/2/2019,277.915535,272.0359,283.79517,1.1932716,1.22025345,79795.685,0,1840000,0.057212083,-0.000181048,282.787115,0,1.706726573,4.765535,-1.1141,10.64517,1.84,38.52,FALSE
5/3/2019,282.01306,275.0122,289.01392,2.09103366,-0.112648,79820.405,0,1340000,0.045703948,-0.000141786,284.30201,0,2.094065744,8.86306,1.8622,15.86392,1.34,38.51,FALSE
5/4/2019,284.95715,278.4419,291.4724,2.12815815,0.27580245,79703,1.49E-05,1690000,0.642912285,-0.000142518,286.20153,0,2.145955289,11.80715,5.2919,18.3224,1.69,38.5,FALSE
5/5/2019,286.99841,280.77075,293.22607,1.60470312,0.42863037,79431.0625,0.000545492,895680.1,0.331390433,-7.86E-05,288.433225,0,1.660962401,13.84841,7.62075,20.07607,0.8956801,38.5,FALSE
5/6/2019,286.1831,280.1311,292.2351,0.269886065,1.0364868,79212.875,5.55E-05,1490000,0.873261925,-0.000135039,290.1333,0,1.071047793,13.0331,6.9811,19.0851,1.49,38.51,FALSE
5/7/2019,284.680785,279.46753,289.89404,1.56679345,-0.403821765,79465.125,8.29E-05,1640000,0.754055945,-0.000158141,290.507445,0,1.617996827,11.530785,6.31753,16.74404,1.64,38.52,FALSE
5/8/2019,283.97656,277.73706,290.21606,2.9415965,-3.4904953,79717.3125,7.89E-06,1260000,0.247210561,-0.000119952,287.253905,0,4.564706717,10.82656,4.58706,17.06606,1.26,38.53,FALSE
5/9/2019,283.744635,278.57837,288.9109,0.8953635,-2.34019425,79556.97,0.000436527,1380000,0.389082906,-0.000111602,285.177125,0,2.505630644,10.594635,5.42837,15.7609,1.38,38.51,FALSE
5/10/2019,279.97657,275.2527,284.70044,-1.502220085,-2.63508745,79423.125,0,1380000,0.444369684,-0.000139586,286.182985,0,3.033208046,6.82657,2.1027,11.55044,1.38,38.53,FALSE
5/11/2019,283.325195,276.83496,289.81543,-1.226680965,-0.75684215,79715.3125,0,1860000,0.184023074,-0.000146727,285.2323,0,1.441373036,10.175195,3.68496,16.66543,1.86,38.53,FALSE
5/12/2019,285.66369,277.97778,293.3496,-0.419032375,-0.4604063,79827.5325,0,1870000,0.009530852,-0.000119208,288.817015,0,0.622544852,12.51369,4.82778,20.1996,1.87,38.53,FALSE
5/13/2019,289.54785,281.7671,297.3286,1.3967533,0.392310425,79806.8425,0,1570000,0.0852533,-6.93E-05,292.6521,0,1.450802278,16.39785,8.6171,24.1786,1.57,38.54,FALSE
5/14/2019,290.76672,284.3081,297.22534,1.74665922,1.56805115,79837.155,0,1130000,0.488497485,-4.12E-05,294.025145,0,2.347254319,17.61672,11.1581,24.07534,1.13,38.53,FALSE
5/15/2019,290.29993,284.2566,296.34326,1.0415349,2.5002269,79605.595,1.01E-05,1520000,1,-4.68E-05,292.970825,0,2.708492108,17.14993,11.1066,23.19326,1.52,38.51,FALSE
5/16/2019,289.0813,284.1797,293.9829,1.246073325,5.775527,78962.53,0.00090972,610636.9,0.74220767,-9.68E-05,291.318115,0.000429199,5.908418643,15.9313,11.0297,20.8329,0.6106369,38.5,FALSE
5/17/2019,275.86865,275.27026,276.46704,3.58359245,-0.10620835,79090.1575,0.000375693,1230000,0.82894735,-0.000150828,283.360105,0.000271944,3.585165974,2.71865,2.12026,3.31704,1.23,38.53,FALSE
5/18/2019,276.86633,273.60742,280.12524,2.883821,-0.1467915,79526.875,8.75E-06,1110000,0.508194884,-0.000197217,282.681395,0,2.887554554,3.71633,0.45742,6.97524,1.11,38.53,FALSE
5/19/2019,283.470705,278.65308,288.28833,0.1320091,3.3058477,78879.6575,0.000760965,1030000,0.94042468,-0.000174848,285.50025,4.60E-05,3.308482344,10.320705,5.50308,15.13833,1.03,38.5,FALSE
5/20/2019,278.44787,276.32104,280.5747,2.71512795,-0.749202645,78747.4375,0.000180354,1400000,0.9233286,-0.000190085,282.783565,0,2.816598017,5.29787,3.17104,7.4247,1.4,38.53,FALSE
5/21/2019,278.9668,275.65723,282.27637,4.33131935,-0.932904675,78934.97,0.000229339,1470000,0.379316654,-0.000172922,281.82288,0,4.430647633,5.8168,2.50723,9.12637,1.47,38.53,FALSE
5/22/2019,276.58875,274.6194,278.5581,2.79877425,-1.31009435,78721.25,0.001089414,759099.5,0.8819246,-0.000120157,281.8169,7.07E-05,3.090224022,3.43875,1.4694,5.4081,0.7590995,38.53,FALSE
5/23/2019,277.31506,276.37402,278.2561,1.5335045,-1.40915635,78933.6875,0.000575202,1100000,0.96973362,-0.000176086,281.99158,0,2.08263239,4.16506,3.22402,5.1061,1.1,38.55,FALSE
5/24/2019,278.77637,276.32056,281.23218,1.6855421,-0.1549759,79469.2175,0.000139943,1450000,0.898328975,-0.000239929,282.853885,0,1.692651677,5.62637,3.17056,8.08218,1.45,38.55,FALSE
5/25/2019,282.897095,279.90234,285.89185,1.6776423,0.49480655,79448.0325,0.000464598,1240000,0.94032225,-0.000211883,284.85901,0,1.749090395,9.747095,6.75234,12.74185,1.24,38.53,FALSE
5/26/2019,281.026125,277.2295,284.82275,-0.86890259,2.43653612,79073.3125,0.000107517,1370000,0.33332783,-0.000229113,283.86072,0,2.586832035,7.876125,4.0795,11.67275,1.37,38.52,FALSE
5/27/2019,279.29016,276.28052,282.2998,-0.10893422,2.778566381,79018.0325,0.000488843,842596.6,0.666767,-0.000154376,282.16919,0,2.780700954,6.14016,3.13052,9.1498,0.8425966,38.55,FALSE
5/28/2019,281.20495,279.9934,282.4165,2.7112079,-1.9541154,79472.625,0.000270165,1620000,0.9956475,-0.000271219,282.71667,0,3.342037593,8.05495,6.8434,9.2665,1.62,38.56,FALSE
5/29/2019,283.104985,279.7588,286.45117,1.41999518,-1.88167015,79639.25,0.001406837,1030000,0.547977815,-0.000176141,284.0182,0,2.357343603,9.954985,6.6088,13.30117,1.03,38.57,FALSE
5/30/2019,282.906495,278.64673,287.16626,-0.001095593,0.21936705,79720.31,0.004125536,1330000,0.9260605,-0.000260056,285.332275,0,0.219369786,9.756495,5.49673,14.01626,1.33,38.57,FALSE
5/31/2019,282.615475,278.74902,286.48193,0.13626355,0.431640863,79858.47,0.000201905,1260000,0.94487527,-0.00024214,286.38916,0,0.452638476,9.465475,5.59902,13.33193,1.26,38.58,FALSE
6/1/2019,283.76343,279.66504,287.86182,-0.946073115,1.65409958,79851.0625,0.000781023,1200000,0.356646385,-0.000229901,286.674675,0,1.905544478,10.61343,6.51504,14.71182,1.2,38.57,FALSE
6/2/2019,285.108765,279.57593,290.6416,-0.14730364,1.49279238,79698.3425,0.000396737,1220000,0.809045675,-0.00024428,286.908325,0,1.500042483,11.958765,6.42593,17.4916,1.22,38.58,FALSE
6/3/2019,285.115835,280.01147,290.2202,0.356582085,1.2601261,79793.935,3.21E-05,1770000,0.293768945,-0.000327224,287.99341,0,1.309606266,11.965835,6.86147,17.0702,1.77,38.59,FALSE
6/4/2019,288.854365,284.09033,293.6184,1.27098792,-0.32619263,79995.44,4.74E-07,1820000,0.295997617,-0.000356781,289.15808,0,1.312178313,15.704365,10.94033,20.4684,1.82,38.6,FALSE
6/5/2019,290.698725,284.5786,296.81885,1.5496755,-0.52536725,80110.4375,0,1780000,0.37420404,-0.000348226,289.830325,0,1.636308315,17.548725,11.4286,23.66885,1.78,38.59,FALSE
6/6/2019,292.33655,285.83252,298.84058,1.8871458,1.53093175,79917.22,0.000409281,1780000,0.35851821,-0.000352339,291.63575,0,2.430035245,19.18655,12.68252,25.69058,1.78,38.58,FALSE
6/7/2019,290.71924,283.98828,297.4502,3.0523709,1.82369225,79508.595,0,1760000,0.37794705,-0.000232442,290.16101,0,3.555674554,17.56924,10.83828,24.3002,1.76,38.59,FALSE
6/8/2019,281.27954,273.84058,288.7185,2.251557775,-3.1559124,79881.905,0,2030000,0.034345655,-0.000206767,286.940185,0,3.876763533,8.12954,0.69058,15.5685,2.03,38.63,FALSE
6/9/2019,282.07471,276.5315,287.61792,-1.090499765,-1.93910675,80625.655,0,1950000,0.05869305,-0.000194622,286.7666,0,2.224707784,8.92471,3.3815,14.46792,1.95,38.63,FALSE
6/10/2019,286.58179,279.61304,293.55054,-1.57108024,0.698711705,80735.03,0,1990000,0.64448885,-0.000191525,288.80127,0,1.719445017,13.43179,6.46304,20.40054,1.99,38.62,FALSE
6/11/2019,291.922485,285.32373,298.52124,0.995480375,-0.57114555,80669.19,0,2000000,0.032425345,-0.00018955,292.69068,0,1.147688292,18.772485,12.17373,25.37124,2,38.62,FALSE
6/12/2019,293.24353,286.2356,300.25146,0.266571925,-0.3543863,80502.625,0,1830000,0.9002271,-0.000145085,295.04651,0,0.443452637,20.09353,13.0856,27.10146,1.83,38.6,FALSE
6/13/2019,296.040775,288.90552,303.17603,1.39121915,-1.6468377,80081.97,0.000820411,1110000,0.79241695,-0.000122927,297.57032,0,2.15582122,22.890775,15.75552,30.02603,1.11,38.59,FALSE
6/14/2019,288.91492,282.4751,295.35474,0.716986435,0.397354595,79888.1575,0,1930000,0.45592183,-0.000149634,295.65918,0,0.819731799,15.76492,9.3251,22.20474,1.93,38.6,FALSE
6/15/2019,292.281,285.9397,298.6223,1.9366202,-1.596565615,79914.875,2.89E-06,1670000,0.307360665,-0.000107156,294.991335,0,2.509884372,19.131,12.7897,25.4723,1.67,38.61,FALSE
6/16/2019,294.98352,288.81934,301.1477,1.4110535,0.11941575,79860.625,0.000240329,1050000,0.74052146,-8.86E-05,297.097775,0,1.41609749,21.83352,15.66934,27.9977,1.05,38.61,FALSE
6/17/2019,290.43444,282.98608,297.8828,1.914869125,0.76263797,79834.595,0.000385384,1520000,0.85574737,-9.06E-05,296.176145,0,2.061150271,17.28444,9.83608,24.7328,1.52,38.62,FALSE
6/18/2019,290.64001,284.9265,296.35352,-0.192477325,-0.90051895,80048.845,0,1990000,0.268337133,-8.78E-05,296.593875,0,0.920859327,17.49001,11.7765,23.20352,1.99,38.63,FALSE
6/19/2019,292.07837,283.30078,300.85596,2.07252455,-0.98354815,80117.72,0,1990000,0,-8.10E-05,297.40393,0,2.294062984,18.92837,10.15078,27.70596,1.99,38.62,FALSE
6/20/2019,293.59497,285.87646,301.31348,4.03720225,-0.8560871,79750.0925,0,1990000,0,-0.000106567,297.26538,0,4.126970697,20.44497,12.72646,28.16348,1.99,38.61,FALSE
6/21/2019,287.043585,277.73267,296.3545,3.78298337,-2.3172474,79537.25,5.14E-06,1780000,0.002350755,-8.50E-05,293.29102,0,4.43628208,13.893585,4.58267,23.2045,1.78,38.63,FALSE
6/22/2019,282.72205,275.23145,290.21265,3.0253152,-2.31167507,79917.1575,0,2060000,0.34258235,-0.000113154,290.941285,0,3.807410365,9.57205,2.08145,17.06265,2.06,38.65,FALSE
6/23/2019,285.241945,278.91455,291.56934,0.542156738,-0.78601075,80207.78,0,2020000,0,-7.99E-05,291.66809,0,0.954854349,12.091945,5.76455,18.41934,2.02,38.64,FALSE
6/24/2019,290.501955,283.08228,297.92163,2.8307848,0.05014705,79949.0925,0,1970000,0.004014662,-6.88E-05,295.40515,0,2.83122894,17.351955,9.93228,24.77163,1.97,38.63,FALSE
6/25/2019,292.466435,284.57227,300.3606,3.6376963,0.562097695,79649.095,6.32E-07,1420000,0.788949525,-5.14E-05,296.54187,0,3.680867858,19.316435,11.42227,27.2106,1.42,38.63,FALSE
6/26/2019,293.350585,285.45654,301.24463,2.69509555,2.001108815,79526.72,1.63E-06,1710000,0.267229549,-5.07E-05,297.223635,0,3.356780677,20.200585,12.30654,28.09463,1.71,38.63,FALSE
6/27/2019,292.972415,285.792,300.15283,2.82346825,2.51784585,79667.75,0,1960000,0.344495589,-3.10E-05,296.96972,0,3.783057055,19.822415,12.642,27.00283,1.96,38.65,FALSE
6/28/2019,292.20642,284.26318,300.14966,2.223311565,1.47597635,79880.6875,0,2040000,0.697214095,-4.43E-05,297.299065,0,2.66863645,19.05642,11.11318,26.99966,2.04,38.65,FALSE
6/29/2019,292.44312,283.7046,301.18164,2.83928625,1.4702148,80031.3125,0,1880000,0.015982874,-4.70E-05,297.20545,0,3.197354839,19.29312,10.5546,28.03164,1.88,38.66,FALSE
6/30/2019,295.493285,288.6333,302.35327,2.24395215,1.89741195,79998.095,0,1770000,0.634926795,-3.79E-05,298.91907,0,2.938620996,22.343285,15.4833,29.20327,1.77,38.65,FALSE
7/1/2019,295.17945,287.4563,302.9026,2.16983248,1.1750761,80020.345,0,1750000,0.19243583,-3.38E-05,299.330325,0,2.467585223,22.02945,14.3063,29.7526,1.75,38.65,FALSE
7/2/2019,295.7207,287.8982,303.5432,2.4036493,0.01174775,79844.25,0,1880000,0.2890005,-3.24E-05,300.45386,0,2.403678008,22.5707,14.7482,30.3932,1.88,38.64,FALSE
7/3/2019,293.241335,284.79224,301.69043,3.2537097,-0.757557985,79656.0325,0,1620000,0.069177955,-3.46E-05,300.069705,0,3.340736582,20.091335,11.64224,28.54043,1.62,38.64,FALSE
7/4/2019,291.8678,285.61768,298.11792,2.22665212,-0.43396065,79683.78,0,2000000,0.393064885,-5.28E-05,297.46118,0,2.268546122,18.7178,12.46768,24.96792,2,38.66,FALSE
7/5/2019,292.1228,285.6228,298.6228,2.16782664,0.06557775,80053.935,0,1550000,0,-5.83E-05,297.57422,0,2.168818292,18.9728,12.4728,25.4728,1.55,38.67,FALSE
7/6/2019,294.4972,287.6377,301.3567,1.3867024,1.277660185,80206.905,0,1800000,0.453397247,-4.69E-05,299.714965,0,1.885565988,21.3472,14.4877,28.2067,1.8,38.66,FALSE
7/7/2019,296.35095,288.47656,304.22534,1.06384175,2.89271975,79876.1575,0.000357777,1540000,0.94062795,-4.55E-05,300.1521,0,3.082139974,23.20095,15.32656,31.07534,1.54,38.65,FALSE
7/8/2019,292.232915,285.76343,298.7024,2.81828215,0.430707905,79735.5,0,1850000,0.67392853,-5.79E-05,299.309695,0,2.851003959,19.082915,12.61343,25.5524,1.85,38.65,FALSE
7/9/2019,291.84289,284.2871,299.39868,2.61011769,0.15210535,79935.375,0,1900000,0.479946315,-3.53E-05,298.212405,0,2.614545925,18.69289,11.1371,26.24868,1.9,38.67,FALSE
7/10/2019,295.906985,287.2251,304.58887,0.562046815,2.9217134,80187.2175,0,1970000,0.75655013,-3.89E-05,301.24634,0,2.975282476,22.756985,14.0751,31.43887,1.97,38.67,FALSE
7/11/2019,297.73804,289.52222,305.95386,0.86726537,2.74972345,80334.565,0,1840000,0.231690465,-3.86E-05,302.04565,0,2.883249603,24.58804,16.37222,32.80386,1.84,38.66,FALSE
7/12/2019,298.770995,291.54956,305.99243,1.36151015,1.29427865,80164.125,0,1850000,0.272718545,-3.76E-05,303.231445,0,1.878527911,25.620995,18.39956,32.84243,1.85,38.65,FALSE
7/13/2019,298.607055,291.06274,306.15137,1.27120282,2.7080584,79961.56,0,1340000,0.459209329,-3.15E-05,303.91687,0,2.991577662,25.457055,17.91274,33.00137,1.34,38.66,FALSE
7/14/2019,297.22327,290.4939,303.95264,1.70529845,0.8050324,80116.75,0,1800000,0.32622838,-2.96E-05,302.54431,0,1.88576774,24.07327,17.3439,30.80264,1.8,38.66,FALSE
7/15/2019,297.59461,289.4275,305.76172,3.89735035,0.359837355,80179.78,0,2020000,0.2651403,-3.08E-05,302.6051,0,3.913926759,24.44461,16.2775,32.61172,2.02,38.66,FALSE
7/16/2019,295.24036,286.50977,303.97095,2.5441662,-0.12944555,79956.25,0,1730000,0,-3.08E-05,301.924075,0,2.547457125,22.09036,13.35977,30.82095,1.73,38.65,FALSE
7/17/2019,296.04309,288.5249,303.56128,2.83635615,-1.28383672,79789.3425,0,1980000,0.497545598,-3.61E-05,302.05212,0,3.113382876,22.89309,15.3749,30.41128,1.98,38.67,FALSE
7/18/2019,298.051275,290.43945,305.6631,1.89265791,0.886052035,79894.095,0,1780000,0.86981025,-3.40E-05,303.77454,0,2.089794768,24.901275,17.28945,32.5131,1.78,38.67,FALSE
7/19/2019,297.61646,288.73022,306.5027,2.22993875,1.02993675,79782.56,0.000126475,1910000,0.1442199,-3.47E-05,303.492675,0,2.456297323,24.46646,15.58022,33.3527,1.91,38.67,FALSE
7/20/2019,298.091795,290.86255,305.32104,1.7041626,-0.4418433,79737.375,0,1810000,0.390089335,-3.61E-05,304.61646,0,1.760510059,24.941795,17.71255,32.17104,1.81,38.68,FALSE
7/21/2019,297.56335,290.1162,305.0105,0.37630057,0.756115395,79938.69,0,1840000,0.20890475,-3.42E-05,305.080445,0,0.844578362,24.41335,16.9662,31.8605,1.84,38.68,FALSE
7/22/2019,298.18079,289.7002,306.66138,0.762434437,2.8577118,80139.0625,0,1550000,0.352184621,-3.18E-05,303.803585,0,2.957671889,25.03079,16.5502,33.51138,1.55,38.69,FALSE
7/23/2019,299.776,292.03882,307.51318,1.10736987,1.79640086,80333.0925,0.000340072,1030000,0.91554987,-5.20E-05,305.080925,0,2.110290046,26.626,18.88882,34.36318,1.03,38.69,FALSE
7/24/2019,294.17469,288.23438,300.115,2.021519805,1.821661775,80527.69,0,1740000,0.60474262,-4.65E-05,299.85547,0,2.721211852,21.02469,15.08438,26.965,1.74,38.68,FALSE
7/25/2019,297.33448,290.1067,304.56226,1.07482422,-0.48117635,80396.5625,0.000280651,885130.75,0.677118715,-0.000115901,303.839,0,1.177615295,24.18448,16.9567,31.41226,0.88513075,38.68,FALSE
7/26/2019,293.2345,289.5232,296.9458,-0.565905602,0.559971185,80388.345,0.0001153,1600000,0.57173172,-0.000246089,300.316405,0,0.79612617,20.0845,16.3732,23.7958,1.6,38.69,FALSE
7/27/2019,291.05945,285.3545,296.7644,1.16010152,-0.836065765,80560.875,0,1890000,0.55121609,-0.000196469,298.1101,0,1.429979545,17.90945,12.2045,23.6144,1.89,38.69,FALSE
7/28/2019,295.48169,288.03174,302.93164,0.525615141,-0.63216975,80553.5,0,1450000,0.008352753,-7.92E-05,298.83044,0,0.822137379,22.33169,14.88174,29.78164,1.45,38.68,FALSE
7/29/2019,298.41577,291.16528,305.66626,0.81454205,2.31021595,80146.4675,0,1720000,0.247019126,-3.98E-05,301.89637,0,2.449607415,25.26577,18.01528,32.51626,1.72,38.67,FALSE
7/30/2019,297.65674,289.50928,305.8042,2.5413304,1.42125175,79965.125,0,1810000,0.381843973,-3.13E-05,302.162595,0,2.911754924,24.50674,16.35928,32.6542,1.81,38.67,FALSE
7/31/2019,299.812375,293.2329,306.39185,1.83977675,0.4346025,79988.8125,3.19E-06,1590000,0.74718255,-2.94E-05,304.17761,0,1.890412078,26.662375,20.0829,33.24185,1.59,38.68,FALSE
8/1/2019,296.65491,289.45728,303.85254,0.042004194,2.8475342,80081.47,1.70E-05,1360000,0.411688114,-3.82E-05,302.69483,0,2.847843987,23.50491,16.30728,30.70254,1.36,38.69,FALSE
8/2/2019,296.17797,289.8723,302.48364,0.586419963,2.4669857,80221.8425,0,1930000,0.38907585,-3.68E-05,301.67383,0,2.535726093,23.02797,16.7223,29.33364,1.93,38.69,FALSE
8/3/2019,298.65063,291.19556,306.1057,1.393513685,1.6680279,80251.5,0,1810000,0.38208007,-4.00E-05,302.54065,0,2.173521904,25.50063,18.04556,32.9557,1.81,38.68,FALSE
8/4/2019,297.354485,288.55957,306.1494,1.299403925,2.5740027,80119.8425,0,1620000,0.322282393,-3.21E-05,303.03785,0,2.883390445,24.204485,15.40957,32.9994,1.62,38.68,FALSE
8/5/2019,298.793335,290.06494,307.52173,2.6545641,1.36357545,80177.875,0,1360000,0.56281109,-2.71E-05,302.80615,0,2.984300348,25.643335,16.91494,34.37173,1.36,38.68,FALSE
8/6/2019,298.675415,290.1189,307.23193,0.77222655,1.71992255,80127.5,0,1390000,0.9038162,-2.65E-05,303.525265,0,1.885329526,25.525415,16.9689,34.08193,1.39,38.68,FALSE
8/7/2019,299.28637,292.74414,305.8286,0.916959365,1.6952272,80098.53,1.10E-05,1590000,0.77384145,-2.81E-05,304.43787,0,1.927332285,26.13637,19.59414,32.6786,1.59,38.68,FALSE
8/8/2019,296.031615,289.4768,302.58643,0.87095157,1.260435475,80067.0625,0.001031642,1190000,0.65827103,-0.000132637,303.708495,0,1.532075137,22.881615,16.3268,29.43643,1.19,38.68,FALSE
8/9/2019,289.61621,284.77466,294.45776,0.18654485,1.67872443,80020.78,9.13E-07,1400000,0.201362287,-0.000167315,299.43347,0,1.689057339,16.46621,11.62466,21.30776,1.4,38.67,FALSE
8/10/2019,292.34888,283.9419,300.75586,0.658531815,3.3006658,79770.435,0,1610000,0.230415015,-6.10E-05,296.309205,0,3.365718181,19.19888,10.7919,27.60586,1.61,38.67,FALSE
8/11/2019,292.18982,282.18262,302.19702,2.64542725,1.80087025,79837.2825,0,1840000,0.3593522,-2.61E-05,297.611085,0,3.20022171,19.03982,9.03262,29.04702,1.84,38.69,FALSE
8/12/2019,292.397335,285.61523,299.17944,1.393986478,-0.93207966,80236.3425,0,1820000,0.006610448,-3.08E-05,298.74524,0,1.676893196,19.247335,12.46523,26.02944,1.82,38.69,FALSE
8/13/2019,295.553835,288.54712,302.56055,0.886488965,0.7526194,80239.2175,0,1790000,0,-3.40E-05,301.464475,0,1.162883763,22.403835,15.39712,29.41055,1.79,38.69,FALSE
8/14/2019,296.8601,288.3479,305.3723,1.98372535,0.37443916,80349.935,0,1800000,0.2863904,-3.09E-05,302.25733,0,2.018754802,23.7101,15.1979,32.2223,1.8,38.69,FALSE
8/15/2019,299.15552,292.42188,305.88916,1.2598727,0.07839648,80405.2175,0,1550000,0.01850227,-3.22E-05,303.948,0,1.262309482,26.00552,19.27188,32.73916,1.55,38.68,FALSE
8/16/2019,298.755,291.4624,306.0476,2.6157842,-0.2430282,80137.625,0,1700000,0.273878468,-2.30E-05,302.619995,0,2.627049616,25.605,18.3124,32.8976,1.7,38.67,FALSE
8/17/2019,296.350825,288.6975,304.00415,3.38972525,0.25974267,79870.095,0,1770000,0.171673169,-2.24E-05,301.74524,0,3.399662266,23.200825,15.5475,30.85415,1.77,38.66,FALSE
8/18/2019,296.096925,287.93408,304.25977,2.054578165,-0.01295665,79782.7825,0,1620000,0.001318898,-2.12E-05,301.30737,0,2.054619018,22.946925,14.78408,31.10977,1.62,38.67,FALSE
8/19/2019,297.739625,289.02832,306.45093,0.381470415,3.5291691,79864.1875,0,1520000,0.2308599,-2.23E-05,302.597775,0,3.549725935,24.589625,15.87832,33.30093,1.52,38.68,FALSE
8/20/2019,296.79028,289.10522,304.47534,-0.087393615,2.92841575,80049.065,0,1740000,0.41207145,-2.72E-05,302.26111,0,2.929719517,23.64028,15.95522,31.32534,1.74,38.68,FALSE
8/21/2019,296.606325,288.2356,304.97705,1.2194891,1.12696525,80093.1575,0,1710000,0.23774019,-2.61E-05,303.00122,0,1.660483165,23.456325,15.0856,31.82705,1.71,38.67,FALSE
8/22/2019,297.26428,289.50708,305.02148,1.8713355,0.52547971,79752.31,0,1650000,0.890482905,-2.24E-05,304.959595,0,1.943714351,24.11428,16.35708,31.87148,1.65,38.66,FALSE
8/23/2019,293.2898,284.896,301.6836,1.5867518,-2.127715185,79787.435,0,1670000,0.0736444,-2.42E-05,301.213985,0,2.654233069,20.1398,11.746,28.5336,1.67,38.67,FALSE
8/24/2019,296.48486,289.3518,303.61792,2.1637137,-0.28945305,79953.6575,0,1650000,0.48672417,-2.40E-05,302.23584,0,2.182988787,23.33486,16.2018,30.46792,1.65,38.68,FALSE
8/25/2019,298.56372,291.41406,305.71338,2.9666657,0.0896478,80169.3125,0,1660000,0.3100598,-2.33E-05,302.80896,0,2.968019896,25.41372,18.26406,32.56338,1.66,38.68,FALSE
8/26/2019,296.335325,288.4187,304.25195,2.77403138,-2.09097005,80267.815,0,1650000,0,-2.33E-05,301.26868,0,3.473817187,23.185325,15.2687,31.10195,1.65,38.68,FALSE
8/27/2019,295.83679,288.71948,302.9541,0.85727283,-1.5419455,80247.6575,0,1640000,0.00109948,-2.71E-05,301.27405,0,1.764231456,22.68679,15.56948,29.8041,1.64,38.67,FALSE
8/28/2019,297.92566,290.6062,305.24512,0.276928285,-0.37078285,80151.2175,0.000690027,903038.2,0.063572795,-4.38E-05,303.026975,0,0.46278418,24.77566,17.4562,32.09512,0.9030382,38.67,FALSE
8/29/2019,296.06018,289.07544,303.04492,0.5718435,1.79795075,80195.155,0,1440000,0.62439273,-4.78E-05,301.48303,0,1.886698674,22.91018,15.92544,29.89492,1.44,38.67,FALSE
8/30/2019,295.964715,287.55493,304.3745,2.89104465,0.165538715,80169.5925,0,1560000,0.307207317,-2.15E-05,301.27259,0,2.895780074,22.814715,14.40493,31.2245,1.56,38.67,FALSE
8/31/2019,296.02893,288.23413,303.82373,2.3649816,-0.40604522,80235.4075,0,1600000,0,-2.18E-05,300.778435,0,2.399585524,22.87893,15.08413,30.67373,1.6,38.67,FALSE
9/1/2019,297.084235,287.78247,306.386,0.83212323,1.34598975,80134.685,0,1560000,0,-2.07E-05,302.480475,0,1.582440355,23.934235,14.63247,33.236,1.56,38.67,FALSE
9/2/2019,298.592045,290.60645,306.57764,1.91641222,0.85535335,80207.9375,2.45E-06,608555.5,0.027534875,-1.33E-05,302.156135,0,2.098634115,25.442045,17.45645,33.42764,0.6085555,38.67,FALSE
9/3/2019,295.4729,287.94385,303.00195,-0.939363875,2.6470776,80316.405,0,1370000,0.365438549,-2.17E-05,300.622685,0,2.808811904,22.3229,14.79385,29.85195,1.37,38.67,FALSE
9/4/2019,295.919065,289.07788,302.76025,0.36260385,-0.68703505,80243.4075,4.77E-07,1150000,0.248928348,-2.91E-05,302.44079,0,0.776851795,22.769065,15.92788,29.61025,1.15,38.67,FALSE
9/5/2019,295.258425,287.04248,303.47437,0.38485033,0.892064005,80350.4075,0.000114694,409845.94,0.39877003,-4.26E-05,301.25355,0,0.971538968,22.108425,13.89248,30.32437,0.40984594,38.67,FALSE
9/6/2019,291.629885,286.74805,296.51172,-0.58443496,1.60775135,80500.875,0,1290000,0.322939993,-5.95E-05,297.531615,0,1.710680749,18.479885,13.59805,23.36172,1.29,38.66,FALSE
9/7/2019,295.068605,288.71924,301.41797,2.44927295,-0.16058588,80397.8125,1.11E-06,1090000,0.008989416,-5.08E-05,298.360595,0,2.454531688,21.918605,15.56924,28.26797,1.09,38.64,FALSE
9/8/2019,294.49268,286.07446,302.9109,0.382298415,0.5319853,79706.8425,5.76E-05,1470000,0.76894742,-6.83E-05,299.79845,0,0.655103379,21.34268,12.92446,29.7609,1.47,38.64,FALSE
9/9/2019,286.98438,280.1172,293.85156,2.996982165,0.33005765,79784.44,2.96E-05,1220000,0.00206911,-5.18E-05,293.797485,0,3.015102013,13.83438,6.9672,20.70156,1.22,38.64,FALSE
9/10/2019,289.58618,282.36108,296.81128,3.3846689,0.7798301,79400.19,0,1390000,0.246516842,-2.58E-05,294.747315,0,3.473344001,16.43618,9.21108,23.66128,1.39,38.64,TRUE
9/11/2019,287.23937,280.4702,294.00854,3.3058467,-0.607370248,79655.405,0,1190000,0.306779725,-3.17E-05,293.685055,0,3.361178517,14.08937,7.3202,20.85854,1.19,38.64,FALSE
9/12/2019,286.567625,280.37622,292.75903,1.32618131,-1.23915895,80474.0625,0,1400000,0.24593413,-4.19E-05,291.5304,0,1.815012884,13.417625,7.22622,19.60903,1.4,38.64,FALSE
9/13/2019,288.966915,280.5725,297.36133,0.69343,0.52567895,80519.8425,0,1370000,0.000644841,-2.73E-05,294.89221,0,0.870162929,15.816915,7.4225,24.21133,1.37,38.62,FALSE
9/14/2019,292.68762,284.66748,300.70776,1.54266271,-0.1555896,80402,0,1360000,0.009471964,-2.56E-05,296.21704,0,1.550489071,19.53762,11.51748,27.55776,1.36,38.61,FALSE
9/15/2019,294.4082,285.354,303.4624,0.458613035,2.86004305,80059.685,0,1250000,0,-1.97E-05,297.787235,0,2.89657939,21.2582,12.204,30.3124,1.25,38.59,FALSE
9/16/2019,295.08411,288.75952,301.4087,1.27329267,3.7445956,79557.685,2.72E-07,1030000,0.7978719,-1.03E-05,297.36352,0,3.955157447,21.93411,15.60952,28.2587,1.03,38.59,FALSE
9/17/2019,286.43774,276.86768,296.0078,3.51362275,2.98911437,79562.595,0,1330000,0.55224675,-9.18E-06,291.756585,0,4.613062925,13.28774,3.71768,22.8578,1.33,38.61,FALSE
9/18/2019,286.44958,280.281,292.61816,0.799782285,1.6928735,79773.6575,7.06E-06,599267.25,0.006610448,-6.20E-06,292.460075,0,1.87229068,13.29958,7.131,19.46816,0.59926725,38.59,FALSE
9/19/2019,287.781375,279.7566,295.80615,2.164570024,1.02199455,79403.095,0.001660189,923268.06,0.88291195,-0.000150118,292.936885,0,2.393707636,14.631375,6.6066,22.65615,0.92326806,38.6,FALSE
9/20/2019,279.808725,277.0735,282.54395,2.6673417,-0.760659165,79636.25,8.99E-05,877190.7,0.79816405,-0.000151553,287.713745,0,2.77368241,6.658725,3.9235,9.39395,0.8771907,38.62,FALSE
9/21/2019,280.74646,275.74048,285.75244,1.43893475,-0.81652735,80031.155,0,1240000,0.199290781,-0.000145913,285.02783,0,1.654463698,7.59646,2.59048,12.60244,1.24,38.62,FALSE
9/22/2019,282.86707,276.42554,289.3086,0.091251225,0.234251,80127.0325,0,1210000,0,-0.000147233,287.21973,0,0.251396732,9.71707,3.27554,16.1586,1.21,38.61,FALSE
9/23/2019,289.09717,281.42334,296.771,1.280793758,0.6676917,79862.03,5.37E-05,1030000,0.086724334,-9.35E-05,290.54968,0,1.444383902,15.94717,8.27334,23.621,1.03,38.62,FALSE
9/24/2019,286.03137,278.82397,293.23877,0.7504402,-1.883655835,80412.1575,0,1140000,0.137848225,-5.13E-05,289.3999,0,2.027638971,12.88137,5.67397,20.08877,1.14,38.63,FALSE
9/25/2019,288.030025,280.6809,295.37915,0.87542345,-2.8276934,80312.095,0,1150000,0,-2.52E-05,291.43628,0,2.960104083,14.880025,7.5309,22.22915,1.15,38.61,FALSE
9/26/2019,289.623535,281.7583,297.48877,0.318785344,-0.8370878,80098.3125,0,1130000,0,-2.16E-05,292.879275,0,0.895734381,16.473535,8.6083,24.33877,1.13,38.6,FALSE
9/27/2019,292.5625,285.45215,299.67285,3.48006775,-0.4526744,79658.0925,0,768999.94,0,-1.14E-05,294.25732,0,3.509385367,19.4125,12.30215,26.52285,0.76899994,38.58,FALSE
9/28/2019,289.868165,284.2898,295.44653,3.77746535,-0.55687906,79020.0625,0.000212661,773516.25,0.50631067,-0.000109402,292.44445,0,3.81829265,16.718165,11.1398,22.29653,0.77351625,38.55,FALSE
9/29/2019,279.08032,274.70532,283.45532,3.51953745,-1.30969784,78607,9.10E-05,745455.4,0.59687424,-0.0001123,285.9884,6.37E-05,3.755323194,5.93032,1.55532,10.30532,0.7454554,38.59,FALSE
9/30/2019,277.209225,273.3225,281.09595,1.93023442,0.564689125,79237.125,3.16E-07,689205.3,0.448983198,-7.44E-05,282.464845,0,2.011138664,4.059225,0.1725,7.94595,0.6892053,38.6,FALSE
10/1/2019,275.902465,269.98633,281.8186,1.448741,-1.31769372,79381.4375,0,873037.6,0.29013945,-7.19E-05,281.11914,0,1.958358298,2.752465,-3.16367,8.6686,0.8730376,38.61,FALSE
10/2/2019,276.683835,269.6936,283.67407,1.3575064,-1.07860855,79754.7825,0,1060000,0.110482065,-6.43E-05,281.0813,0,1.733845446,3.533835,-3.4564,10.52407,1.06,38.63,FALSE
10/3/2019,279.86816,271.21484,288.52148,-1.00878585,1.59503745,79907.625,0,1030000,0,-4.68E-05,283.96411,0,1.887271406,6.71816,-1.93516,15.37148,1.03,38.63,FALSE
10/4/2019,284.51184,276.26196,292.76172,2.89495945,0.7842071,79589.095,0,1020000,0,-2.05E-05,286.06823,0,2.999295083,11.36184,3.11196,19.61172,1.02,38.65,FALSE
10/5/2019,280.040035,274.1245,285.95557,1.433216778,-0.5303011,80321.345,0,985802.7,0.11217305,-2.08E-05,283.511355,0,1.52817852,6.890035,0.9745,12.80557,0.9858027,38.65,FALSE
10/6/2019,282.94922,274.99048,290.90796,1.451326415,-2.02264595,80470.8425,0,999983.2,0.001834311,-1.13E-05,286.21191,0,2.489466811,9.79922,1.84048,17.75796,0.9999832,38.65,FALSE
10/7/2019,282.094485,272.76294,291.42603,-1.2681864,1.95850235,80477.625,0,622611.25,0,-9.25E-06,285.84363,0,2.333244136,8.944485,-0.38706,18.27603,0.62261125,38.63,FALSE
10/8/2019,287.53003,278.98438,296.07568,1.8209262,0.6073904,79958.78,0,939556.4,0.352998585,-1.10E-05,288.31506,0,1.919556023,14.38003,5.83438,22.92568,0.9395564,38.6,FALSE
10/9/2019,288.90051,282.77734,295.02368,4.75214825,0.495908615,79347,0,955151.56,0.15011862,-4.52E-06,289.45715,0,4.777953364,15.75051,9.62734,21.87368,0.95515156,38.62,FALSE
10/10/2019,272.734255,266.27808,279.19043,1.7232785,-3.0575318,79951.6875,0,943300.75,0.00446461,-7.27E-06,280.762695,0,3.509727838,-0.415745,-6.87192,6.04043,0.94330075,38.65,FALSE
10/11/2019,273.99353,267.04224,280.94482,-0.8955406,-0.8508439,80413.31,0,917120.7,0,-1.61E-05,280.16015,0,1.235284707,0.84353,-6.10776,7.79482,0.9171207,38.64,FALSE
10/12/2019,278.776,269.70483,287.84717,-1.2713724,1.72649715,80075.625,0,898162.94,0,-1.97E-05,282.15259,0,2.144103586,5.626,-3.44517,14.69717,0.89816294,38.62,FALSE
10/13/2019,282.497435,273.34033,291.65454,-0.492189875,1.3007917,79718.5625,0,860137.6,0.21262026,-1.82E-05,284.39209,0,1.390794708,9.347435,0.19033,18.50454,0.8601376,38.61,FALSE
10/14/2019,282.459835,273.479,291.44067,0.84234352,2.38776155,79588.47,0,843973.6,0.134685232,-1.53E-05,284.64979,0,2.531984958,9.309835,0.329,18.29067,0.8439736,38.63,FALSE
10/15/2019,283.604125,276.4895,290.71875,0.79016702,0.2817436,80132.1875,0,825054.8,0,-2.90E-05,285.610595,0,0.838894139,10.454125,3.3395,17.56875,0.8250548,38.65,FALSE
10/16/2019,285.55493,276.125,294.98486,0.11676537,2.2380166,80262.655,0,535188.9,0.073904185,-2.01E-05,286.53015,0,2.241060564,12.40493,2.975,21.83486,0.5351889,38.62,FALSE
10/17/2019,289.94702,285.6372,294.25684,0.82059227,3.526443,79453.69,0,619260.06,0.95189028,-7.90E-06,288.7439,0,3.620659043,16.79702,12.4872,21.10684,0.61926006,38.6,FALSE
10/18/2019,278.30859,271.48438,285.1328,3.5402732,-1.135503625,79452.6575,0,764316.75,0.049646467,-5.88E-06,283.11316,0,3.717916461,5.15859,-1.66562,11.9828,0.76431675,38.63,FALSE
10/19/2019,279.541745,272.95947,286.12402,2.8035141,0.583424515,79683.25,1.90E-05,568639.3,0.046180455,-4.47E-06,282.97315,0,2.863577391,6.391745,-0.19053,12.97402,0.5686393,38.62,FALSE
10/20/2019,278.269045,272.11377,284.42432,5.19555,-1.80876255,79683.595,0,721546.9,0.48822795,-5.25E-06,281.23047,0,5.501396347,5.119045,-1.03623,11.27432,0.7215469,38.64,FALSE
10/21/2019,278.06433,272.79004,283.33862,3.1849699,-0.276215315,80135.375,0,706527.25,0.14909227,-4.34E-06,281.79431,0,3.196924798,4.91433,-0.35996,10.18862,0.70652725,38.65,FALSE
10/22/2019,280.198365,272.73267,287.66406,2.14948743,-0.9986181,80688.875,0,688410.44,0,-1.28E-05,282.7594,0,2.370133819,7.048365,-0.41733,14.51406,0.68841044,38.65,FALSE
10/23/2019,283.265135,275.91943,290.61084,1.90551475,-1.686601441,80507.1575,0,692354.2,0.162629845,-3.37E-06,284.348025,0,2.544722162,10.115135,2.76943,17.46084,0.6923542,38.64,FALSE
10/24/2019,279.238165,271.3108,287.16553,1.003743125,-3.034428,80595.8125,0,663716,0.112804975,-4.65E-06,282.43726,0,3.196131028,6.088165,-1.8392,14.01553,0.663716,38.65,FALSE
10/25/2019,279.244025,272.45435,286.0337,0.04225523,-0.8003726,80828.8125,0,650621.5,0.203986885,-7.38E-06,282.6084,0,0.801487245,6.094025,-0.69565,12.8837,0.6506215,38.63,FALSE
10/26/2019,283.4939,274.2749,292.7129,1.9211173,0.50174559,80111.5625,0,653621.25,0,-6.31E-06,285.4574,0,1.985557936,10.3439,1.1249,19.5629,0.65362125,38.58,FALSE
10/27/2019,278.852415,269.43408,288.27075,2.9800649,-4.0214845,79380.81,3.41E-05,555451.2,0.338556604,-3.11E-06,283.20923,3.42E-05,5.00530962,5.702415,-3.71592,15.12075,0.5554512,38.61,FALSE
10/28/2019,269.35657,263.37964,275.3335,0.40034299,-2.47852439,79842.5325,0,592562.75,0,-1.42E-05,276.37952,0,2.510648853,-3.79343,-9.77036,2.1835,0.59256275,38.6,FALSE
10/29/2019,275.886725,271.9087,279.86475,3.2094556,-2.406762045,79356.875,1.83E-07,635310.4,0.62523925,-9.18E-06,279.117425,1.77E-07,4.011621716,2.736725,-1.2413,6.71475,0.6353104,38.62,FALSE
10/30/2019,264.925415,260.3147,269.53613,0.005072675,-2.15600052,80203.9375,0,614553.44,0,-1.73E-05,272.176025,0,2.156006488,-8.224585,-12.8353,-3.61387,0.61455344,38.65,FALSE
10/31/2019,269.964235,263.2583,276.67017,-0.630089515,1.0903327,80577.2175,0,589740.8,0,-2.56E-05,274.898935,0,1.259300676,-3.185765,-9.8917,3.52017,0.5897408,38.63,FALSE
11/1/2019,277.55249,270.18506,284.91992,0.685852865,-0.27849817,80442.875,0,559337.5,0,-2.29E-05,278.086185,0,0.740240085,4.40249,-2.96494,11.76992,0.5593375,38.64,FALSE
11/2/2019,277.98999,270.62085,285.35913,-0.69483535,-0.360837,80652.845,0,553895.75,0,-1.77E-05,279.067875,0,0.782942849,4.83999,-2.52915,12.20913,0.55389575,38.63,FALSE
11/3/2019,280.84009,272.42725,289.25293,0.60185578,0.42163135,80293.875,0,535680.8,0,-2.05E-05,280.859135,0,0.734849219,7.69009,-0.72275,16.10293,0.5356808,38.61,FALSE
11/4/2019,281.6975,273.3203,290.0747,1.14977805,-0.58211023,80089.5625,0,515801.7,0.039201317,-1.29E-05,281.267945,0,1.288736546,8.5475,0.1703,16.9247,0.5158017,38.62,FALSE
11/5/2019,279.85473,271.1577,288.55176,0.486056205,-0.7706866,80311.81,0,518901.5,0,-7.35E-06,281.287,0,0.911157763,6.70473,-1.9923,15.40176,0.5189015,38.63,FALSE
11/6/2019,280.266845,271.66577,288.86792,-0.046499665,0.07670025,80233.935,0,500390.94,0.4578438,-7.35E-06,282.00769,0,0.089694745,7.116845,-1.48423,15.71792,0.50039094,38.62,FALSE
11/7/2019,281.75439,273.53564,289.97314,0.070083915,-0.27368975,80275.7825,0,492598.8,0,-5.91E-06,282.026245,0,0.282520503,8.60439,0.38564,16.82314,0.4925988,38.64,FALSE
11/8/2019,281.65454,272.42505,290.88403,0.13692147,0.39340165,80648.03,0,480346.44,0.118371665,-6.91E-06,282.379885,0,0.416548133,8.50454,-0.72495,17.73403,0.48034644,38.64,FALSE
11/9/2019,282.46241,273.9109,291.01392,-0.08153241,0.815157698,80637.6575,0,471305.88,0.054917365,-8.29E-06,282.833865,0,0.819225003,9.31241,0.7609,17.86392,0.47130588,38.62,FALSE
11/10/2019,283.404785,275.07104,291.73853,1.0279052,-0.40286455,80304.75,0,445565.06,0.36586705,-5.21E-06,282.509525,0,1.104033037,10.254785,1.92104,18.58853,0.44556506,38.61,FALSE
11/11/2019,283.20825,276.989,289.4275,0.95023754,-1.6634011,80308.625,0,442408.5,0.140128225,-3.69E-06,282.0747,0,1.915686457,10.05825,3.839,16.2775,0.4424085,38.63,FALSE
11/12/2019,278.004515,270.02368,285.98535,-0.635558855,0.0750613,80488.7175,0,312448.38,0.480777269,-4.88E-06,280.787595,0,0.639975982,4.854515,-3.12632,12.83535,0.31244838,38.62,FALSE
11/13/2019,281.32788,273.61694,289.03882,0.81658705,0.2250935,80165.125,0,423954,0.492287217,-6.72E-06,281.230835,0,0.847042793,8.17788,0.46694,15.88882,0.423954,38.61,FALSE
11/14/2019,282.042485,273.84644,290.23853,0.043275375,-0.10390475,80069.405,0,358002,0.94347377,-6.02E-06,282.367925,0,0.112556453,8.892485,0.69644,17.08853,0.358002,38.61,FALSE
11/15/2019,283.098015,277.3452,288.85083,-0.291787415,1.8149967,80068.25,0,397825.5,0.60036373,-4.83E-06,282.970335,0,1.838301639,9.948015,4.1952,15.70083,0.3978255,38.62,FALSE
11/16/2019,279.62866,271.75488,287.50244,1.4877443,-0.537221535,80291.5,0,395699.12,0.041151808,-7.01E-06,281.60217,0,1.581768023,6.47866,-1.39512,14.35244,0.39569912,38.63,FALSE
11/17/2019,278.991575,271.87573,286.10742,0.574245995,-1.2396145,80567.345,0,361089,0.25448735,-1.92E-06,280.59729,0,1.36616345,5.841575,-1.27427,12.95742,0.361089,38.63,FALSE
11/18/2019,280.26636,271.97437,288.55835,0.155293795,-0.01064155,80387.81,0,387389.8,0.94087225,-3.86E-06,281.430175,0,0.155657976,7.11636,-1.17563,15.40835,0.3873898,38.6,FALSE
11/19/2019,283.21106,275.9541,290.46802,0.60720541,1.988230425,79490.625,1.77E-06,246193.62,0.448883157,-2.70E-06,282.513915,0,2.078883987,10.06106,2.8041,17.31802,0.24619362,38.56,FALSE
11/20/2019,281.39197,277.48438,285.29956,-1.45213128,-1.5195662,78521.345,0.0001442,170049.94,0.93699938,-8.53E-06,282.378785,1.24E-05,2.101848399,8.24197,4.33438,12.14956,0.17004994,38.56,FALSE
11/21/2019,274.78381,273.35132,276.2163,-1.63627305,-2.1884427,78771.0625,0.000436575,66212.125,0.996694775,-3.44E-06,277.7395,0.000435212,2.732520987,1.63381,0.20132,3.0663,0.066212125,38.6,FALSE
11/22/2019,273.8136,272.53247,275.09473,-0.222786115,-0.4671882,79679.4075,1.14E-06,181494.88,0.978064475,-3.64E-07,277.74572,6.64E-07,0.517589091,0.6636,-0.61753,1.94473,0.18149488,38.63,FALSE
11/23/2019,273.856935,268.46533,279.24854,-0.40478849,0.25093538,80353.78,0,242102.25,0.56858745,4.20E-07,278.0177,0,0.476258634,0.706935,-4.68467,6.09854,0.24210225,38.63,FALSE
11/24/2019,271.908815,265.4773,278.34033,0.05217375,1.12512096,80413.065,0,231084.5,0.052954375,-1.29E-06,276.27393,0,1.126330003,-1.241185,-7.6727,5.19033,0.2310845,38.61,FALSE
11/25/2019,275.29248,269.63306,280.9519,1.23829475,1.2232811,79560.8425,8.11E-05,158319.94,0.50725066,-1.97E-05,275.8678,2.53E-05,1.740629351,2.14248,-3.51694,7.8019,0.15831994,38.57,FALSE
11/26/2019,266.39625,262.6753,270.1172,2.43409155,-1.803233695,79143.4075,6.35E-05,90056.125,0.543096725,-2.02E-05,273.11011,6.40E-05,3.029266154,-6.75375,-10.4747,-3.0328,0.090056125,38.56,FALSE
11/27/2019,269.79211,269.58472,269.9995,-0.86455825,4.4839754,78233.75,0.000605973,55036.734,1,-1.89E-05,273.49061,0.00060485,4.56656286,-3.35789,-3.56528,-3.1505,0.055036734,38.53,FALSE
11/28/2019,267.11316,265.2981,268.92822,-1.12794875,1.9756751,78007.9375,0.000195898,47564.797,0.9102431,4.36E-06,273.98194,0.00019622,2.27498582,-6.03684,-7.8519,-4.22178,0.047564797,38.56,FALSE
11/29/2019,266.172125,264.1316,268.21265,-0.25641205,0.560920955,78120.28,2.09E-05,57706.527,0.70009875,4.67E-06,274.40857,2.07E-05,0.616749104,-6.977875,-9.0184,-4.93735,0.057706527,38.57,FALSE
11/30/2019,261.86633,257.26953,266.46313,1.95753095,1.57200835,78953.28,3.65E-07,52709.54,0.57158615,2.68E-06,274.50073,4.80E-07,2.510605041,-11.28367,-15.88047,-6.68687,0.05270954,38.63,FALSE
12/1/2019,264.328125,264.24658,264.40967,-1.744638,1.4055052,79787.75,0.00012271,40961.258,1,-7.21E-06,274.42676,0.000123013,2.240358591,-8.821875,-8.90342,-8.74033,0.040961258,38.62,FALSE
12/2/2019,270.7168,269.4226,272.011,-1.39184095,1.81351525,79910.7825,4.28E-05,52531.406,0.98693159,-1.96E-06,275.29517,4.29E-05,2.286057478,-2.4332,-3.7274,-1.139,0.052531406,38.63,FALSE
12/3/2019,270.77979,268.74048,272.8191,-0.22183451,1.207499,80228.1575,6.38E-07,76939.56,0.7825099,1.71E-06,275.888425,4.98E-07,1.227706962,-2.37021,-4.40952,-0.3309,0.07693956,38.62,FALSE
12/4/2019,269.43298,267.4121,271.45386,-0.98845485,0.923412565,79880.2175,0.000307063,34973.305,0.95260173,-1.19E-06,275.87024,0.000306678,1.352676516,-3.71702,-5.7379,-1.69614,0.034973305,38.58,FALSE
12/5/2019,272.476565,272.38623,272.5669,0.2416296,0.216877965,79381.6875,2.12E-05,68244.875,0.989340215,4.31E-06,276.32495,2.17E-05,0.324685872,-0.673435,-0.76377,-0.5831,0.068244875,38.61,FALSE
12/6/2019,272.20728,272.0442,272.37036,-1.125981615,0.97124607,80120.345,5.83E-06,99630.375,0.885214525,9.17E-06,276.9353,5.67E-06,1.486994797,-0.94272,-1.1058,-0.77964,0.099630375,38.61,FALSE
12/7/2019,274.57825,272.57178,276.58472,-1.074354065,3.11208535,79849.625,4.94E-06,59100.656,0.52186715,1.07E-05,276.96887,1.02E-07,3.292311025,1.42825,-0.57822,3.43472,0.059100656,38.59,FALSE
12/8/2019,276.36071,273.6328,279.08862,0.399361,2.8748417,79485.47,0.000191149,100024.25,0.80519308,3.69E-06,277.27857,0.000118643,2.902447934,3.21071,0.4828,5.93862,0.10002425,38.59,FALSE
12/9/2019,273.285645,271.17114,275.40015,1.20034405,-0.7573133,79732.1575,2.86E-05,107500.44,0.5186117,1.45E-06,277.36352,2.89E-05,1.419277729,0.135645,-1.97886,2.25015,0.10750044,38.62,FALSE
12/10/2019,269.403925,265.687,273.12085,0.62445415,0.745196303,80166.375,1.18E-06,139914.62,0.72146338,4.16E-06,277.0083,1.29E-06,0.97224509,-3.746075,-7.463,-0.02915,0.13991462,38.62,FALSE
12/11/2019,271.99463,269.28662,274.70264,-0.419064335,1.604970025,80144.065,0.000120175,124357.69,0.519945282,-1.62E-06,276.180175,2.49E-06,1.658777772,-1.15537,-3.86338,1.55264,0.12435769,38.61,FALSE
12/12/2019,273.4541,272.21167,274.69653,0.29042849,2.5137701,80114.3425,1.96E-06,115104.69,0.904637455,2.35E-06,276.19897,0,2.530491815,0.3041,-0.93833,1.54653,0.11510469,38.62,FALSE
12/13/2019,277.34753,276.2329,278.46216,2.056155,0.946844485,80181.25,0.000569438,40302.066,0.9736466,7.36E-07,275.90845,0.00039696,2.263688994,4.19753,3.0829,5.31216,0.040302066,38.59,FALSE
12/14/2019,275.427735,274.93823,275.91724,2.50532965,0.833357615,79380.125,0.000235198,127370.69,0.77097773,5.64E-06,276.153445,0.000158861,2.640295735,2.277735,1.78823,2.76724,0.12737069,38.58,FALSE
12/15/2019,269.85864,266.34106,273.37622,0.975639945,0.4952749,79125.25,0.000461311,112755.06,0.494677181,1.14E-06,275.45972,0.000453499,1.094152882,-3.29136,-6.80894,0.22622,0.11275506,38.6,FALSE
12/16/2019,263.56921,258.46606,268.67236,1.59225275,-0.17821805,79971.185,5.11E-06,85314.875,0.76920101,1.21E-06,274.86352,5.04E-06,1.602195523,-9.58079,-14.68394,-4.47764,0.085314875,38.64,FALSE
12/17/2019,260.65163,255.95634,265.34692,-0.3707084,0.84203969,80624.185,1.00E-06,115262.81,0.69241778,2.72E-06,274.335815,1.43E-06,0.920030194,-12.49837,-17.19366,-7.80308,0.11526281,38.62,FALSE
12/18/2019,262.821045,261.13574,264.50635,-1.998158,1.67809345,80099.81,0,86491.875,0.68653316,-1.68E-06,273.62622,1.02E-07,2.609335743,-10.328955,-12.01426,-8.64365,0.086491875,38.59,FALSE
12/19/2019,265.014775,259.18115,270.8484,0.088881045,1.8999939,79673.03,0,128234.875,0.51847461,3.78E-07,273.46558,0,1.902071676,-8.135225,-13.96885,-2.3016,0.128234875,38.61,FALSE
12/20/2019,269.39136,264.59692,274.1858,-0.014955475,1.7796364,80293.9675,0,102441.19,0.496020377,7.30E-07,273.36804,0,1.779699239,-3.75864,-8.55308,1.0358,0.10244119,38.63,FALSE
12/21/2019,272.54858,270.1162,274.98096,-1.42642785,2.3940101,80328.25,0,113567.94,0.995665965,-1.33E-05,273.61108,0,2.786750934,-0.60142,-3.0338,1.83096,0.11356794,38.6,FALSE
12/22/2019,275.07898,273.63623,276.52173,-1.6945696,3.15641595,79681.935,0,158853.62,0.99801365,-5.48E-05,273.957515,0,3.582530918,1.92898,0.48623,3.37173,0.15885362,38.58,FALSE
12/23/2019,275.37427,273.40234,277.3462,-1.16817665,2.90571355,79208.875,0.000311533,63875.746,0.69325614,-6.30E-06,274.36719,0.000311322,3.131741995,2.22427,0.25234,4.1962,0.063875746,38.58,FALSE
12/24/2019,272.325075,271.21387,273.43628,-0.08135205,1.79456905,78949.065,0.000148203,123733.31,0.94369143,2.21E-06,274.85974,0.000148279,1.796412044,-0.824925,-1.93613,0.28628,0.12373331,38.57,FALSE
12/25/2019,270.73193,268.1538,273.31006,0.9245649,0.286208105,78826.125,1.60E-05,97660.75,0.65455054,-2.04E-06,274.76819,1.64E-05,0.967850884,-2.41807,-4.9962,0.16006,0.09766075,38.58,FALSE
12/26/2019,266.22437,260.9502,271.49854,-0.092068675,1.17546116,79158.2175,1.59E-05,102188.94,0.9323571,2.27E-06,274.230715,1.55E-05,1.179061313,-6.92563,-12.1998,-1.65146,0.10218894,38.6,FALSE
12/27/2019,263.2246,257.3518,269.0974,-0.0754013,0.54815978,79439.9375,1.99E-05,119437.94,0.93614115,5.17E-06,273.66505,1.99E-05,0.553321336,-9.9254,-15.7982,-4.0526,0.11943794,38.6,FALSE
12/28/2019,266.29407,264.24927,268.33887,1.8368516,-0.6101153,79607.69,1.84E-05,128170.56,0.89318985,8.40E-07,273.30835,1.84E-05,1.935526926,-6.85593,-8.90073,-4.81113,0.12817056,38.62,FALSE
12/29/2019,264.752935,261.33887,268.167,1.37773135,0.25889185,79884.56,0.000105326,79885.94,0.83163595,-1.91E-06,273.29736,0.000105227,1.401844736,-8.397065,-11.81113,-4.983,0.07988594,38.61,FALSE
12/30/2019,269.18115,266.67285,271.68945,-0.16740455,0.976903,79704.0925,1.45E-06,135893.12,0.982766285,-5.30E-07,273.392215,1.48E-06,0.991142651,-3.96885,-6.47715,-1.46055,0.13589312,38.62,FALSE
12/31/2019,270.03894,268.02466,272.05322,0.54044032,-0.879789511,80097.53,1.21E-05,139351.94,0.80928898,-3.41E-06,273.529785,1.21E-05,1.032523764,-3.11106,-5.12534,-1.09678,0.13935194,38.62,FALSE
1/1/2020,269.968995,268.20142,271.73657,1.4907355,0.767458095,79907.5925,0.000194812,118215.5,0.98789552,-6.09E-06,273.62671,1.40E-05,1.67668848,-3.181005,-4.94858,-1.41343,0.1182155,38.59,FALSE
1/2/2020,274.03882,270.26978,277.80786,3.79547595,-1.228724365,79444.435,1.37E-05,160414.69,0.59359313,-5.70E-07,274.03564,1.39E-05,3.989411141,0.88882,-2.88022,4.65786,0.16041469,38.61,FALSE
1/3/2020,268.29431,263.18945,273.39917,1.56291295,0.558273125,80161.1875,0,154139.38,0.542841465,7.21E-06,273.91968,2.90E-07,1.659628203,-4.85569,-9.96055,0.24917,0.15413938,38.63,FALSE
1/4/2020,272.926145,271.10815,274.74414,-1.00916482,2.41585875,80345.2825,0,182396.81,0.83574995,-1.60E-06,273.498295,0,2.618164841,-0.223855,-2.04185,1.59414,0.18239681,38.62,FALSE
1/5/2020,270.9392,264.1953,277.6831,1.09656551,0.5886059,80406.1575,0,206200.06,0.225119798,-2.35E-06,273.38879,0,1.244553263,-2.2108,-8.9547,4.5331,0.20620006,38.63,FALSE
1/6/2020,264.838135,257.11475,272.56152,2.0816865,0.536577108,80742.25,0,210623.12,0.025601151,-2.84E-06,272.74878,0,2.149728745,-8.311865,-16.03525,-0.58848,0.21062312,38.63,FALSE
1/7/2020,267.232545,261.73926,272.72583,0.16534302,1.79378755,80679.94,0,209763.62,0.011692448,-8.51E-06,272.418455,0,1.801391709,-5.917455,-11.41074,-0.42417,0.20976362,38.59,FALSE
1/8/2020,271.53137,268.33618,274.72656,0.9104733,1.304848442,79542,1.57E-05,197653.75,0.52968764,-1.30E-05,272.44519,1.15E-05,1.591097447,-1.61863,-4.81382,1.57656,0.19765375,38.57,FALSE
1/9/2020,269.070915,265.60693,272.5349,2.1065502,0.72559478,79186.155,0.000505635,160456.94,0.691464075,-6.23E-06,272.306885,0.000499623,2.228012911,-4.079085,-7.54307,-0.6151,0.16045694,38.58,FALSE
1/10/2020,264.72888,257.55908,271.89868,1.8604126,-0.059145485,79714.5,1.09E-06,212917.12,0.847845,-3.80E-06,272.214845,1.01E-06,1.861352527,-8.42112,-15.59092,-1.25132,0.21291712,38.61,FALSE
1/11/2020,267.726805,266.97534,268.47827,0.444592675,2.4640684,79790.315,0.000138279,143289.69,0.472597759,-4.26E-06,272.06555,0.000137799,2.503856171,-5.423195,-6.17466,-4.67173,0.14328969,38.58,FALSE
1/12/2020,267.27856,263.3977,271.15942,2.86373955,-0.3862653,79472.3425,7.62E-05,134319.25,0.883786875,-1.18E-06,272.271725,7.63E-05,2.889672143,-5.87144,-9.7523,-1.99058,0.13431925,38.57,FALSE
1/13/2020,269.4226,267.6477,271.1975,2.27353905,1.68983695,79247.7825,1.72E-05,196200.81,0.8325967,3.80E-07,272.49317,1.71E-05,2.832759914,-3.7274,-5.5023,-1.9525,0.19620081,38.58,FALSE
1/14/2020,269.68457,266.15894,273.2102,1.80712365,3.16631605,79211.345,2.93E-06,180253.31,0.166256425,-6.80E-07,272.60328,3.06E-06,3.645717106,-3.46543,-6.99106,0.0602,0.18025331,38.58,FALSE
1/15/2020,264.6156,258.78564,270.44556,1.407865695,1.059418265,79574.0325,0,182366.81,0.56761128,3.10E-07,272.270635,0,1.761945764,-8.5344,-14.36436,-2.70444,0.18236681,38.59,FALSE
1/16/2020,268.41968,268.37183,268.46753,-1.5675974,2.83470165,79357.2175,0,223162.81,0.99248283,-4.05E-05,272.18005,0,3.239273847,-4.73032,-4.77817,-4.68247,0.22316281,38.56,FALSE
1/17/2020,271.3866,266.4497,276.3235,1.36104128,3.406824465,79070.155,0,198682.38,0.104507728,4.35E-06,272.721925,7.97E-08,3.668635482,-1.7634,-6.7003,3.1735,0.19868238,38.62,FALSE
1/18/2020,267.13611,263.9773,270.29492,-0.1400139,1.65165045,80321.2175,0,164783.88,0.8735645,-5.50E-08,272.68555,2.28E-08,1.657574463,-6.01389,-9.1727,-2.85508,0.16478388,38.63,FALSE
1/19/2020,270.40332,265.99927,274.80737,-0.807456285,1.0436773,80658.47,0,150808.81,0.99450825,-5.70E-07,272.62622,0,1.319563549,-2.74668,-7.15073,1.65737,0.15080881,38.62,FALSE
1/20/2020,271.53845,270.02612,273.05078,-1.8123107,1.2269225,80329.03,0,148134.75,0.99900222,-6.12E-06,272.80201,0,2.188563203,-1.61155,-3.12388,-0.09922,0.14813475,38.58,FALSE
1/21/2020,274.080815,271.761,276.40063,-0.76008798,2.1033206,79660.125,3.16E-07,209448.88,0.852555275,-5.28E-06,273.08106,4.67E-07,2.236446128,0.930815,-1.389,3.25063,0.20944888,38.58,FALSE
1/22/2020,273.449215,271.78223,275.1162,1.40118265,1.97195245,79752.72,3.18E-05,223616.5,0.89833748,-2.24E-06,273.24072,1.39E-05,2.419071988,0.299215,-1.36777,1.9662,0.2236165,38.6,FALSE
1/23/2020,271.147335,265.51562,276.77905,1.210899965,0.9099864,80285.0325,1.83E-07,278195.7,0.26302037,8.30E-07,273.25256,2.10E-07,1.514712505,-2.002665,-7.63438,3.62905,0.2781957,38.6,FALSE
1/24/2020,275.60145,275.542,275.6609,0.55602336,1.344451915,80069.4075,0.000424824,273661.12,0.848130195,-6.64E-06,273.41138,0.000288827,1.454892755,2.45145,2.392,2.5109,0.27366112,38.58,FALSE
1/25/2020,272.42078,266.28223,278.55933,0.778050525,0.5363644,79971.125,0,292376.3,0.85126795,-5.23E-06,273.45874,4.57E-08,0.945012904,-0.72922,-6.86777,5.40933,0.2923763,38.6,FALSE
1/26/2020,273.089965,270.68506,275.49487,-0.767095275,1.58619165,79969.875,0.000508634,169497.56,0.89737705,-4.53E-06,273.38684,0.000356806,1.761941858,-0.060035,-2.46494,2.34487,0.16949756,38.59,FALSE
1/27/2020,272.29712,268.12036,276.47388,2.1573763,0.591567185,80028.7825,2.09E-06,287777.62,0.95277495,-6.00E-06,273.475465,2.29E-06,2.237012346,-0.85288,-5.02964,3.32388,0.28777762,38.61,FALSE
1/28/2020,272.802615,268.86768,276.73755,0.88396831,1.59056137,80307,9.10E-07,433823.38,0.872054905,-3.28E-05,273.250855,7.36E-07,1.819693778,-0.347385,-4.28232,3.58755,0.43382338,38.59,FALSE
1/29/2020,273.15551,267.6931,278.61792,2.8401485,-0.78174979,80011.78,1.73E-05,409761.06,0.42595783,-2.55E-05,273.29395,1.72E-05,2.945772604,0.00551,-5.4569,5.46792,0.40976106,38.6,FALSE
1/30/2020,271.73437,268.87744,274.5913,1.4653211,-0.446615565,80201.375,2.61E-05,407824.2,0.991971635,-2.47E-05,272.80603,2.63E-05,1.531871858,-1.41563,-4.27256,1.4413,0.4078242,38.61,FALSE
1/31/2020,270.376955,265.85376,274.90015,1.080729,0.13892745,80571.7825,2.54E-06,506418.75,0.63258457,-1.61E-05,272.602535,2.41E-06,1.089621956,-2.773045,-7.29624,1.75015,0.50641875,38.62,FALSE
2/1/2020,272.92907,266.20044,279.6577,0.309791145,1.190448815,80847.47,0,585026.1,0.68915963,-2.96E-05,272.95715,0,1.230097124,-0.22093,-6.94956,6.5077,0.5850261,38.6,FALSE
2/2/2020,278.036985,272.50024,283.57373,0.208397249,2.7541246,80158.815,9.29E-05,409612.06,0.6791625,-5.90E-05,274.42382,3.22E-06,2.761997778,4.886985,-0.64976,10.42373,0.40961206,38.53,FALSE
2/3/2020,270.88794,261.91748,279.8584,3.46686405,-3.5993633,78709.5925,6.46E-05,442335.12,0.75229275,-4.57E-05,273.14038,6.26E-05,4.997455603,-2.26206,-11.23252,6.7084,0.44233512,38.57,FALSE
2/4/2020,262.114625,257.63208,266.59717,2.2187977,-3.0437745,79572.845,0,543652.56,0.423583118,-3.02E-05,268.42236,7.97E-08,3.766646578,-11.035375,-15.51792,-6.55283,0.54365256,38.6,FALSE
2/5/2020,265.05323,261.29346,268.813,1.51671695,-1.757921465,79948.78,9.18E-05,173175.5,0.511916483,-2.10E-05,268.867065,9.17E-05,2.32179202,-8.09677,-11.85654,-4.337,0.1731755,38.59,FALSE
2/6/2020,273.105475,272.7881,273.42285,2.3523855,-0.056198,79908.22,4.86E-06,500299.5,0.623568475,-2.87E-05,271.6189,4.56E-06,2.353056684,-0.044525,-0.3619,0.27285,0.5002995,38.58,FALSE
2/7/2020,270.90686,264.19507,277.61865,2.299211,0.814889614,79929.095,0,611042.56,0.9962268,-3.65E-05,272.287355,1.93E-07,2.439347516,-2.24314,-8.95493,4.46865,0.61104256,38.59,FALSE
2/8/2020,275.73571,270.0327,281.43872,1.64438485,1.445114467,79772.655,1.73E-06,652175.8,0.098136899,-7.87E-05,272.75781,1.99E-06,2.189145348,2.58571,-3.1173,8.28872,0.6521758,38.56,FALSE
2/9/2020,272.73193,267.42114,278.04272,2.34777227,-2.6986394,79425.7175,8.33E-06,606573.06,0.37218495,-5.68E-05,272.925535,8.00E-06,3.576966486,-0.41807,-5.72886,4.89272,0.60657306,38.59,FALSE
2/10/2020,267.475095,261.85107,273.09912,-1.20360012,-2.5980664,79873.5,0,716417.06,0.16314754,-7.06E-05,269.86841,0,2.863320148,-5.674905,-11.29893,-0.05088,0.71641706,38.6,FALSE
2/11/2020,269.66797,263.9043,275.43164,1.26912685,-2.8848276,80034.4675,0,742253.94,0.003206775,-6.22E-05,270.57214,0,3.151652462,-3.48203,-9.2457,2.28164,0.74225394,38.6,FALSE
2/12/2020,269.71045,263.0437,276.3772,1.89950135,-0.39822975,79875.19,0,769110.8,0.093007385,-7.27E-05,271.21447,0,1.940796824,-3.43955,-10.1063,3.2272,0.7691108,38.59,FALSE
2/13/2020,271.23425,263.76147,278.70703,1.07104832,-0.2754774,79866.4375,0,857592.4,0.298230737,-8.52E-05,271.32422,0,1.105907908,-1.91575,-9.38853,5.55703,0.8575924,38.58,FALSE
2/14/2020,274.742915,266.5935,282.89233,0.683784485,2.02354625,79707.5,0,888214.2,0,-0.000108313,272.64258,0,2.135954271,1.592915,-6.5565,9.74233,0.8882142,38.59,FALSE
2/15/2020,274.93689,268.12085,281.75293,2.7942977,0.53598154,79830.2175,0,524669.1,0.6710216,-8.42E-05,273.35998,0,2.845237397,1.78689,-5.02915,8.60293,0.5246691,38.59,FALSE
2/16/2020,279.71875,277.11987,282.31763,2.69320015,0.86548122,79813.6575,4.61E-05,672176.6,0.887642325,-9.42E-05,275.015015,0,2.828848669,6.56875,3.96987,9.16763,0.6721766,38.59,FALSE
2/17/2020,274.960335,269.71387,280.2068,2.83921905,-1.30988319,79854.2175,2.53E-06,902002.56,0.94722378,-0.000116209,274.179925,2.34E-06,3.12681288,1.810335,-3.43613,7.0568,0.90200256,38.59,FALSE
2/18/2020,271.208615,264.7666,277.65063,0.766425615,-2.128819065,79915.655,0,994926.4,0.688961535,-9.26E-05,272.210445,0,2.262582338,-1.941385,-8.3834,4.50063,0.9949264,38.59,FALSE
2/19/2020,273.506105,267.55884,279.45337,0.67611944,-0.57768527,79815,0,1020000,0.298592221,-9.32E-05,272.985725,0,0.889301843,0.356105,-5.59116,6.30337,1.02,38.6,FALSE
2/20/2020,270.14881,263.0652,277.23242,-1.61281395,-0.53217875,80251.5,0,1030000,0.2579789,-0.000114053,271.957025,0,1.698347155,-3.00119,-10.0848,4.08242,1.03,38.6,FALSE
2/21/2020,273.446895,266.57983,280.31396,-1.458040675,1.9498205,80249.5,0,1040000,0.00099776,-0.000114312,273.1228,0,2.434683263,0.296895,-6.57017,7.16396,1.04,38.59,FALSE
2/22/2020,278.09973,272.27368,283.92578,0.9363292,1.0991928,79936.56,4.87E-05,548191.9,0.7521003,-5.55E-05,275.61255,1.61E-07,1.443931156,4.94973,-0.87632,10.77578,0.5481919,38.57,FALSE
2/23/2020,275.49378,270.39746,280.5901,-0.35142755,-0.64413335,79724.375,0,1020000,0.569151015,-0.000141092,273.6427,0,0.733763651,2.34378,-2.75254,7.4401,1.02,38.59,FALSE
2/24/2020,278.25378,272.68726,283.8203,3.50820685,-1.507512765,80251.94,0,1090000,0.315344745,-0.00014774,275.88965,0,3.818391028,5.10378,-0.46274,10.6703,1.09,38.61,FALSE
2/25/2020,273.908205,268.59595,279.22046,2.8912358,-2.4068699,80534.565,0,1110000,0,-0.000120801,274.001465,0,3.761949915,0.758205,-4.55405,6.07046,1.11,38.61,FALSE
2/26/2020,272.95166,265.65186,280.25146,0.204410169,-0.915225,80809.75,0,1120000,0.020924308,-0.000144439,273.75355,0,0.937774129,-0.19834,-7.49814,7.10146,1.12,38.6,FALSE
2/27/2020,277.828615,270.19336,285.46387,1.52112,-1.1185975,80636.97,0,1140000,0,-0.000129996,275.764895,0,1.888138348,4.678615,-2.95664,12.31387,1.14,38.6,FALSE
2/28/2020,277.34753,269.7058,284.98926,-0.059813335,0.03075505,80586.125,8.67E-07,922796.75,0.42701888,-0.000135033,277.073,0,0.06725703,4.19753,-3.4442,11.83926,0.92279675,38.58,FALSE
2/29/2020,281.91687,276.76367,287.07007,1.533489665,2.3786635,79890.25,9.39E-06,1050000,0.9963194,-0.000160419,277.709105,0,2.830129078,8.76687,3.61367,13.92007,1.05,38.54,FALSE
3/1/2020,278.331415,271.3579,285.30493,2.6960996,-0.19064955,79089.22,0.00047293,545064.25,0.8056614,-7.50E-05,277.91882,0.000472935,2.702831905,5.181415,-1.7921,12.15493,0.54506425,38.56,FALSE
3/2/2020,268.574585,263.86255,273.28662,-0.458404015,-3.77248905,79557.875,0,993386.3,0.491105525,-8.99E-05,272.885255,0,3.800237871,-4.575415,-9.28745,0.13662,0.9933863,38.59,FALSE
3/3/2020,272.50061,267.95654,277.04468,1.28168468,-2.296476272,79980.22,0,853818.8,0.22182745,-8.50E-05,274.3009,0,2.629927544,-0.64939,-5.19346,3.89468,0.8538188,38.59,FALSE
3/4/2020,276.034915,269.3899,282.67993,0.44528486,-0.91016435,80088.0325,0,1110000,0.013820795,-0.000122187,275.74243,0,1.01325108,2.884915,-3.7601,9.52993,1.11,38.59,FALSE
3/5/2020,278.93579,271.04175,286.82983,1.08575435,-0.1951127,80269.53,7.43E-06,1100000,0.201571463,-0.000158072,277.8733,0,1.103146171,5.78579,-2.10825,13.67983,1.1,38.59,FALSE
3/6/2020,282.7876,275.6521,289.9231,-0.052387805,3.6314445,80095.065,0,1010000,0.91807602,-0.000152795,278.97485,0,3.631822358,9.6376,2.5021,16.7731,1.01,38.57,FALSE
3/7/2020,283.684575,279.10938,288.25977,-0.3314221,3.58007145,79373,0.00015205,606874.25,0.93375262,-9.74E-05,279.3468,3.40E-06,3.595379284,10.534575,5.95938,15.10977,0.60687425,38.54,FALSE
3/8/2020,275.967775,270.09595,281.8396,2.22478932,0.23689793,79105.6875,3.06E-05,840564.94,0.9927017,-9.91E-05,278.53784,2.10E-05,2.237366342,2.817775,-3.05405,8.6896,0.84056494,38.57,FALSE
3/9/2020,277.037475,272.29443,281.78052,1.3241804,1.60914565,79450.19,4.68E-05,810096.25,0.93650695,-0.000100716,278.108155,0,2.083939408,3.887475,-0.85557,8.63052,0.81009625,38.59,FALSE
3/10/2020,276.842535,271.52417,282.1609,1.279578255,0.5947022,79967.5625,0,914630.5,0.42045453,-0.000135254,277.723145,0,1.411024882,3.692535,-1.62583,9.0109,0.9146305,38.59,FALSE
3/11/2020,279.167235,273.4768,284.85767,-1.329172575,2.27819065,79952.94,0.000252403,1000000,0.66956449,-0.000117906,278.74145,0,2.637584572,6.017235,0.3268,11.70767,1,38.58,FALSE
3/12/2020,278.8844,272.35327,285.41553,1.811099875,-0.17689375,79763.5,0,1330000,0.355363875,-0.000157218,279.16162,0,1.819718153,5.7344,-0.79673,12.26553,1.33,38.57,FALSE
3/13/2020,279.40247,272.57056,286.23438,-0.80677982,-1.9260249,79205.0625,2.25E-05,1290000,0.397304355,-0.000152405,279.39306,0,2.088172788,6.25247,-0.57944,13.08438,1.29,38.54,FALSE
3/14/2020,282.003915,278.02393,285.9839,2.95212439,2.82236435,78759.25,0.000353119,1120000,0.22450313,-0.000132656,281.20398,0,4.084210932,8.853915,4.87393,12.8339,1.12,38.56,FALSE
3/15/2020,279.67798,275.77856,283.5774,0.890054275,5.98223305,79089.655,4.78E-05,955426.3,0.41544115,-0.000121576,280.196165,5.00E-06,6.048083075,6.52798,2.62856,10.4274,0.9554263,38.57,FALSE
3/16/2020,279.1792,273.43213,284.92627,0.19249535,4.3444829,79272.5325,3.67E-06,1230000,0.47277143,-0.000118923,278.857055,1.41E-07,4.348745351,6.0292,0.28213,11.77627,1.23,38.57,FALSE
3/17/2020,279.171995,274.69702,283.64697,-1.40653325,5.290678,78960.81,0.0004971,911662.8,0.52667007,-8.98E-05,279.908325,0.000412969,5.47445061,6.021995,1.54702,10.49697,0.9116628,38.55,FALSE
3/18/2020,274.37366,270.10742,278.6399,1.0927439,3.17409385,78856.6575,0.000419411,1020000,0.58293015,-5.58E-05,277.837405,0.000395393,3.356927315,1.22366,-3.04258,5.4899,1.02,38.56,FALSE
3/19/2020,272.437625,268.62915,276.2461,1.06804482,-0.153674903,78862.4375,6.90E-05,1030000,0.492875605,-6.85E-05,278.66016,5.94E-07,1.079043888,-0.712375,-4.52085,3.0961,1.03,38.58,FALSE
3/20/2020,273.651,270.61572,276.68628,-0.151683305,0.191204995,79678.7825,0.000103,1040000,0.9595493,-8.12E-05,279.02112,3.25E-05,0.244063875,0.501,-2.53428,3.53628,1.04,38.6,FALSE
3/21/2020,273.430055,267.90015,278.95996,-0.318507145,1.032337585,79952.9675,3.63E-05,864056.75,0.292316534,-9.20E-05,278.51221,9.33E-06,1.080355354,0.280055,-5.24985,5.80996,0.86405675,38.59,FALSE
3/22/2020,274.428345,268.91235,279.94434,1.37359812,0.483477325,79866.1875,6.87E-06,711526.5,0.365185593,-0.000106484,278.139775,0,1.456201263,1.278345,-4.23765,6.79434,0.7115265,38.58,FALSE
3/23/2020,277.17334,271.65186,282.69482,0.572888045,2.66674515,79547.72,1.42E-05,1000000,0.548414745,-0.000130122,278.5503,0,2.72758692,4.02334,-1.49814,9.54482,1,38.57,FALSE
3/24/2020,276.997065,271.656,282.33813,3.025178215,1.02339986,79466.4675,3.43E-05,1210000,0.41109969,-0.000156522,278.305915,0,3.193595232,3.847065,-1.494,9.18813,1.21,38.56,FALSE
3/25/2020,278.28601,272.32837,284.24365,3.57796995,0.78538622,79169.155,0.000278443,627540,0.38156362,-6.27E-05,278.20508,0.000277934,3.663154444,5.13601,-0.82163,11.09365,0.62754,38.56,FALSE
3/26/2020,272.509765,269.45166,275.56787,1.12617238,-2.53596735,79024.345,0.0001622,1110000,0.95437485,-9.47E-05,276.74585,0.000162,2.774778303,-0.640235,-3.69834,2.41787,1.11,38.56,FALSE
3/27/2020,270.162965,265.13843,275.1875,1.53197905,-1.207423865,79177.03,2.10E-05,786382,0.304085919,-9.43E-05,276.141355,1.74E-05,1.950597908,-2.987035,-8.01157,2.0375,0.786382,38.58,FALSE
3/28/2020,274.50794,270.8545,278.16138,2.99045325,-1.07081375,79567.905,3.53E-05,828791.75,0.617454015,-8.56E-05,276.03784,9.31E-06,3.176389889,1.35794,-2.2955,5.01138,0.82879175,38.59,FALSE
3/29/2020,277.72132,274.8152,280.62744,0.49619188,1.79663995,79577.97,0.000218861,933288.8,0.987834635,-8.74E-05,278.11059,7.04E-05,1.863899539,4.57132,1.6652,7.47744,0.9332888,38.58,FALSE
3/30/2020,275.00146,271.16382,278.8391,1.86396382,0.51488375,79712.125,8.20E-07,836414.1,0.46823835,-0.000120088,277.65747,0,1.933769996,1.85146,-1.98618,5.6891,0.8364141,38.59,FALSE
3/31/2020,280.77893,276.96216,284.5957,3.5838641,2.0642113,80004.655,9.48E-07,943482.8,0.108148215,-0.000140434,278.59204,0,4.135825211,7.62893,3.81216,11.4457,0.9434828,38.57,FALSE
4/1/2020,280.97632,274.17212,287.78052,4.1381749,1.16721965,79321.5325,5.80E-06,1240000,0.24381666,-0.000106533,279.14038,2.31E-06,4.299638731,7.82632,1.02212,14.63052,1.24,38.55,FALSE
4/2/2020,273.00561,266.20752,279.8037,2.723008725,-3.075218475,79138.5,0,1560000,0.106552871,-0.000115534,278.71375,0,4.107522999,-0.14439,-6.94248,6.6537,1.56,38.58,FALSE
4/3/2020,273.269535,268.2859,278.25317,1.252238915,-0.13390395,79521.125,0,1610000,0.074009229,-0.000108495,278.45861,0,1.25937785,0.119535,-4.8641,5.10317,1.61,38.56,FALSE
4/4/2020,276.2699,269.38965,283.15015,2.572827217,0.3271441,79210.75,5.45E-07,909003.9,0.3202984,-7.28E-05,279.407715,0,2.593542587,3.1199,-3.76035,10.00015,0.9090039,38.55,FALSE
4/5/2020,281.28894,275.07764,287.50024,1.2640996,2.3232682,78643.75,0.000224507,729553.75,0.66456698,-4.58E-05,280.924315,1.19E-07,2.644905089,8.13894,1.92764,14.35024,0.72955375,38.54,FALSE
4/6/2020,280.440425,276.82275,284.0581,0.4783492,5.15281815,78609.22,0.000161909,992401.8,0.70536533,-8.95E-05,281.369995,7.90E-08,5.174973705,7.290425,3.67275,10.9081,0.9924018,38.57,FALSE
4/7/2020,276.52637,272.21216,280.84058,-0.663669818,3.518889,79399.095,5.70E-05,1290000,0.614360415,-0.000128613,279.5337,1.42E-05,3.580926894,3.37637,-0.93784,7.69058,1.29,38.59,FALSE
4/8/2020,278.6632,272.4165,284.9099,-0.8013627,1.960572555,79823.28,3.64E-05,1100000,0.507549075,-0.000112855,280.56726,0,2.118024296,5.5132,-0.7335,11.7599,1.1,38.58,FALSE
4/9/2020,282.786985,277.7832,287.79077,-3.7944542,0.2278383,79592.845,0.000944706,617838.7,0.9160772,-8.47E-05,282.916985,1.75E-05,3.80128833,9.636985,4.6332,14.64077,0.6178387,38.58,FALSE
4/10/2020,274.08655,269.52466,278.64844,-1.676831885,1.9347377,79779.5,0,1330000,0.47897583,-0.000145594,278.814695,0,2.560268568,0.93655,-3.62534,5.49844,1.33,38.57,FALSE
4/11/2020,279.887085,273.27344,286.50073,0.50084233,-0.48032258,79548.8125,6.61E-05,1200000,0.205859125,-0.000117713,282.27246,0,0.69394007,6.737085,0.12344,13.35073,1.2,38.56,FALSE
4/12/2020,281.46179,274.50732,288.41626,3.3332732,-2.75979615,79443.81,0,1700000,0.86930965,-8.92E-05,282.549325,0,4.32749177,8.31179,1.35732,15.26626,1.7,38.57,FALSE
4/13/2020,277.706175,271.63037,283.78198,2.0343156,-2.34565905,79647.4675,0,1730000,0.4411317,-5.09E-05,281.47229,0,3.10492453,4.556175,-1.51963,10.63198,1.73,38.59,FALSE
4/14/2020,273.463255,266.80957,280.11694,2.0466814,-2.059072785,80174.97,0,1720000,0,-4.87E-05,280.08484,0,2.903219848,0.313255,-6.34043,6.96694,1.72,38.59,FALSE
4/15/2020,278.3905,272.05566,284.72534,2.89003085,-0.9690967,80087.565,0.000105295,1440000,0.03214094,-4.65E-05,282.21412,0,3.048184169,5.2405,-1.09434,11.57534,1.44,38.56,FALSE
4/16/2020,281.99231,275.3252,288.65942,4.06122875,-1.871082035,79590.78,1.60E-05,1760000,0.673890825,-1.84E-05,284.49231,9.42E-06,4.471524007,8.84231,2.1752,15.50942,1.76,38.56,FALSE
4/17/2020,277.493535,271.07617,283.9109,-0.79575531,-1.63481263,79739.8425,6.19E-05,1020000,0.498781085,-1.68E-05,284.04565,0,1.818196592,4.343535,-2.07383,10.7609,1.02,38.56,FALSE
4/18/2020,280.43628,274.4961,286.37646,0.919551685,1.71300075,79434.9675,1.34E-05,1470000,0.6768656,-5.42E-05,285.22375,0,1.944208546,7.28628,1.3461,13.22646,1.47,38.55,FALSE
4/19/2020,282.9895,277.6189,288.3601,3.0312004,-0.436590575,79493.065,5.73E-05,1030000,0.78384525,-4.88E-05,285.967415,0,3.062480562,9.8395,4.4689,15.2101,1.03,38.56,FALSE
4/20/2020,280.28564,275.10718,285.4641,1.265612065,-1.058118,79713.405,3.77E-05,1340000,0.549606605,-0.000104748,284.62915,0,1.649662875,7.13564,1.95718,12.3141,1.34,38.57,FALSE
4/21/2020,281.880005,277.34546,286.41455,0.33680882,-0.34302198,79743.8125,0,1090000,0.526737313,-8.84E-05,285.72571,0,0.480733044,8.730005,4.19546,13.26455,1.09,38.58,FALSE
4/22/2020,283.690925,276.8943,290.48755,2.0302286,-2.23713759,80167.25,0,1700000,0.472433237,-7.34E-05,285.11511,0,3.021028428,10.540925,3.7443,17.33755,1.7,38.58,FALSE
4/23/2020,287.39709,282.59814,292.19604,3.57361795,-1.45734293,80237.22,4.01E-06,1750000,0.58718561,-2.69E-05,289.26709,0,3.859351457,14.24709,9.44814,19.04604,1.75,38.57,FALSE
4/24/2020,283.31262,275.8291,290.79614,2.609288115,-1.54698567,80198.53,0,1410000,0,-1.67E-05,287.08863,0,3.033405533,10.16262,2.6791,17.64614,1.41,38.58,FALSE
4/25/2020,286.241335,280.1836,292.29907,1.77369945,-1.52571455,80256.1575,0,1260000,0.66008695,-2.03E-05,289.10901,0,2.339618479,13.091335,7.0336,19.14907,1.26,38.57,FALSE
4/26/2020,288.596195,281.64136,295.55103,3.67722375,-0.470944149,80016.72,0,1790000,0.503100341,-2.47E-05,290.871825,0,3.707258138,15.446195,8.49136,22.40103,1.79,38.56,FALSE
4/27/2020,287.79224,279.35645,296.22803,2.6629191,0.20091358,79952.78,0,1710000,0.169484418,-2.11E-05,292.29602,0,2.670487671,14.64224,6.20645,23.07803,1.71,38.57,FALSE
4/28/2020,288.547115,281.7517,295.34253,2.55758483,-1.171770055,80268.72,0,1750000,0.84372445,-2.34E-05,291.84546,0,2.813233944,15.397115,8.6017,22.19253,1.75,38.58,FALSE
4/29/2020,290.28589,282.77588,297.7959,-0.7507898,0.01876735,80350.8425,0,1230000,0,-2.22E-05,295.45618,0,0.751024325,17.13589,9.62588,24.6459,1.23,38.56,FALSE
4/30/2020,294.546755,288.87207,300.22144,1.23486232,1.65956395,79916.72,4.54E-05,1810000,0.88789168,-2.76E-05,296.30762,0,2.068583441,21.396755,15.72207,27.07144,1.81,38.55,FALSE
5/1/2020,289.28735,282.75732,295.81738,4.4499655,-0.370664785,79799,0,1200000,0.12708959,-1.99E-05,294.523675,0,4.465376281,16.13735,9.60732,22.66738,1.2,38.55,FALSE
5/2/2020,286.460685,280.93237,291.989,1.85072595,-0.682853397,79825.595,0,1830000,0.881459875,-1.95E-05,291.0199,0,1.972682261,13.310685,7.78237,18.839,1.83,38.55,FALSE
5/3/2020,287.94312,281.75024,294.136,3.4879751,-0.661797085,79859.4075,3.18E-05,1210000,0.361755465,-2.34E-05,293.47607,0,3.550203611,14.79312,8.60024,20.986,1.21,38.56,FALSE
5/4/2020,283.01575,276.00464,290.02686,3.54585625,0.01126281,80026.685,0,1850000,0.28835385,-4.43E-05,288.840945,0,3.545874137,9.86575,2.85464,16.87686,1.85,38.57,FALSE
5/5/2020,285.42724,278.8662,291.98828,0.05934347,0.2145353,80329.5325,0,1850000,0.05495432,-4.88E-05,291.825925,0,0.222591649,12.27724,5.7162,18.83828,1.85,38.56,FALSE
5/6/2020,289.235595,280.62524,297.84595,2.6139474,1.432760425,80079.2825,0,1880000,0.470271725,-2.41E-05,292.915895,0,2.980859515,16.085595,7.47524,24.69595,1.88,38.56,FALSE
5/7/2020,284.31238,274.75806,293.8667,1.894113075,-2.83654935,80391.375,0,1910000,0,-2.43E-05,291.09802,0,3.410817579,11.16238,1.60806,20.7167,1.91,38.56,FALSE
5/8/2020,285.60534,278.0642,293.14648,-1.24708948,-0.796414915,80255.7175,0,1870000,0.09010115,-2.86E-05,291.58154,0,1.479698918,12.45534,4.9142,19.99648,1.87,38.55,FALSE
5/9/2020,290.764165,283.5503,297.97803,1.37543335,-2.258061925,80049.6575,0,1820000,0.10985768,-5.70E-05,293.62341,0,2.643985733,17.614165,10.4003,24.82803,1.82,38.55,FALSE
5/10/2020,291.539665,283.83203,299.2473,-0.89540455,-0.2196331,79912.94,7.45E-05,1150000,0.88627865,-2.91E-05,296.69299,0,0.921947941,18.389665,10.68203,26.0973,1.15,38.53,FALSE
5/11/2020,291.11585,283.4751,298.7566,2.6681266,0.457977053,79562.72,0,1140000,0.564044965,-1.76E-05,294.93005,0,2.707146567,17.96585,10.3251,25.6066,1.14,38.52,FALSE
5/12/2020,289.253785,281.1814,297.32617,3.4410396,1.25127365,79208,0,1200000,0.6798453,-1.20E-05,294.28443,0,3.661480476,16.103785,8.0314,24.17617,1.2,38.52,FALSE
5/13/2020,286.22607,278.87964,293.5725,4.2858147,-0.53465627,79248.28,0,1340000,0.873379325,-7.89E-06,291.943,0,4.31903519,13.07607,5.72964,20.4225,1.34,38.54,FALSE
5/14/2020,284.565305,279.52197,289.60864,2.89516965,-0.538611085,79624.345,0,941945.6,0.7759979,-5.85E-06,291.240235,0,2.944844513,11.415305,6.37197,16.45864,0.9419456,38.54,FALSE
5/15/2020,284.09314,279.40234,288.78394,3.43212655,-0.33196277,79804.5,0,1860000,0.9063768,-1.14E-05,290.28174,0,3.448143259,10.94314,6.25234,15.63394,1.86,38.55,FALSE
5/16/2020,286.5868,280.8418,292.3318,1.76508543,-0.905099625,79887.5325,0,1560000,0.311026425,-2.64E-05,292.655275,0,1.983615867,13.4368,7.6918,19.1818,1.56,38.53,FALSE
5/17/2020,292.55298,287.1482,297.95776,1.217190311,2.15941715,79402.095,1.36E-07,1430000,0.97419235,-1.62E-05,295.928715,0,2.478837365,19.40298,13.9982,24.80776,1.43,38.51,FALSE
5/18/2020,292.282465,286.0183,298.54663,1.617263075,6.5464529,79047.9075,0.000680086,965065.75,0.63421389,-8.14E-05,295.41101,0,6.743262224,19.132465,12.8683,25.39663,0.96506575,38.52,FALSE
5/19/2020,280.02698,276.30054,283.75342,1.15934667,-1.2182394,79111.4675,0.000828589,804737.75,0.9033251,-0.000130923,289.07544,0.000361507,1.681722907,6.87698,3.15054,10.60342,0.80473775,38.52,FALSE
5/20/2020,276.600215,274.8369,278.36353,3.7735548,0.24846169,79393.69,0.00012,1330000,0.71295537,-0.000214781,282.90637,1.11E-05,3.78172567,3.450215,1.6869,5.21353,1.33,38.54,FALSE
5/21/2020,278.74414,273.70605,283.78223,3.5000042,0.731038908,79892,0,1860000,0.4944793,-0.000301831,282.62842,0,3.575534545,5.59414,0.55605,10.63223,1.86,38.54,FALSE
5/22/2020,284.47974,278.89014,290.06934,3.49583435,1.39471905,79516.595,0.000486167,857814.06,0.677094275,-0.000123499,285.717765,0,3.763787857,11.32974,5.74014,16.91934,0.85781406,38.53,FALSE
5/23/2020,275.469605,270.41846,280.52075,1.6590872,-1.936996785,79641.125,0,1730000,0.39007315,-0.000232839,281.53552,0,2.550397397,2.319605,-2.73154,7.37075,1.73,38.55,FALSE
5/24/2020,280.47888,275.19458,285.76318,0.67412008,-1.436986885,80012.6575,0,1330000,0.095791935,-0.000181662,284.01294,0,1.587252088,7.32888,2.04458,12.61318,1.33,38.55,FALSE
5/25/2020,284.984745,279.85303,290.11646,1.50491145,-2.112291695,80124.655,0,1900000,0.22260204,-0.000185243,285.888795,0,2.593556376,11.834745,6.70303,16.96646,1.9,38.55,FALSE
5/26/2020,287.750485,280.60864,294.89233,1.3350975,0.32830855,80089.8125,4.52E-06,1760000,0,-9.00E-05,290.68103,0,1.374871572,14.600485,7.45864,21.74233,1.76,38.54,FALSE
5/27/2020,292.84033,285.14526,300.5354,2.97487125,-0.02443645,80105.9075,0,1900000,0.490428856,-5.37E-05,295.03138,0,2.974971612,19.69033,11.99526,27.3854,1.9,38.54,FALSE
5/28/2020,295.183105,288.64917,301.71704,1.5802239,-0.15957165,80191.25,0,1820000,0.08075744,-3.13E-05,297.85718,0,1.58826027,22.033105,15.49917,28.56704,1.82,38.54,FALSE
5/29/2020,296.68164,289.19775,304.16553,1.9221996,1.56497635,80159.94,0,1740000,0.339722605,-2.51E-05,300.37598,0,2.478709801,23.53164,16.04775,31.01553,1.74,38.53,FALSE
5/30/2020,298.86744,292.1172,305.61768,-0.59275675,3.921133,79776.375,0,1250000,0.675255745,-2.73E-05,301.08313,0,3.965683367,25.71744,18.9672,32.46768,1.25,38.51,FALSE
5/31/2020,290.41149,281.9619,298.86108,0.313063035,4.53723786,79541.685,0,1660000,0.6379804,-1.57E-05,294.05664,0,4.54802549,17.26149,8.8119,25.71108,1.66,38.52,FALSE
6/1/2020,292.9519,284.8689,301.0349,0.890840775,2.97794525,79676.0625,7.08E-06,1010000,0.8357266,-1.04E-05,298.078985,0,3.108336404,19.8019,11.7189,27.8849,1.01,38.54,FALSE
6/2/2020,291.6875,284.76904,298.60596,2.028518565,2.276421,80145.1575,0,1670000,0.9911292,-2.44E-05,295.39453,0,3.04909497,18.5375,11.61904,25.45596,1.67,38.55,FALSE
6/3/2020,294.44165,286.8015,302.0818,2.359682,2.36346625,80346.0925,0,1790000,0.654488575,-2.39E-05,297.76075,0,3.339771228,21.29165,13.6515,28.9318,1.79,38.53,FALSE
6/4/2020,294.96814,287.51416,302.42212,3.15062675,-0.0199227,80067.9075,0,1800000,0.2164948,-2.30E-05,299.18261,0,3.150689739,21.81814,14.36416,29.27212,1.8,38.51,FALSE
6/5/2020,294.85693,286.62036,303.0935,1.92835574,1.7638707,79585.7175,3.29E-06,1020000,0.4691493,-1.55E-05,299.757325,0,2.613387783,21.70693,13.47036,29.9435,1.02,38.49,FALSE
6/6/2020,294.62085,287.06445,302.17725,1.74156285,2.8227569,79034.7175,4.94E-05,1890000,0.703259325,-5.84E-05,298.720215,0,3.316775192,21.47085,13.91445,29.02725,1.89,38.49,FALSE
6/7/2020,283.97107,276.62964,291.3125,5.62852575,0.34494608,79191.815,9.32E-05,1650000,0.17898021,-5.44E-05,290.90735,3.40E-08,5.639085911,10.82107,3.47964,18.1625,1.65,38.51,FALSE
6/8/2020,275.89477,272.51074,279.2788,3.63207065,-1.75666545,79748.875,4.87E-06,1790000,0.45518341,-0.00010521,286.63525,4.85E-06,4.034576894,2.74477,-0.63926,6.1288,1.79,38.54,FALSE
6/9/2020,281.17493,275.25342,287.09644,1.87771245,-0.775074,80397.6575,0,1960000,0.282545026,-8.14E-05,286.578985,0,2.031389611,8.02493,2.10342,13.94644,1.96,38.54,FALSE
6/10/2020,287.74572,280.6682,294.82324,0.41676897,-0.70541145,80495.75,3.16E-07,1500000,0.02032004,-3.75E-05,293.123655,0,0.819330024,14.59572,7.5182,21.67324,1.5,38.52,FALSE
6/11/2020,292.5017,285.9143,299.0891,0.89722865,2.1527872,80287.0925,0,2020000,0.45360908,-2.63E-05,296.057135,0,2.332276137,19.3517,12.7643,25.9391,2.02,38.51,FALSE
6/12/2020,294.05444,285.18774,302.92114,-0.329305065,4.0280157,80120.06,0,1810000,0.467131465,-1.86E-05,298.0111,0,4.041454231,20.90444,12.03774,29.77114,1.81,38.49,FALSE
6/13/2020,291.31091,281.21948,301.40234,0.21638585,4.989132605,79540.595,0,1430000,0.400430465,-1.69E-05,296.273065,0,4.993822883,18.16091,8.06948,28.25234,1.43,38.49,FALSE
6/14/2020,282.91931,277.3999,288.43872,3.10118425,-0.269616967,79711.655,0,1990000,0.116482302,-1.86E-05,289.67298,0,3.112882436,9.76931,4.2499,15.28872,1.99,38.5,FALSE
6/15/2020,288.299315,280.64575,295.95288,2.066321185,0.40787525,79935.595,0,1050000,0.85224982,-1.13E-05,295.04895,0,2.106192171,15.149315,7.49575,22.80288,1.05,38.49,FALSE
6/16/2020,292.15991,285.18628,299.13354,3.4575405,0.890936685,79607.2175,1.79E-05,1390000,0.528802259,-1.50E-05,296.36731,0,3.570483789,19.00991,12.03628,25.98354,1.39,38.48,FALSE
6/17/2020,286.93713,277.36694,296.50732,4.82120655,-0.19577555,79639.125,0,2060000,0.275871533,-1.37E-05,293.03528,0,4.825179858,13.78713,4.21694,23.35732,2.06,38.51,FALSE
6/18/2020,284.73132,278.18164,291.281,-0.33707157,-2.4685626,80222.315,0,1910000,0.028455388,-1.65E-05,293.323735,0,2.491469156,11.58132,5.03164,18.131,1.91,38.5,FALSE
6/19/2020,289.34265,282.76172,295.92358,0.777360775,-2.09951115,80054.6575,0,2020000,0.315707625,-1.84E-05,296.73535,0,2.238802547,16.19265,9.61172,22.77358,2.02,38.49,FALSE
6/20/2020,293.23596,287.77588,298.69604,1.55543945,-0.40122985,80068.405,0,1870000,0.52728896,-2.81E-05,298.73657,0,1.606355277,20.08596,14.62588,25.54604,1.87,38.49,FALSE
6/21/2020,294.5177,287.12988,301.90552,2.00655505,0.168208185,80053.655,0,1960000,0.864910535,-2.05E-05,299.63697,0,2.013593097,21.3677,13.97988,28.75552,1.96,38.48,FALSE
6/22/2020,295.3374,287.4021,303.2727,2.221654885,-2.2363944,80133.845,0,1850000,0.4853814,-2.02E-05,300.715695,0,3.15233411,22.1874,14.2521,30.1227,1.85,38.48,FALSE
6/23/2020,295.832155,287.74805,303.91626,0.246993635,-2.28977255,80312.56,0,1870000,0.053296649,-2.11E-05,302.53369,0,2.303055402,22.682155,14.59805,30.76626,1.87,38.47,FALSE
6/24/2020,298.97632,292.6958,305.25684,1.2881489,-1.379714975,80042.8425,1.26E-06,1200000,0.35502276,-2.71E-05,303.379025,0,1.887575429,25.82632,19.5458,32.10684,1.2,38.45,FALSE
6/25/2020,296.31787,287.86328,304.77246,0.28778347,0.768303395,79790.5,2.16E-05,1050000,0.634510815,-4.06E-05,303.27135,0,0.820432467,23.16787,14.71328,31.62246,1.05,38.44,FALSE
6/26/2020,293.89086,287.26562,300.5161,-0.60674929,1.5338106,80099.315,0,1960000,0.990749975,-5.72E-05,301.118535,0,1.649460414,20.74086,14.11562,27.3661,1.96,38.45,FALSE
6/27/2020,295.07044,287.0818,303.05908,0.7827878,-0.6921825,80013.845,4.13E-05,1740000,0.2331633,-2.44E-05,302.409055,0,1.044927439,21.92044,13.9318,29.90908,1.74,38.43,FALSE
6/28/2020,297.55055,289.7339,305.3672,4.784459,1.23823855,79316.81,2.72E-07,1200000,0.72988949,-1.67E-05,302.559575,0,4.94209294,24.40055,16.5839,32.2172,1.2,38.4,FALSE
6/29/2020,288.17688,278.69556,297.6582,3.61124833,-4.1182871,78957.905,6.42E-05,1770000,0.489922242,-3.93E-05,295.540525,0,5.477353662,15.02688,5.54556,24.5082,1.77,38.44,FALSE
6/30/2020,285.376585,281.26807,289.4851,3.1616702,-0.99323175,79757.595,0,2060000,0.46699939,-4.23E-05,292.65222,0,3.314010827,12.226585,8.11807,16.3351,2.06,38.44,FALSE
7/1/2020,290.00892,283.41724,296.6006,2.61158135,1.048196193,79704.47,0,1870000,0.0341042,-2.51E-05,295.906135,0,2.814084648,16.85892,10.26724,23.4506,1.87,38.43,FALSE
7/2/2020,293.63928,286.02246,301.2561,2.9420714,1.25834955,79557.875,0,1630000,0.20467156,-2.51E-05,298.128055,0,3.199879328,20.48928,12.87246,28.1061,1.63,38.44,FALSE
7/3/2020,294.400515,287.22363,301.5774,1.71716715,2.2312455,79869.2175,0,1680000,0.40181458,-1.79E-05,299.00061,0,2.815514074,21.250515,14.07363,28.4274,1.68,38.45,FALSE
7/4/2020,295.213375,286.48145,303.9453,2.63171345,1.8289202,80107.595,0,2000000,0.4633653,-1.82E-05,299.64843,0,3.204818993,22.063375,13.33145,30.7953,2,38.45,FALSE
7/5/2020,295.849735,287.6001,304.09937,2.8476633,-0.47337795,80190.875,0,2050000,0.088847635,-2.42E-05,301.100835,0,2.886740888,22.699735,14.4501,30.94937,2.05,38.44,FALSE
7/6/2020,295.54553,285.82056,305.2705,3.02750103,0.40403495,80013,0,1970000,0.003961751,-2.01E-05,301.52807,0,3.054342274,22.39553,12.67056,32.1205,1.97,38.42,FALSE
7/7/2020,296.625245,285.96216,307.28833,2.96088075,1.17491482,79783.655,0,2080000,0.041829795,-1.74E-05,302.65527,0,3.185473222,23.475245,12.81216,34.13833,2.08,38.43,FALSE
7/8/2020,294.77295,287.29517,302.25073,2.4017103,-0.2025486,79873.5325,0,2050000,0,-2.09E-05,300.36719,0,2.41023615,21.62295,14.14517,29.10073,2.05,38.42,FALSE
7/9/2020,295.41639,286.58228,304.2505,2.71777105,0.38668991,79765.47,0,2050000,0.23478368,-1.91E-05,302.25928,0,2.745142722,22.26639,13.43228,31.1005,2.05,38.43,FALSE
7/10/2020,296.85205,288.8899,304.8142,2.87425995,0.22910164,80071.375,0,1840000,0,-2.07E-05,302.057495,0,2.883376115,23.70205,15.7399,31.6642,1.84,38.45,FALSE
7/11/2020,298.54431,290.9375,306.15112,1.148370363,0.485120925,80421.185,0,1860000,0.491094807,-2.38E-05,303.930665,0,1.24663419,25.39431,17.7875,33.00112,1.86,38.44,FALSE
7/12/2020,298.613155,289.64648,307.57983,3.08920425,0.462392105,80323.47,0,2020000,0.34285933,-2.08E-05,304.0636,0,3.123617992,25.463155,16.49648,34.42983,2.02,38.42,FALSE
7/13/2020,298.8667,290.40405,307.32935,3.3917603,-0.477303635,79941.8425,0,2030000,0.154773916,-1.89E-05,304.182255,0,3.425179804,25.7167,17.25405,34.17935,2.03,38.42,FALSE
7/14/2020,298.625,291.1897,306.0603,3.14465157,-0.645563935,79877.625,0,2000000,0.065306485,-2.05E-05,303.140505,0,3.210231501,25.475,18.0397,32.9103,2,38.42,FALSE
7/15/2020,296.87585,288.7163,305.0354,1.84021557,-2.30704645,80056.2825,0,1910000,0,-2.01E-05,303.825195,0,2.951077204,23.72585,15.5663,31.8854,1.91,38.43,FALSE
7/16/2020,298.01916,290.40332,305.635,1.25076645,-1.030599288,80077.095,0,1380000,0.297431145,-2.49E-05,304.15357,0,1.62066394,24.86916,17.25332,32.485,1.38,38.42,FALSE
7/17/2020,296.2041,287.38647,305.02173,1.0199789,0.46085215,80052.875,0,1540000,0.337943,-2.25E-05,303.53907,0,1.119259425,23.0541,14.23647,31.87173,1.54,38.43,FALSE
7/18/2020,298.32141,289.61572,307.0271,2.220355735,0.46999019,80119.25,0,1430000,0.294386565,-1.77E-05,303.77417,0,2.269552901,25.17141,16.46572,33.8771,1.43,38.43,FALSE
7/19/2020,300.35168,294.0227,306.68066,0.99663477,-0.83751174,80180.125,0,1550000,0.468712227,-1.86E-05,305.04993,0,1.301809041,27.20168,20.8727,33.53066,1.55,38.42,FALSE
7/20/2020,299.984495,294.09692,305.87207,1.7879634,-0.78605859,80155.97,0,1590000,0.36111735,-2.02E-05,304.996705,0,1.953126014,26.834495,20.94692,32.72207,1.59,38.42,FALSE
7/21/2020,298.637695,290.91113,306.36426,1.361495175,0.78909208,80039.0325,4.78E-05,1250000,0.42768355,-1.69E-05,304.987305,0,1.57363764,25.487695,17.76113,33.21426,1.25,38.42,FALSE
7/22/2020,297.46801,291.2412,303.69482,-0.01913884,2.4168196,79888.3125,6.09E-05,1230000,0.79689756,-3.08E-05,304.49011,0,2.416895379,24.31801,18.0912,30.54482,1.23,38.4,FALSE
7/23/2020,293.457035,286.5713,300.34277,0.78420736,2.5915813,79742.125,0,1690000,0.31642194,-5.55E-05,301.46143,0,2.707632696,20.307035,13.4213,27.19277,1.69,38.41,FALSE
7/24/2020,295.72535,288.6377,302.813,1.656430385,1.47580287,79807.345,0,1840000,0.432737368,-1.99E-05,300.902225,0,2.218503038,22.57535,15.4877,29.663,1.84,38.41,FALSE
7/25/2020,295.948735,287.92407,303.9734,0.89477655,1.071819935,79914.0625,0,1630000,0.70485889,-1.78E-05,302.676145,0,1.396217407,22.798735,14.77407,30.8234,1.63,38.42,FALSE
7/26/2020,298.0094,291.9961,304.0227,-0.086775808,-0.0458126,80110.375,6.81E-07,1520000,0.5889495,-1.68E-05,304.28809,0,0.098126628,24.8594,18.8461,30.8727,1.52,38.42,FALSE
7/27/2020,298.874275,292.6714,305.07715,-0.563604,1.890996765,80189.56,0.000226473,1380000,0.627006595,-3.09E-05,304.311155,0,1.973199998,25.724275,19.5214,31.92715,1.38,38.42,FALSE
7/28/2020,293.067505,286.70508,299.42993,0.367072193,1.7224302,80168.5925,0,1900000,0.2354851,-9.36E-05,302.229735,0,1.761109817,19.917505,13.55508,26.27993,1.9,38.41,FALSE
7/29/2020,298.417,291.6587,305.1753,1.62108344,-0.166124942,80036.6875,0,1940000,0.23493743,-3.47E-05,302.075195,0,1.629573262,25.267,18.5087,32.0253,1.94,38.42,FALSE
7/30/2020,299.893185,291.6267,308.15967,1.53892844,1.22147325,80186.625,0,1970000,0.047796965,-2.12E-05,304.36097,0,1.964764017,26.743185,18.4767,35.00967,1.97,38.42,FALSE
7/31/2020,300.18946,291.35962,309.0193,0.20295816,2.90611885,80245.4375,0,1950000,0,-2.23E-05,304.64441,0,2.913197347,27.03946,18.20962,35.8693,1.95,38.42,FALSE
8/1/2020,300.30529,292.3806,308.22998,1.58003475,0.379552068,80209.875,0,1930000,0,-2.22E-05,305.791505,0,1.624982949,27.15529,19.2306,35.07998,1.93,38.42,FALSE
8/2/2020,299.78064,290.97168,308.5896,1.19057195,-1.12987304,80205.9375,0,1800000,0.006095121,-2.18E-05,306.501345,0,1.641363657,26.63064,17.82168,35.4396,1.8,38.41,FALSE
8/3/2020,299.758065,289.84473,309.6714,2.21917965,-0.622241075,80144.69,0,1910000,0.39836885,-1.80E-05,306.43701,0,2.304765123,26.608065,16.69473,36.5214,1.91,38.42,FALSE
8/4/2020,297.65112,290.02612,305.27612,2.4351525,-0.82915567,80182.7175,0,1690000,0,-2.02E-05,303.82886,0,2.572443745,24.50112,16.87612,32.12612,1.69,38.41,FALSE
8/5/2020,298.484375,289.69995,307.2688,0.336900115,0.722392275,79887.5,0,1690000,0.46792713,-1.64E-05,305.781615,0,0.797089886,25.334375,16.54995,34.1188,1.69,38.39,FALSE
8/6/2020,297.33374,289.21826,305.44922,1.04810715,2.2046238,79619.375,0,1750000,0.32356772,-1.66E-05,303.025515,0,2.441084738,24.18374,16.06826,32.29922,1.75,38.4,FALSE
8/7/2020,296.53003,288.74756,304.3125,1.9987426,1.01444376,79722.405,0,1640000,0.3772022,-1.78E-05,303.15442,0,2.241443313,23.38003,15.59756,31.1625,1.64,38.41,FALSE
8/8/2020,297.27527,289.99634,304.5542,-0.11120698,1.237886475,80039.625,3.65E-07,1720000,0.36233203,-1.83E-05,303.8667,0,1.242871642,24.12527,16.84634,31.4042,1.72,38.42,FALSE
8/9/2020,297.740965,291.406,304.07593,1.03668865,0.21491878,80189.405,1.95E-06,1710000,0.301146535,-1.93E-05,304.2594,0,1.058731996,24.590965,18.256,30.92593,1.71,38.41,FALSE
8/10/2020,297.48071,289.72852,305.2329,0.728573611,-1.4970832,80182.06,0,1480000,0.242997455,-1.87E-05,304.88049,0,1.664955739,24.33071,16.57852,32.0829,1.48,38.41,FALSE
8/11/2020,298.23865,291.66187,304.81543,1.588078835,-0.14801475,80057.905,3.16E-07,1470000,0.42571452,-2.51E-05,304.3656,0,1.594961677,25.08865,18.51187,31.66543,1.47,38.4,FALSE
8/12/2020,295.25195,287.09448,303.40942,1.16044005,1.3591647,80057.875,0,1800000,0.342932495,-1.86E-05,302.84876,0,1.787162497,22.10195,13.94448,30.25942,1.8,38.41,FALSE
8/13/2020,295.8462,288.0569,303.6355,3.02242555,0.33882409,80145.75,0,1780000,0.001188292,-1.61E-05,301.498905,0,3.041357915,22.6962,14.9069,30.4855,1.78,38.41,FALSE
8/14/2020,296.4171,288.7556,304.0786,2.5559318,0.2496423,80348.435,0,1570000,0.664485075,-1.63E-05,302.163815,0,2.56809436,23.2671,15.6056,30.9286,1.57,38.42,FALSE
8/15/2020,299.86096,293.76416,305.95776,1.230360935,-0.6578956,80494.25,3.29E-06,1540000,0.120722175,-2.06E-05,304.138915,0,1.395211328,26.71096,20.61416,32.80776,1.54,38.42,FALSE
8/16/2020,301.21106,296.55225,305.86987,0.158270865,-0.097969232,80490.1575,0,1540000,0.797677425,-1.74E-05,305.996215,0,0.186138758,28.06106,23.40225,32.71987,1.54,38.42,FALSE
8/17/2020,300.70679,292.46973,308.94385,1.04402612,1.4489908,80604.56,0,1450000,0.5274848,-1.80E-05,305.048705,0,1.785935295,27.55679,19.31973,35.79385,1.45,38.42,FALSE
8/18/2020,299.85437,291.79297,307.91577,0.58822037,0.7556477,80644.72,0,1540000,0.7753669,-1.88E-05,306.55176,0,0.957604642,26.70437,18.64297,34.76577,1.54,38.41,FALSE
8/19/2020,299.95862,290.74878,309.16846,0.68791287,1.20865465,80431.5,6.38E-07,1390000,0.345659421,-1.48E-05,306.82922,0,1.390708517,26.80862,17.59878,36.01846,1.39,38.4,FALSE
8/20/2020,297.87903,290.39746,305.3606,2.4653163,0.718514245,80133.4075,0,1680000,0.5158403,-1.86E-05,304.63476,0,2.567887688,24.72903,17.24746,32.2106,1.68,38.39,FALSE
8/21/2020,298.55994,291.45972,305.66016,2.294569485,-0.78697878,79990.125,0,1680000,0.006610448,-2.50E-05,303.213255,0,2.425775076,25.40994,18.30972,32.51016,1.68,38.39,FALSE
8/22/2020,299.03784,290.9851,307.09058,2.3249092,-0.275052503,80013.625,0,1360000,0.571657835,-1.45E-05,304.253785,0,2.34112295,25.88784,17.8351,33.94058,1.36,38.4,FALSE
8/23/2020,298.07654,290.50806,305.64502,1.95680522,-0.314574385,80110.9375,0,1390000,0.450879985,-1.65E-05,303.543215,0,1.981929291,24.92654,17.35806,32.49502,1.39,38.4,FALSE
8/24/2020,299.05762,292.79517,305.32007,0.282433058,1.4606095,80078.8425,9.50E-05,963828.75,0.38584143,-1.99E-05,306.14856,0,1.487665468,25.90762,19.64517,32.17007,0.96382875,38.4,FALSE
8/25/2020,297.44226,290.12524,304.75928,0.720869175,1.1209203,80143.125,0,1450000,0.303591122,-2.53E-05,302.98389,0,1.332709528,24.29226,16.97524,31.60928,1.45,38.38,FALSE
8/26/2020,297.63867,290.781,304.49634,1.33161485,1.761346175,79822.0625,0,1530000,0.239525825,-1.53E-05,302.08374,0,2.20806215,24.48867,17.631,31.34634,1.53,38.38,FALSE
8/27/2020,297.77856,289.34692,306.2102,2.75478265,1.29545275,79656.125,0,1540000,0.02518568,-1.47E-05,302.6117,0,3.044178917,24.62856,16.19692,33.0602,1.54,38.39,FALSE
8/28/2020,296.64575,290.552,302.7395,0.869128025,-1.7210927,79818.5325,0,1450000,0.38336207,-1.39E-05,303.23706,0,1.928093257,23.49575,17.402,29.5895,1.45,38.39,FALSE
8/29/2020,296.966435,289.79102,304.14185,1.862841765,1.078115235,79886.125,0,1290000,0.24269849,-1.29E-05,302.47595,0,2.15232709,23.816435,16.64102,30.99185,1.29,38.39,FALSE
8/30/2020,296.657345,288.65527,304.65942,2.4735856,0.01954245,79828.905,0,1590000,0.35681692,-1.23E-05,302.241945,0,2.473662796,23.507345,15.50527,31.50942,1.59,38.39,FALSE
8/31/2020,293.972535,285.35962,302.58545,3.01349265,-0.91450577,79869.2825,0,1570000,0.09482825,-2.27E-05,299.99915,0,3.149199701,20.822535,12.20962,29.43545,1.57,38.39,FALSE
9/1/2020,290.79529,282.3003,299.29028,3.1246866,-2.97940815,80017.565,0,1550000,0.2955617,-1.53E-05,297.866575,0,4.317469082,17.64529,9.1503,26.14028,1.55,38.41,FALSE
9/2/2020,293.134765,286.802,299.46753,-0.04966085,-1.26169415,80421.7825,0,1520000,0.570552485,-1.58E-05,298.7655,0,1.262671108,19.984765,13.652,26.31753,1.52,38.4,FALSE
9/3/2020,298.514895,291.85376,305.17603,1.06898828,-1.3335509,80415.75,0,1510000,0.00754961,-1.53E-05,301.840325,0,1.709120811,25.364895,18.70376,32.02603,1.51,38.4,FALSE
9/4/2020,299.98987,293.30444,306.6753,-0.644600985,-1.162959585,80448.7175,0,1500000,0,-1.72E-05,303.247315,0,1.329656131,26.83987,20.15444,33.5253,1.5,38.4,FALSE
9/5/2020,299.752935,291.5337,307.97217,-0.164850355,1.179298415,80537.0325,0,1400000,0.003050089,-1.55E-05,304.659545,0,1.190764625,26.602935,18.3837,34.82217,1.4,38.41,FALSE
9/6/2020,301.052855,293.20068,308.90503,1.51099825,-0.120966225,80714.0325,0,1470000,0.231807115,-1.45E-05,303.94922,0,1.515832622,27.902855,20.05068,35.75503,1.47,38.4,FALSE
9/7/2020,297.05542,288.49902,305.61182,1.7199006,-1.5882808,80575.405,0,1460000,0,-1.13E-05,302.970825,0,2.341088203,23.90542,15.34902,32.46182,1.46,38.37,FALSE
9/8/2020,291.246465,279.38013,303.1128,4.22729635,-4.62776435,79868.8125,0,1480000,0.003050089,-9.70E-06,298.908085,0,6.267873428,18.096465,6.23013,29.9628,1.48,38.39,FALSE
9/9/2020,282.639275,276.7141,288.56445,-0.594361975,-3.58797405,80104.25,0,1470000,0.051523835,-1.64E-05,291.30225,0,3.636870075,9.489275,3.5641,15.41445,1.47,38.395,TRUE
9/10/2020,286.47949,279.33032,293.62866,-1.537002924,-1.824707435,80266.8425,0,1440000,0,-1.24E-05,292.159065,0,2.385777695,13.32949,6.18032,20.47866,1.44,38.4,FALSE
9/11/2020,289.09692,281.80566,296.38818,-0.212938325,-0.38929085,80344.22,0,1430000,0,-1.31E-05,295.291995,0,0.443722995,15.94692,8.65566,23.23818,1.43,38.39,FALSE
9/12/2020,293.34949,286.3733,300.32568,1.09245885,-0.68445925,80260.5325,0,1410000,0,-1.92E-05,296.91614,0,1.289166709,20.19949,13.2233,27.17568,1.41,38.39,FALSE
9/13/2020,293.792725,285.86987,301.71558,-0.52727253,-0.2780075,80242.69,0,1390000,0,-1.55E-05,298.332275,0,0.596074233,20.642725,12.71987,28.56558,1.39,38.39,FALSE
9/14/2020,294.346435,285.86597,302.8269,-0.937523685,2.20534655,80316.06,0,1350000,0,-1.17E-05,299.111085,0,2.396352242,21.196435,12.71597,29.6769,1.35,38.4,FALSE
9/15/2020,293.60913,285.53296,301.6853,0.639775425,2.90729525,80516,0,1200000,0,-1.06E-05,298.307865,0,2.976857112,20.45913,12.38296,28.5353,1.2,38.4,FALSE
9/16/2020,293.27344,285.38892,301.15796,0.765466525,1.43620395,80527.47,0,1120000,0.101507605,-1.35E-05,298.09485,0,1.627458383,20.12344,12.23892,28.00796,1.12,38.39,FALSE
9/17/2020,293.5382,285.4458,301.6306,0.142135715,2.67283345,80352.875,0,1270000,0.4090409,-1.12E-05,298.46265,0,2.676610023,20.3882,12.2958,28.4806,1.27,38.38,FALSE
9/18/2020,296.27552,290.97974,301.5713,2.3387647,3.1999769,80194.3125,5.90E-05,706402,0.9593791,-1.44E-05,300.1958,0,3.96354292,23.12552,17.82974,28.4213,0.706402,38.37,FALSE
9/19/2020,289.02991,282.47095,295.58887,2.779488375,1.150096315,79959.5625,0,1260000,0.382725758,-9.94E-05,296.24414,0,3.008035432,15.87991,9.32095,22.43887,1.26,38.38,FALSE
9/20/2020,286.538935,279.80347,293.2744,1.717718025,-0.48339127,80126.56,0,1230000,0.23882845,-7.01E-05,291.808105,0,1.784438941,13.388935,6.65347,20.1244,1.23,38.38,FALSE
9/21/2020,290.0465,282.4038,297.6892,0.67382243,0.54878036,80104.56,0,1220000,0.082267045,-4.17E-05,294.41504,0,0.869020455,16.8965,9.2538,24.5392,1.22,38.38,FALSE
9/22/2020,293.091185,284.854,301.32837,1.65512606,2.89024165,80034.625,0,1210000,0.45572164,-1.99E-05,295.33484,0,3.330606412,19.941185,11.704,28.17837,1.21,38.38,FALSE
9/23/2020,291.3114,283.41455,299.20825,2.65502495,0.636523619,80307.78,0,1180000,0,-1.39E-05,295.36035,0,2.730260025,18.1614,10.26455,26.05825,1.18,38.39,FALSE
9/24/2020,292.66113,283.48364,301.83862,1.9809556,1.57962085,80224,0,1180000,0.01659399,-1.05E-05,296.37805,0,2.533650947,19.51113,10.33364,28.68862,1.18,38.37,FALSE
9/25/2020,291.94848,283.31616,300.5808,2.7528479,-0.23970464,79960.815,0,1100000,0.065402841,-9.00E-06,295.74805,0,2.763264351,18.79848,10.16616,27.4308,1.1,38.37,FALSE
9/26/2020,292.045165,284.8728,299.21753,3.27153625,0.271042165,80071.2825,0,1060000,0.3602298,-7.71E-06,295.507685,0,3.28274478,18.895165,11.7228,26.06753,1.06,38.38,FALSE
9/27/2020,288.336915,280.22705,296.44678,2.64213705,-2.1446385,80299.375,0,1110000,0.4030861,-2.13E-05,293.788695,0,3.402993166,15.186915,7.07705,23.29678,1.11,38.39,FALSE
9/28/2020,286.002325,278.51025,293.4944,-0.393163975,-3.17307,80701.065,0,1110000,0,-1.51E-05,291.538325,0,3.197335005,12.852325,5.36025,20.3444,1.11,38.39,FALSE
9/29/2020,287.13513,279.66943,294.60083,-2.1774731,-0.4148307,80722.06,0,1090000,0,-1.28E-05,291.306035,0,2.216635651,13.98513,6.51943,21.45083,1.09,38.39,FALSE
9/30/2020,291.680415,284.87573,298.4851,0.384882705,-0.5755062,80663.685,0,1080000,0,-2.80E-05,293.96094,0,0.692345349,18.530415,11.72573,25.3351,1.08,38.39,FALSE
10/1/2020,292.78613,285.6621,299.91016,-0.520618715,-1.08100295,80777.6875,0,1060000,0,-3.96E-05,293.58215,0,1.199837999,19.63613,12.5121,26.76016,1.06,38.38,FALSE
10/2/2020,292.735235,284.5337,300.93677,-0.22710025,-0.25791805,80633.0625,0,1060000,0,-3.86E-05,293.84583,0,0.343651341,19.585235,11.3837,27.78677,1.06,38.38,FALSE
10/3/2020,292.2843,284.3601,300.2085,0.82136645,-1.41203414,80457.125,0,1030000,0,-3.97E-05,292.815435,0,1.633549282,19.1343,11.2101,27.0585,1.03,38.37,FALSE
10/4/2020,289.5437,280.84106,298.24634,0.80696465,-0.0792637,80391.5325,0,1010000,0,-2.59E-05,292.740965,0,0.810848124,16.3937,7.69106,25.09634,1.01,38.37,FALSE
10/5/2020,290.91077,281.41724,300.4043,1.9965305,0.87791518,80413.03,0,990007.4,0,-1.73E-05,293.30909,0,2.181024782,17.76077,8.26724,27.2543,0.9900074,38.38,FALSE
10/6/2020,290.670785,282.7256,298.61597,0.8402818,-0.5122648,80538.5,0,971169,0,-2.82E-05,293.151,0,0.984118249,17.520785,9.5756,25.46597,0.971169,38.37,FALSE
10/7/2020,289.85071,280.375,299.32642,0.27144101,1.6016598,80257.565,0,947144.5,0.4212798,-2.28E-05,293.044435,0,1.62449818,16.70071,7.225,26.17642,0.9471445,38.36,FALSE
10/8/2020,290.785765,282.38013,299.1914,0.595878338,2.52336645,79956.345,0,577383.06,0,-1.20E-05,292.720585,0,2.592768643,17.635765,9.23013,26.0414,0.57738306,38.36,FALSE
10/9/2020,289.748905,283.40137,296.09644,1.3865881,0.01802853,79851.655,0,880633.1,0.5,-1.06E-05,291.46509,0,1.386705299,16.598905,10.25137,22.94644,0.8806331,38.36,FALSE
10/10/2020,288.17615,279.24512,297.10718,0.11836485,0.997660845,79711.9075,0,633912.3,0.29875329,-6.44E-06,292.903075,0,1.004657852,15.02615,6.09512,23.95718,0.6339123,38.35,FALSE
10/11/2020,287.84436,282.27905,293.40967,4.4431486,-0.44596196,79722.22,6.05E-06,861573.9,0.67435816,-3.80E-06,291.372805,0,4.465473273,14.69436,9.12905,20.25967,0.8615739,38.38,FALSE
10/12/2020,283.616455,277.78247,289.45044,2.22161515,0.2095561,80373.345,0,850848,0,-4.55E-06,288.041135,0,2.231476559,10.466455,4.63247,16.30044,0.850848,38.38,FALSE
10/13/2020,286.46509,278.29224,294.63794,2.69973654,0.6545515,80418.1575,0,815497.4,0,-4.84E-06,289.20959,0,2.777951593,13.31509,5.14224,21.48794,0.8154974,38.38,FALSE
10/14/2020,289.621215,283.07788,296.16455,3.3959045,0.274761415,80454.9675,0,795714.3,0,-4.06E-06,290.9071,0,3.407001792,16.471215,9.92788,23.01455,0.7957143,38.38,FALSE
10/15/2020,285.2937,276.7119,293.8755,2.40618055,-1.99059155,80654.9375,0,796220.1,0,-3.84E-06,289.13953,0,3.122844786,12.1437,3.5619,20.7255,0.7962201,38.39,FALSE
10/16/2020,282.835815,275.81958,289.85205,0.830170585,-1.739860965,80812.78,0,779314.5,0,-1.41E-05,286.92505,0,1.927770572,9.685815,2.66958,16.70205,0.7793145,38.38,FALSE
10/17/2020,285.30188,277.41553,293.18823,1.882616,-0.6630182,80404.155,0,748802.75,0.11248815,-1.11E-05,288.24243,0,1.995954944,12.15188,4.26553,20.03823,0.74880275,38.36,FALSE
10/18/2020,286.6239,277.68506,295.56274,2.53789325,0.10872935,80204.125,0,742254.6,0.390366735,-8.50E-06,288.98755,0,2.540221293,13.4739,4.53506,22.41274,0.7422546,38.37,FALSE
10/19/2020,285.592895,277.06055,294.12524,2.73650875,-0.3007674,80217.6575,0,737581.5,0.2497418,-8.31E-06,288.32202,0,2.75298768,12.442895,3.91055,20.97524,0.7375815,38.37,FALSE
10/20/2020,285.69312,277.75684,293.6294,1.92825465,-0.99548955,80200.0925,0,710305.8,0.096380415,-1.88E-05,287.809815,0,2.17006116,12.54312,4.60684,20.4794,0.7103058,38.36,FALSE
10/21/2020,285.54565,276.4077,294.6836,1.8919458,0.0628848,79886.81,0,693725.25,0.115867585,-1.74E-05,288.51782,0,1.892990599,12.39565,3.2577,21.5336,0.69372525,38.34,FALSE
10/22/2020,285.58496,277.66284,293.50708,2.675354715,-1.51828465,79612.4675,0,682739.1,0.03318751,-1.18E-05,288.01611,0,3.076152,12.43496,4.51284,20.35708,0.6827391,38.36,FALSE
10/23/2020,277.63257,271.9812,283.28394,-0.03506642,-1.77056142,80000.815,0,678125.25,0.65297524,-1.92E-05,283.157225,0,1.770908636,4.48257,-1.1688,10.13394,0.67812525,38.36,FALSE
10/24/2020,280.300785,272.47852,288.12305,2.1830182,0.61041845,79818.47,0,650543.6,0.026890513,-1.45E-05,284.077275,0,2.266755202,7.150785,-0.67148,14.97305,0.6505436,38.34,FALSE
10/25/2020,282.98413,276.073,289.89526,3.4072032,-1.31343804,79357.2175,4.52E-06,680305.94,0.164446997,-4.55E-06,285.18262,0,3.65159597,9.83413,2.923,16.74526,0.68030594,38.36,FALSE
10/26/2020,267.7926,262.8733,272.7119,1.62751865,-3.81542585,79998.375,0,642342,0,-1.09E-05,276.752565,0,4.148046694,-5.3574,-10.2767,-0.4381,0.642342,38.39,FALSE
10/27/2020,272.47558,267.48926,277.4619,1.87548205,-2.465566275,80330.4675,0,622506.44,0.000662371,-1.19E-05,277.242065,0,3.097813741,-0.67442,-5.66074,4.3119,0.62250644,38.38,FALSE
10/28/2020,276.25073,268.91626,283.5852,1.7859063,-1.52421352,80445.22,0,611415.8,0,-1.83E-05,279.61975,0,2.347911448,3.10073,-4.23374,10.4352,0.6114158,38.38,FALSE
10/29/2020,280.927735,273.219,288.63647,0.75529046,-0.9670833,80492.5325,0,597849.7,0,-1.55E-05,281.38196,0,1.227075298,7.777735,0.069,15.48647,0.5978497,38.38,FALSE
10/30/2020,281.93152,272.65894,291.2041,-0.299545625,0.13654185,80356.685,0,590630.8,0,-1.43E-05,283.31922,0,0.329197901,8.78152,-0.49106,18.0541,0.5906308,38.37,FALSE
10/31/2020,283.45886,274.27124,292.64648,2.26604745,0.3709994,80223.5325,0,563719.9,0,-1.18E-05,283.651365,0,2.296216802,10.30886,1.12124,19.49648,0.5637199,38.38,FALSE
11/1/2020,283.81005,274.864,292.7561,-0.351375285,0.2589049,80709.78,0,537345.94,0,-1.03E-05,284.688845,0,0.436458862,10.66005,1.714,19.6061,0.53734594,38.39,FALSE
11/2/2020,283.951775,274.04565,293.8579,-0.68973812,1.41489935,80826.095,0,501074.88,0.32908296,-8.62E-06,285.152585,0,1.574064435,10.801775,0.89565,20.7079,0.50107488,38.38,FALSE
11/3/2020,286.01709,278.08203,293.95215,-0.93837562,1.53647665,80426.7825,0,421767,0.154826522,-5.94E-06,286.768065,0,1.800363658,12.86709,4.93203,20.80215,0.421767,38.37,FALSE
11/4/2020,284.60803,275.72583,293.49023,1.53924503,0.732402165,80407.1575,0,509794.88,0.2216568,-6.30E-06,286.260375,0,1.70460793,11.45803,2.57583,20.34023,0.50979488,38.39,FALSE
11/5/2020,285.531365,276.96753,294.0952,0.587106915,0.60590635,80869.4375,0,504927.94,0,-7.44E-06,286.08239,0,0.8436925,12.381365,3.81753,20.9452,0.50492794,38.36,FALSE
11/6/2020,288.95129,283.7517,294.15088,-0.115020755,3.01765635,79713.0625,0,429947.62,0.472907684,-3.68E-06,287.579225,0,3.019847615,15.80129,10.6017,21.00088,0.42994762,38.29,FALSE
11/7/2020,284.43567,276.82617,292.04517,0.559606385,4.3719982,78218.155,0.001130449,165222.44,0.90978003,-1.79E-05,286.381345,0.000809542,4.407666907,11.28567,3.67617,18.89517,0.16522244,38.29,FALSE
11/8/2020,268.90808,266.573,271.24316,2.9501581,-0.000219438,78194.875,8.06E-05,113611.75,0.675551295,-1.05E-05,278.93982,8.01E-05,2.950158108,-4.24192,-6.577,-1.90684,0.11361175,38.33,FALSE
11/9/2020,264.193965,260.17383,268.2141,1.5766573,-1.38149128,78938.875,2.06E-06,184032.5,0.876933635,1.35E-06,275.80127,2.06E-06,2.096274409,-8.956035,-12.97617,-4.9359,0.1840325,38.38,FALSE
11/10/2020,262.06665,258.37695,265.75635,1.4958978,0.2820031,79848.3125,7.96E-07,175135.06,0.409451859,1.96E-06,274.528445,5.48E-07,1.522247016,-11.08335,-14.77305,-7.39365,0.17513506,38.37,FALSE
11/11/2020,267.81397,266.11304,269.5149,1.77641725,1.4262972,79657.5,0,186775.94,0.079797465,1.41E-06,274.3761,0,2.278153188,-5.33603,-7.03696,-3.6351,0.18677594,38.36,FALSE
11/12/2020,267.159675,260.83765,273.4817,0.5721291,0.308374415,79800.6875,0,190372.62,0.024186062,3.31E-07,274.1377,0,0.649943449,-5.990325,-12.31235,0.3317,0.19037262,38.37,FALSE
11/13/2020,268.91505,263.74,274.0901,-0.281851765,2.621964,79715.6575,1.07E-05,144191.19,0.149954675,-3.31E-05,274.60803,2.22E-07,2.637069516,-4.23495,-9.41,0.9401,0.14419119,38.35,FALSE
11/14/2020,274.782345,270.63696,278.92773,2.1728072,0.6771846,79530.25,1.76E-05,111474.75,0.840001535,7.25E-06,277.026005,1.77E-05,2.275888862,1.632345,-2.51304,5.77773,0.11147475,38.38,FALSE
11/15/2020,270.83606,268.79346,272.87866,0.59185225,2.77155585,80207.6575,0,165745.44,0.41906825,-1.30E-06,277.0741,0,2.834044974,-2.31394,-4.35654,-0.27134,0.16574544,38.38,FALSE
11/16/2020,271.777585,266.1206,277.43457,0.589352623,2.54393955,80481.0925,0,208274.56,0.284041527,-9.60E-07,277.414185,0,2.611314793,-1.372415,-7.0294,4.28457,0.20827456,38.38,FALSE
11/17/2020,277.36206,272.92114,281.80298,-1.6052189,2.6792617,80155.06,0,243906.44,0.605434135,-4.04E-05,278.38818,0,3.123326908,4.21206,-0.22886,8.65298,0.24390644,38.34,FALSE
11/18/2020,280.829465,276.8955,284.76343,-0.324384395,4.37452035,79419.0925,1.14E-05,215599.88,0.40501519,-2.54E-05,279.620975,0,4.386530922,7.679465,3.7455,11.61343,0.21559988,38.35,FALSE
11/19/2020,276.369385,271.25635,281.48242,1.82256655,0.375530516,79828.75,9.10E-07,291207.7,0.82110743,-2.35E-05,277.229245,8.27E-07,1.860852492,3.219385,-1.89365,8.33242,0.2912077,38.39,FALSE
11/20/2020,274.17529,269.93823,278.41235,0.694294095,-0.230474125,80430.5625,0,272513,0.332364732,-2.16E-05,276.27466,0,0.731548093,1.02529,-3.21177,5.26235,0.272513,38.39,FALSE
11/21/2020,273.747315,268.53223,278.9624,-0.2528004,0.184653605,80542.9675,0,333975.56,0.187795015,-2.66E-05,275.510865,0,0.313057496,0.597315,-4.61777,5.8124,0.33397556,38.38,FALSE
11/22/2020,272.59192,266.59424,278.5896,-1.18125725,-0.1073046,80406.375,0,330962.12,0.463903425,-1.85E-05,274.756225,0,1.186120975,-0.55808,-6.55576,5.4396,0.33096212,38.35,FALSE
11/23/2020,275.597785,270.16187,281.0337,0.592461025,0.965930775,79451.4075,0.000195559,261660.81,0.36927098,-3.21E-05,275.43103,0.0001333,1.133151503,2.447785,-2.98813,7.8837,0.26166081,38.35,FALSE
11/24/2020,271.652345,267.14624,276.15845,1.78441905,-1.42752396,79676.5925,7.96E-07,318322.25,0.38558528,-2.27E-05,274.445315,7.62E-07,2.285164327,-1.497655,-6.00376,3.00845,0.31832225,38.38,FALSE
11/25/2020,272.945435,268.56592,277.32495,0.47236981,1.446276681,79781.845,1.41E-05,271597.88,0.0048,-2.87E-05,274.427,1.39E-05,1.521462939,-0.204565,-4.58408,4.17495,0.27159788,38.36,FALSE
11/26/2020,270.27515,265.67432,274.87598,2.3097413,-2.17963695,79921.75,1.30E-06,316433.75,0.46096457,-2.93E-05,273.48278,1.42E-06,3.175802593,-2.87485,-7.47568,1.72598,0.31643375,38.39,FALSE
11/27/2020,267.854125,263.1123,272.59595,0.68099222,-1.55325257,80438.685,0,315420.5,0,-1.85E-05,270.95935,0,1.695978759,-5.295875,-10.0377,-0.55405,0.3154205,38.4,FALSE
11/28/2020,270.094845,263.56323,276.62646,-0.5044637,0.54450245,80435.155,0,318124.56,0,-1.41E-05,271.900635,0,0.742271206,-3.055155,-9.58677,3.47646,0.31812456,38.38,FALSE
11/29/2020,273.94763,268.05908,279.83618,0.193036405,-0.393679425,80445.5,0,312813,0.3629553,-1.44E-05,272.931515,0,0.438459284,0.79763,-5.09092,6.68618,0.312813,38.39,FALSE
11/30/2020,272.70911,265.80322,279.615,-0.67368519,1.560622485,80432.25,0,296025.3,0.397120742,-2.49E-05,273.106685,0,1.699821837,-0.44089,-7.34678,6.465,0.2960253,38.38,FALSE
12/1/2020,274.25965,267.2068,281.3125,1.524740275,0.02941655,80362.1575,0,319446.7,0.163926095,-2.72E-05,273.930055,0,1.525024013,1.10965,-5.9432,8.1625,0.3194467,38.39,FALSE
12/2/2020,271.15149,265.9397,276.36328,0.07470372,-1.09294401,80538.875,0,322684.38,0.03851354,-3.16E-05,271.9524,0,1.095494069,-1.99851,-7.2103,3.21328,0.32268438,38.39,FALSE
12/3/2020,270.545775,265.23828,275.85327,-1.7134242,0.69909997,80655.7175,0,330090.06,0,-7.06E-06,271.068605,0,1.850557553,-2.604225,-7.91172,2.70327,0.33009006,38.39,FALSE
12/4/2020,272.03589,265.18604,278.88574,-0.173594895,0.81785102,80664.3425,0,327290.5,0,-1.71E-05,270.669435,0,0.836071455,-1.11411,-7.96396,5.73574,0.3272905,38.39,FALSE
12/5/2020,269.441405,262.48633,276.39648,-0.48887518,-0.08702185,80627.53,0,325194,0,-4.93E-06,270.54639,0,0.49655991,-3.708595,-10.66367,3.24648,0.325194,38.39,FALSE
12/6/2020,274.10278,266.8916,281.31396,-1.2186904,1.44387015,80452.125,0,229526.69,0.015181037,-3.01E-05,271.849975,0,1.88943571,0.95278,-6.2584,8.16396,0.22952669,38.38,FALSE
12/7/2020,272.40882,268.40674,276.4109,-0.524637165,-0.885903,80534.6575,0,322483.12,0.758609145,-1.45E-05,272.63941,0,1.029596173,-0.74118,-4.74326,3.2609,0.32248312,38.4,FALSE
12/8/2020,272.934935,266.40454,279.46533,-0.137993635,0.513057135,80896.25,0,326833.75,0,-5.12E-06,271.75927,0,0.531290756,-0.215065,-6.74546,6.31533,0.32683375,38.39,FALSE
12/9/2020,274.39465,267.6311,281.1582,-0.9278441,1.19974683,80473.9375,0,221539.94,0.49842265,-6.94E-06,272.398315,0,1.51666975,1.24465,-5.5189,8.0082,0.22153994,38.36,FALSE
12/10/2020,273.87842,267.75098,280.00586,0.555486185,-0.766474885,79820.94,0,290398.88,0.96935239,-2.15E-05,273.350825,0,0.946598463,0.72842,-5.39902,6.85586,0.29039888,38.35,FALSE
12/11/2020,272.890135,269.18335,276.59692,3.19281435,-0.560030865,79493.5325,8.67E-07,310218.8,0.466985465,-2.16E-05,272.67945,1.01E-06,3.241557965,-0.259865,-3.96665,3.44692,0.3102188,38.36,FALSE
12/12/2020,272.84094,269.23706,276.44482,1.5868039,0.212494868,79343.5625,0.000951877,123817,0.532009065,2.74E-06,273.28345,0.000951982,1.600968671,-0.30906,-3.91294,3.29482,0.123817,38.37,FALSE
12/13/2020,261.90771,256.96582,266.8496,0.12498405,0.4108515,80070.7825,0.00112758,37936.48,0.515006458,-1.23E-05,270.37402,0.00112753,0.42944146,-11.24229,-16.18418,-6.3004,0.03793648,38.37,FALSE
12/14/2020,268.454835,266.91455,269.99512,0.1693454,1.794739485,79582.4675,0.00047292,50584.74,0.98407686,4.61E-06,272.616085,0.000472598,1.802711204,-4.695165,-6.23545,-3.15488,0.05058474,38.37,FALSE
12/15/2020,267.80469,266.68384,268.92554,1.6309285,-0.791554537,80131.5,3.00E-05,41278.29,0.94760095,-2.95E-06,272.83667,3.02E-05,1.812866889,-5.34531,-6.46616,-4.22446,0.04127829,38.39,FALSE
12/16/2020,267.265985,267.13257,267.3994,1.18291565,1.4909973,80277.565,2.77E-06,61790.258,0.72623227,4.89E-06,272.96057,2.76E-06,1.903250478,-5.884015,-6.01743,-5.7506,0.061790258,38.38,FALSE
12/17/2020,271.77014,269.95776,273.58252,-0.66688048,2.2474594,79643.625,0.000678354,27755.46,0.96013683,-5.10E-06,273.08789,0.000667535,2.344312976,-1.37986,-3.19224,0.43252,0.02775546,38.34,FALSE
12/18/2020,271.386965,269.02686,273.74707,1.7122846,-1.767427,79686.8425,1.34E-05,60878.836,0.92417417,5.54E-06,273.466435,1.35E-05,2.460836596,-1.763035,-4.12314,0.59707,0.060878836,38.41,FALSE
12/19/2020,266.27355,264.3474,268.1997,0.8101017,1.40696837,80516.9375,0,78333.75,0.85045683,2.95E-06,273.44946,8.24E-08,1.623522331,-6.87645,-8.8026,-4.9503,0.07833375,38.41,FALSE
12/20/2020,266.069945,263.25317,268.88672,0.90612188,1.7759538,80647.375,0,79053.75,0.47038078,-1.92E-07,273.08923,0,1.993757448,-7.080055,-9.89683,-4.26328,0.07905375,38.4,FALSE
12/21/2020,269.645875,265.68018,273.61157,0.636618542,1.90669685,80465.0625,0,81098.375,0.245849116,3.05E-06,273.08606,0,2.010168163,-3.504125,-7.46982,0.46157,0.081098375,38.37,FALSE
12/22/2020,271.142215,267.9502,274.33423,0.3840066,2.94552185,79587.2175,1.83E-07,82705.5,0.240793585,8.17E-06,273.185915,1.25E-07,2.970447784,-2.007785,-5.1998,1.18423,0.0827055,38.37,FALSE
12/23/2020,262.131425,254.22475,270.0381,1.5923748,-0.4089851,80234.7175,2.11E-06,67826.5,0.54027842,4.76E-06,273.09986,1.74E-06,1.644057881,-11.018575,-18.92525,-3.1119,0.0678265,38.42,FALSE
12/24/2020,258.33602,254.24454,262.4275,-0.718025175,1.6077876,80797.095,1.83E-07,86584.25,0.853095085,2.74E-07,272.753665,2.17E-07,1.760835347,-14.81398,-18.90546,-10.7225,0.08658425,38.41,FALSE
12/25/2020,261.543575,256.9768,266.11035,-1.2435956,1.9603119,80298.375,0,67972.375,0.506489512,-3.65E-06,272.30786,0,2.321497956,-11.606425,-16.1732,-7.03965,0.067972375,38.38,FALSE
12/26/2020,269.11462,266.04224,272.187,-1.1502517,2.6855631,79730.1575,3.32E-06,105438.56,0.41101483,2.75E-06,272.45386,3.37E-06,2.921528391,-4.03538,-7.10776,-0.963,0.10543856,38.38,FALSE
12/27/2020,266.375125,261.12012,271.63013,1.078857368,0.899056115,79891.3125,4.63E-06,66653.375,0.512377143,3.92E-06,272.851685,5.00E-06,1.404362887,-6.774875,-12.02988,-1.51987,0.066653375,38.38,FALSE
12/28/2020,266.39429,263.88672,268.90186,-1.819375,0.300742685,79279.9375,0.000191836,74025.125,0.9880716,2.22E-06,273.054685,0.000191979,1.844063869,-6.75571,-9.26328,-4.24814,0.074025125,38.36,FALSE
12/29/2020,261.997415,255.71773,268.2771,1.10463315,-0.216597435,79321.5325,3.81E-06,78433.25,0.87052095,6.04E-06,272.968025,3.88E-06,1.125668177,-11.152585,-17.43227,-4.8729,0.07843325,38.42,FALSE
12/30/2020,259.13684,257.74585,260.52783,1.5874834,0.9516805,80315.095,0,110770.125,0.47473419,-1.40E-06,272.77795,0,1.850891493,-14.01316,-15.40415,-12.62217,0.110770125,38.42,FALSE
12/31/2020,269.43018,269.1045,269.75586,0.570223,1.83107995,79810.25,0.001124718,88828.625,0.976593585,-1.82E-06,272.93201,0.001125061,1.917813352,-3.71982,-4.0455,-3.39414,0.088828625,38.41,FALSE
1/1/2021,270.233035,268.54395,271.92212,1.32670785,-0.731457465,79995.315,6.05E-06,102558.81,0.551390945,-1.30E-07,273.229375,6.02E-06,1.514986384,-2.916965,-4.60605,-1.22788,0.10255881,38.43,FALSE
1/2/2021,267.62195,265.0027,270.2412,0.01913008,1.9273076,80018.72,1.09E-06,71488.75,0.61893275,-1.14E-06,273.35242,1.18E-06,1.927402538,-5.52805,-8.1473,-2.9088,0.07148875,38.43,FALSE
1/3/2021,273.11925,271.6494,274.5891,0.87801917,1.6491909,79993.03,4.27E-05,135460.25,0.9920707,-8.62E-07,273.40246,4.27E-05,1.868354433,-0.03075,-1.5006,1.4391,0.13546025,38.43,FALSE
1/4/2021,271.4707,267.4231,275.5183,0.017735585,1.6271601,80073.72,0,149115,0.173033064,-2.84E-06,273.581665,0,1.627256754,-1.6793,-5.7269,2.3683,0.149115,38.41,FALSE
1/5/2021,273.04065,269.46973,276.61157,0.858686225,1.8150391,79814.25,3.01E-06,123443.75,0.548056825,5.81E-06,273.736325,2.96E-06,2.007911594,-0.10935,-3.68027,3.46157,0.12344375,38.44,FALSE
1/6/2021,265.035025,259.0327,271.03735,-0.17881831,1.4235334,80363.22,1.32E-06,120113.5,0.8168367,1.43E-06,273.730475,1.15E-06,1.434720645,-8.114975,-14.1173,-2.11265,0.1201135,38.43,FALSE
1/7/2021,270.56311,267.1543,273.97192,0.64210025,1.29848055,80166.2175,0,165491.25,0.55912435,2.40E-06,273.39282,0,1.44856635,-2.58689,-5.9957,0.82192,0.16549125,38.44,FALSE
1/8/2021,265.905395,259.76245,272.04834,-0.4617354,0.932218535,80226.6875,3.54E-05,142764.94,0.92640673,-5.70E-07,273.037475,3.22E-06,1.04030331,-7.244605,-13.38755,-1.10166,0.14276494,38.43,FALSE
1/9/2021,269.16846,264.30396,274.03296,1.78579425,0.14722467,80024.3425,3.32E-06,66374.19,0.543357775,-2.48E-06,273.045775,3.27E-06,1.79185273,-3.98154,-8.84604,0.88296,0.06637419,38.44,FALSE
1/10/2021,266.55749,263.01758,270.0974,-0.222202095,0.2334399,80339.875,2.09E-06,190389.56,0.80078,1.69E-06,273.16236,1.94E-06,0.322285522,-6.59251,-10.13242,-3.0526,0.19038956,38.44,FALSE
1/11/2021,264.839235,257.6377,272.04077,-0.56440153,0.3807352,80349.125,5.02E-07,164503.75,0.3980085,-1.25E-06,273.09314,5.29E-07,0.680814497,-8.310765,-15.5123,-1.10923,0.16450375,38.44,FALSE
1/12/2021,266.234865,261.68335,270.78638,-0.78164033,1.8491783,80384.845,8.20E-07,142709.44,0.712938735,-5.37E-06,272.93225,9.62E-07,2.007591092,-6.915135,-11.46665,-2.36362,0.14270944,38.45,FALSE
1/13/2021,272.2052,269.4873,274.9231,0.71803933,2.4801569,80518.345,0,195158.12,0.724289525,-6.00E-08,273.04138,0,2.582006725,-0.9448,-3.6627,1.7731,0.19515812,38.45,FALSE
1/14/2021,274.02881,269.77954,278.27808,2.108587775,0.27991915,80774.9075,0,203111.12,0.874422335,-1.62E-06,273.235105,3.26E-07,2.127086537,0.87881,-3.37046,5.12808,0.20311112,38.46,FALSE
1/15/2021,269.198365,264.63037,273.76636,0.96365045,1.012422,81055.9675,0,256069.19,0.6964507,-7.50E-07,273.2583,4.57E-08,1.397719749,-3.951635,-8.51963,0.61636,0.25606919,38.45,FALSE
1/16/2021,274.66492,270.2273,279.10254,1.18392265,0.256999015,80566.125,0,298121.56,0.538107842,8.40E-07,273.1449,0,1.211495495,1.51492,-2.9227,5.95254,0.29812156,38.44,FALSE
1/17/2021,270.5282,262.95142,278.10498,0.6153675,0.838648995,80567.065,1.68E-06,318416.75,0.50357257,5.90E-07,272.793335,1.48E-06,1.040196759,-2.6218,-10.19858,4.95498,0.31841675,38.44,FALSE
1/18/2021,273.86401,269.34082,278.3872,1.0371761,-1.3449258,80253.25,2.00E-05,334626.3,0.511513274,-2.98E-05,272.617435,2.00E-05,1.698399149,0.71401,-3.80918,5.2372,0.3346263,38.43,FALSE
1/19/2021,267.660525,262.4917,272.82935,0.001251365,-3.51236765,79874.72,0,377099.12,0.074419205,-1.96E-05,271.773195,0,3.512367873,-5.489475,-10.6583,-0.32065,0.37709912,38.44,FALSE
1/20/2021,267.40088,262.66553,272.13623,-0.664880948,0.863133909,80250.0625,0,415638.75,0.002725637,-1.09E-05,270.52221,0,1.089525961,-5.74912,-10.48447,-1.01377,0.41563875,38.44,FALSE
1/21/2021,271.3667,263.53198,279.20142,0.78934981,1.273537885,79899.9675,0,456361.3,0.19342467,-1.66E-05,271.12976,0,1.498323018,-1.7833,-9.61802,6.05142,0.4563613,38.42,FALSE
1/22/2021,275.27552,271.8921,278.65894,-0.37945167,1.65107295,79340.78,0.000690403,432818.56,0.978628,-3.29E-05,272.75122,0.000282642,1.694114948,2.12552,-1.2579,5.50894,0.43281856,38.39,FALSE
1/23/2021,273.97229,271.27368,276.6709,1.297127065,1.095925365,78611.7175,0.000830453,145056.5,0.8187764,-1.51E-05,274.132575,0.000829293,1.698113962,0.82229,-1.87632,3.5209,0.1450565,38.41,FALSE
1/24/2021,267.65601,263.9651,271.34692,0.97250805,-0.17875247,79104.565,5.51E-06,226398.19,0.976429105,-6.80E-07,272.705445,5.42E-06,0.98879945,-5.49399,-9.1849,-1.80308,0.22639819,38.41,FALSE
1/25/2021,265.10279,261.83228,268.3733,0.37295037,1.11374185,78444.625,0.000227168,128464.94,0.68531908,-5.80E-06,272.57312,0.000227276,1.174526665,-8.04721,-11.31772,-4.7767,0.12846494,38.39,FALSE
1/26/2021,266.680415,265.489,267.87183,1.28134825,-1.076420415,78295.03,4.34E-05,192000.19,0.99724475,-7.22E-06,272.579835,4.36E-05,1.673479682,-6.469585,-7.661,-5.27817,0.19200019,38.43,FALSE
1/27/2021,267.781,266.7119,268.8501,-0.879965385,4.522666,78935.6875,0.000147191,121199.31,1,-2.99E-05,272.734615,0.000147449,4.607477274,-5.369,-6.4381,-4.2999,0.12119931,38.45,FALSE
1/28/2021,271.153075,270.6643,271.64185,-2.01627155,5.2688612,79183.4675,1.18E-06,177658.56,0.56213707,-3.65E-05,272.867065,1.40E-06,5.641475809,-1.996925,-2.4857,-1.50815,0.17765856,38.44,FALSE
1/29/2021,274.36914,273.12012,275.61816,-1.334363625,4.502956,78810.9675,0.000149545,174644.12,0.9939495,-7.33E-06,273.010745,0.000149887,4.69650285,1.21914,-0.02988,2.46816,0.17464412,38.44,FALSE
1/30/2021,267.316775,263.13428,271.49927,1.9768629,0.509703775,79320,1.57E-05,196609.44,0.736433925,7.70E-07,272.986815,1.54E-05,2.041515335,-5.833225,-10.01572,-1.65073,0.19660944,38.49,FALSE
1/31/2021,264.957885,259.28613,270.62964,-1.06192925,1.5250492,80173.625,0,220647.06,0.290778785,-1.60E-07,273.0094,1.54E-07,1.858351096,-8.192115,-13.86387,-2.52036,0.22064706,38.49,FALSE
2/1/2021,270.336175,268.2744,272.39795,-1.54787585,1.652462,80141.7825,0,260097.31,0.9843843,-1.47E-05,272.9624,0,2.264188665,-2.813825,-4.8756,-0.75205,0.26009731,38.47,FALSE
2/2/2021,272.533935,268.25732,276.81055,-1.3056445,2.6460996,79831.5625,0,270330.5,0.355056165,-1.10E-05,272.94629,0,2.950686472,-0.616065,-4.89268,3.66055,0.2703305,38.46,FALSE
2/3/2021,275.517215,272.4773,278.55713,0.51798495,1.30925855,79519.905,0.00036888,240260.25,0.57613665,-3.18E-05,272.99195,0.000348432,1.408000838,2.367215,-0.6727,5.40713,0.24026025,38.47,FALSE
2/4/2021,268.692265,264.688,272.69653,2.32005305,-1.477841785,79855.28,1.29E-06,310244.38,0.518055235,-1.09E-05,272.935795,1.26E-06,2.750756713,-4.457735,-8.462,-0.45347,0.31024438,38.5,FALSE
2/5/2021,265.043335,259.83154,270.25513,1.8405566,0.49423325,80238.125,1.83E-07,296926.62,0.548746465,-3.94E-05,272.77893,3.04E-07,1.905758406,-8.106665,-13.31846,-2.89487,0.29692662,38.48,FALSE
2/6/2021,268.53711,260.375,276.69922,2.14524795,-0.1291838,80016,0,369974.2,0.435979665,-1.44E-05,272.480715,0,2.149134063,-4.61289,-12.775,3.54922,0.3699742,38.48,FALSE
2/7/2021,268.472165,262.44238,274.50195,2.35665225,1.53480295,79717.06,0,411945.25,0.012385877,-1.48E-05,272.21264,0,2.812370872,-4.677835,-10.70762,1.35195,0.41194525,38.47,FALSE
2/8/2021,268.993775,262.86255,275.125,2.05108645,1.8792653,79420.47,0,334655.38,0.22019166,-1.92E-05,272.2063,0,2.781832794,-4.156225,-10.28745,1.975,0.33465538,38.47,FALSE
2/9/2021,274.1947,272.03735,276.35205,1.08933562,1.0701857,79453.6575,8.08E-06,268680.44,0.99778065,-2.12E-05,272.68445,8.08E-06,1.527072207,1.0447,-1.11265,3.20205,0.26868044,38.48,FALSE
2/10/2021,272.07141,268.09668,276.04614,1.151778235,0.60664583,79556.81,3.44E-06,474726.25,0.8215664,-1.66E-05,273.23657,1.69E-06,1.30177274,-1.07859,-5.05332,2.89614,0.47472625,38.49,FALSE
2/11/2021,271.128785,264.66602,277.59155,1.57769445,0.940575349,79716.0625,0,375067.06,0.518749787,-2.54E-05,272.344975,0,1.83679116,-2.021215,-8.48398,4.44155,0.37506706,38.48,FALSE
2/12/2021,275.991085,273.15112,278.83105,1.37711525,0.6782931,79183.7825,7.80E-05,426207.56,0.91150735,-3.97E-05,274.874515,5.07E-05,1.535098675,2.841085,0.00112,5.68105,0.42620756,38.48,FALSE
2/13/2021,275.68054,273.14868,278.2124,1.7962546,0.86029498,79116.6875,0.001582168,161135.88,0.762732265,-2.88E-05,274.9823,0.001576663,1.991642046,2.53054,-0.00132,5.0624,0.16113588,38.46,FALSE
2/14/2021,267.23084,262.52808,271.9336,2.4637975,-2.17481304,79107.905,2.08E-05,275431.88,0.603907605,-1.96E-05,273.2505,2.08E-05,3.286352063,-5.91916,-10.62192,-1.2164,0.27543188,38.5,FALSE
2/15/2021,270.45935,269.9724,270.9463,1.20668555,0.942591517,79252.845,0.000531355,139733.69,0.98141283,-1.94E-05,273.08569,0.000484915,1.53119848,-2.69065,-3.1776,-2.2037,0.13973369,38.49,FALSE
2/16/2021,273.840455,270.48877,277.19214,3.16207745,-0.885695055,79064.125,0.000269099,254522.25,0.79445505,8.00E-07,273.167845,0.000251408,3.283776717,0.690455,-2.66123,4.04214,0.25452225,38.51,FALSE
2/17/2021,266.7693,262.5298,271.0088,2.12530375,-0.624078135,79474.78,5.33E-05,246669.56,0.46529595,-5.06E-06,273.0741,5.34E-05,2.215037144,-6.3807,-10.6202,-2.1412,0.24666956,38.53,FALSE
2/18/2021,261.28637,254.04637,268.52637,1.4123306,-0.17460345,80120.3125,2.07E-06,259920.38,0.555542695,-3.20E-07,272.879885,2.03E-06,1.423082601,-11.86363,-19.10363,-4.62363,0.25992038,38.54,FALSE
2/19/2021,269.895385,267.52905,272.26172,0.369597985,1.74662495,80241.28,1.96E-06,205561.88,0.99846195,-1.39E-05,272.784665,2.20E-06,1.785301483,-3.254615,-5.62095,-0.88828,0.20556188,38.51,FALSE
2/20/2021,273.731925,268.68945,278.7744,0.46385945,1.8322673,79579.8125,3.01E-05,263752.44,0.368671895,-1.30E-05,273.030395,2.90E-05,1.890071175,0.581925,-4.46055,5.6244,0.26375244,38.5,FALSE
2/21/2021,267.3551,262.82373,271.88647,1.7448044,-1.039069235,80331.6875,1.00E-06,245761.31,0.50446913,-1.05E-05,272.96631,1.07E-06,2.030765193,-5.7949,-10.32627,-1.26353,0.24576131,38.53,FALSE
2/22/2021,266.00598,261.3789,270.63306,1.02610502,0.560056457,80873.875,3.19E-07,333024.5,0.7128252,-5.97E-06,272.94556,3.64E-07,1.168997325,-7.14402,-11.7711,-2.51694,0.3330245,38.5,FALSE
2/23/2021,269.439215,263.2483,275.63013,1.080754676,1.04773905,80362.25,0,380103.12,0.49201131,-6.46E-06,272.86475,0,1.505253396,-3.710785,-9.9017,2.48013,0.38010312,38.48,FALSE
2/24/2021,268.418945,261.34692,275.49097,1.58611965,1.23317865,79997.595,3.46E-05,388874.44,0.013311833,-2.41E-05,272.84167,3.47E-05,2.009105554,-4.731055,-11.80308,2.34097,0.38887444,38.49,FALSE
2/25/2021,263.54516,257.708,269.38232,1.4488697,-1.84700225,80424.4375,0,360461.44,0.16199267,-2.28E-05,272.32629,0,2.347475393,-9.60484,-15.442,-3.76768,0.36046144,38.48,FALSE
2/26/2021,266.233395,263.04272,269.42407,1.7735858,1.4540191,79900.28,1.04E-05,414649.25,0.053009703,-2.51E-05,271.664675,1.03E-05,2.293420618,-6.916605,-10.10728,-3.72593,0.41464925,38.45,FALSE
2/27/2021,268.78735,262.2041,275.3706,2.9988041,-0.5812894,79220.9675,0.00025799,403700.12,0.51293668,-2.90E-05,271.98743,0.000258034,3.054623282,-4.36265,-10.9459,2.2206,0.40370012,38.47,FALSE
2/28/2021,264.16443,258.68066,269.6482,2.0448184,-1.00853725,79883.56,0,462027.62,0.5235951,-1.82E-05,271.64185,0,2.280006507,-8.98557,-14.46934,-3.5018,0.46202762,38.51,FALSE
3/1/2021,263.766115,257.6001,269.93213,-0.013493125,1.031517295,80352.4675,0,526732.1,0,-1.75E-05,271.37757,0,1.031605542,-9.383885,-15.5499,-3.21787,0.5267321,38.5,FALSE
3/2/2021,270.82495,264.45923,277.19067,-0.95425765,1.6260967,79999.72,0,588344.5,0.4189411,-2.11E-05,271.594845,0,1.885417232,-2.32505,-8.69077,4.04067,0.5883445,38.48,FALSE
3/3/2021,271.46619,264.64478,278.2876,-0.361412375,0.768609675,79465.655,0,580560.75,0.87058593,-3.85E-05,271.965945,0,0.849340766,-1.68381,-8.50522,5.1376,0.58056075,38.47,FALSE
3/4/2021,273.93384,269.13135,278.73633,0.3068571,0.45205837,79340.3425,4.35E-06,736859,0.442570625,-3.84E-05,272.82154,4.44E-06,0.546368053,0.78384,-4.01865,5.58633,0.736859,38.52,FALSE
3/5/2021,273.59924,267.53638,279.6621,-0.41814354,0.91423895,80418.75,0,795075.94,0,-8.27E-05,273.19165,0,1.005324265,0.44924,-5.61362,6.5121,0.79507594,38.51,FALSE
3/6/2021,279.17053,273.71118,284.62988,-1.3585068,3.23117785,79587.5325,0,848561.4,0.63768187,-8.37E-05,273.832275,0,3.505146363,6.02053,0.56118,11.47988,0.8485614,38.49,FALSE
3/7/2021,273.79382,268.06396,279.52368,0.993015034,0.1222458,79649.905,0,953998.9,0.50685465,-9.41E-05,273.698735,0,1.000511316,0.64382,-5.08604,6.37368,0.9539989,38.51,FALSE
3/8/2021,279.17981,273.91235,284.44727,0.29989925,1.532510325,79480.78,1.13E-05,956511.25,0.624854205,-0.000132235,276.50928,0,1.561578514,6.02981,0.76235,11.29727,0.95651125,38.5,FALSE
3/9/2021,274.72803,268.4646,280.99146,2.273840785,-0.45261735,79456.5625,1.59E-05,670767.9,0.81547218,-0.000103503,275.588255,1.58E-05,2.318450858,1.57803,-4.6854,7.84146,0.6707679,38.5,FALSE
3/10/2021,270.83581,266.3247,275.34692,1.21804475,0.2561908,79178.1875,0.000704259,379683.25,0.9919768,-4.57E-05,272.920415,0.000703985,1.24469544,-2.31419,-6.8253,2.19692,0.37968325,38.49,FALSE
3/11/2021,269.29248,266.95776,271.6272,1.12650395,0.40904077,78955.47,0.00049722,421398.75,0.98436775,-4.26E-05,272.92053,0.000496483,1.198467981,-3.85752,-6.19224,-1.5228,0.42139875,38.51,FALSE
3/12/2021,269.310185,266.50684,272.11353,-0.5643945,-0.753172325,79519.875,4.61E-06,672900.75,0.79578915,-9.46E-05,272.660525,4.53E-06,0.94117464,-3.839815,-6.64316,-1.03647,0.67290075,38.52,FALSE
3/13/2021,269.260615,263.21313,275.3081,1.181776105,-2.009743185,79708.125,0,804650.44,0.176186983,-9.08E-05,272.454955,0,2.331450714,-3.889385,-9.93687,2.1581,0.80465044,38.53,FALSE
3/14/2021,269.89136,262.95557,276.82715,2.14595365,-0.8108988,79907.655,0,767854.25,0,-8.27E-05,272.91552,0,2.294051859,-3.25864,-10.19443,3.67715,0.76785425,38.52,FALSE
3/15/2021,276.042725,269.96753,282.11792,0.1946025,0.782908785,79217.095,0.000598105,464042.75,0.599504145,-5.48E-05,275.261225,0.000504,0.806731863,2.892725,-3.18247,8.96792,0.46404275,38.48,FALSE
3/16/2021,272.315795,270.89062,273.74097,2.3058386,-1.0428557,78872.405,4.35E-05,546673.44,0.9216428,-7.20E-05,274.75184,3.12E-05,2.530699441,-0.834205,-2.25938,0.59097,0.54667344,38.52,FALSE
3/17/2021,272.1206,266.9851,277.2561,0.78906952,0.6580174,79583.375,0,885702.44,0.484468959,-0.000135976,274.814335,0,1.027432531,-1.0294,-6.1649,4.1061,0.88570244,38.53,FALSE
3/18/2021,278.34838,273.5432,283.15356,-0.0261264,2.76684235,79781.0925,0,1290000,0.976593735,-0.000195781,276.84094,0,2.766965699,5.19838,0.3932,10.00356,1.29,38.53,FALSE
3/19/2021,281.611575,276.55615,286.667,-0.09688965,3.54326105,79815.655,2.96E-05,916412.5,0.168315702,-0.000139046,278.38574,0,3.544585515,8.461575,3.40615,13.517,0.9164125,38.51,FALSE
3/20/2021,280.11719,274.55762,285.67676,1.79987173,0.1560574,79561.095,0.000686149,956019.9,0.93190375,-0.000104368,279.49036,0.000614932,1.80662452,6.96719,1.40762,12.52676,0.9560199,38.49,FALSE
3/21/2021,271.741825,268.2107,275.27295,2.84909155,-1.171797535,79847.6575,2.61E-05,645214.7,0.296740634,-0.000111771,275.8462,2.44E-05,3.080654496,-1.408175,-4.9393,2.12295,0.6452147,38.51,FALSE
3/22/2021,272.51428,268.6499,276.37866,1.44077875,-0.9958839,79876.9375,0.000324973,777799.2,0.97092583,-8.84E-05,274.5376,0.000300532,1.751464573,-0.63572,-4.5001,3.22866,0.7777992,38.49,FALSE
3/23/2021,273.09851,269.42944,276.76758,2.7198772,-2.7280359,79360.1575,0.0001316,591179.25,0.78393475,-9.61E-05,274.61621,0.0001315,3.852260616,-0.05149,-3.72056,3.61758,0.59117925,38.5,FALSE
3/24/2021,269.181155,265.41797,272.94434,1.3260617,-2.78932829,79766.345,0,976022,0.324107825,-9.91E-05,273.012825,0,3.088493474,-3.968845,-7.73203,-0.20566,0.976022,38.49,FALSE
3/25/2021,274.67407,272.98804,276.3601,1.8731828,0.870457065,78899.25,0.000390668,656717.56,0.990681615,-7.59E-05,275.497435,0.000390777,2.065553026,1.52407,-0.16196,3.2101,0.65671756,38.46,FALSE
3/26/2021,270.46716,267.10815,273.82617,2.4705234,-1.45052575,78957.095,3.10E-05,723073.4,0.78990947,-8.31E-05,274.88086,3.08E-05,2.864875359,-2.68284,-6.04185,0.67617,0.7230734,38.53,FALSE
3/27/2021,270.27112,264.49194,276.0503,1.79439255,-0.54481695,80178.1875,0,1030000,0.001548461,-8.54E-05,274.16968,0,1.875278681,-2.87888,-8.65806,2.9003,1.03,38.55,FALSE
3/28/2021,274.41711,267.781,281.05322,0.506685345,0.40459015,80661.655,0,1310000,0.1658772,-0.000201344,276.351565,0,0.648400515,1.26711,-5.369,7.90322,1.31,38.53,FALSE
3/29/2021,282.393915,275.32983,289.458,3.09885885,2.05292035,79888.0925,0,1190000,0.026941402,-0.000147412,278.07592,3.95E-08,3.717177442,9.243915,2.17983,16.308,1.19,38.5,FALSE
3/30/2021,270.857545,264.31836,277.39673,1.9879017,-1.95989679,79799.405,0,1480000,0.063940885,-0.000173498,275.216435,0,2.79158532,-2.292455,-8.83164,4.24673,1.48,38.54,FALSE
3/31/2021,272.87793,267.56152,278.19434,0.539507695,-1.19941623,80470.815,0,1530000,0,-0.00019726,275.49842,0,1.315168372,-0.27207,-5.58848,5.04434,1.53,38.55,FALSE
4/1/2021,277.55578,268.95776,286.1538,-1.0129404,1.4091639,80408.47,0,1570000,0.04621038,-0.000257464,277.98243,0,1.735451282,4.40578,-4.19224,13.0038,1.57,38.52,FALSE
4/2/2021,282.16589,273.00903,291.32275,1.525410125,2.22281265,79827.685,0,1570000,0,-0.000265023,279.456175,0,2.695880585,9.01589,-0.14097,18.17275,1.57,38.53,FALSE
4/3/2021,284.790165,276.27808,293.30225,1.573526695,0.89355621,80049.345,0,1570000,0.118722597,-0.000267142,281.58008,0,1.809538328,11.640165,3.12808,20.15225,1.57,38.53,FALSE
4/4/2021,284.31738,274.63916,293.9956,2.5039587,0.407919585,80097.905,0,1480000,0.1354051,-0.000248619,282.87561,0,2.536968183,11.16738,1.48916,20.8456,1.48,38.53,FALSE
4/5/2021,284.593875,276.69092,292.49683,2.7781049,1.255383275,79670.53,5.67E-06,1520000,0.48656535,-0.00020099,282.98242,0,3.048582294,11.443875,3.54092,19.34683,1.52,38.51,FALSE
4/6/2021,277.168455,268.83276,285.50415,5.05294415,-0.431903085,79450.5,0,1640000,0.078761845,-0.000188532,279.2057,0,5.071369131,4.018455,-4.31724,12.35415,1.64,38.54,FALSE
4/7/2021,277.29113,269.7412,284.84106,0.56524702,-0.0469437,79967.875,0,1050000,0.001455249,-0.000175702,280.0321,0,0.567193005,4.14113,-3.4088,11.69106,1.05,38.53,FALSE
4/8/2021,281.44776,272.87622,290.0193,3.6853877,0.681774585,79785.3125,0,1580000,0.3021371,-0.000165438,281.078245,0,3.747919301,8.29776,-0.27378,16.8693,1.58,38.54,FALSE
4/9/2021,280.59777,273.9702,287.22534,2.495437765,-1.47651352,79931.6575,0,1660000,0,-0.000163479,280.84595,0,2.899534758,7.44777,0.8202,14.07534,1.66,38.54,FALSE
4/10/2021,281.473515,272.97363,289.9734,1.7795811,0.71616276,79776.22,0,1670000,0,-0.000142623,283.23095,0,1.918279956,8.323515,-0.17637,16.8234,1.67,38.53,FALSE
4/11/2021,282.243285,274.42773,290.05884,2.96262283,-1.16101645,79589.405,0,1680000,0,-0.00011777,283.35315,0,3.181995165,9.093285,1.27773,16.90884,1.68,38.53,FALSE
4/12/2021,278.401365,269.76733,287.0354,1.6188553,-2.4431,79559.935,0,1700000,0,-0.0001,282.73218,0,2.930772951,5.251365,-3.38267,13.8854,1.7,38.53,FALSE
4/13/2021,278.97986,271.88916,286.07056,-0.395129519,-0.79922675,79320.125,3.16E-06,813352.7,0.23378175,-5.51E-05,283.480955,0,0.89156645,5.82986,-1.26084,12.92056,0.8133527,38.51,FALSE
4/14/2021,278.10119,274.63428,281.5681,1.9019799,-2.003025995,78894.8425,0.000441876,1160000,0.97601655,-7.72E-05,282.32312,0.000229543,2.762180421,4.95119,1.48428,8.4181,1.16,38.52,FALSE
4/15/2021,273.747195,269.56543,277.92896,1.60778,-1.23311815,79360.845,2.60E-05,999994.44,0.8217732,-9.55E-05,280.17529,0,2.026212452,0.597195,-3.58457,4.77896,0.99999444,38.55,FALSE
4/16/2021,277.094605,272.29956,281.88965,1.11519238,-1.88499109,79681.5625,5.69E-05,1480000,0.907711445,-0.00013196,279.669315,2.08E-06,2.190170188,3.944605,-0.85044,8.73965,1.48,38.56,FALSE
4/17/2021,277.27991,272.13477,282.42505,-0.974057652,-3.0273847,79931.125,0,1480000,0.19139615,-0.000124366,280.635735,0,3.180227418,4.12991,-1.01523,9.27505,1.48,38.57,FALSE
4/18/2021,278.54675,272.28198,284.81152,-1.44248985,-1.703530235,80270.9675,0,1730000,0,-0.000131905,280.47889,0,2.232216887,5.39675,-0.86802,11.66152,1.73,38.57,FALSE
4/19/2021,281.57092,273.56396,289.57788,1.74312495,-0.5308237,80125.31,0,1740000,0.022834599,-9.18E-05,283.52747,0,1.82215762,8.42092,0.41396,16.42788,1.74,38.55,FALSE
4/20/2021,283.51465,275.99048,291.03882,2.694908265,-2.58525605,79817.25,6.80E-06,1190000,0.3413653,-5.83E-05,284.42725,0,3.734444992,10.36465,2.84048,17.88882,1.19,38.53,FALSE
4/21/2021,284.76758,279.05884,290.47632,-0.36221767,-1.014497875,79202.6875,0.000191523,1040000,0.848217325,-5.97E-05,288.354125,4.14E-06,1.077222159,11.61758,5.90884,17.32632,1.04,38.53,FALSE
4/22/2021,276.0614,269.2229,282.8999,-0.20433855,-1.1914851,79240.655,0,1650000,0.42434868,-9.18E-05,280.63085,0,1.208880055,2.9114,-3.9271,9.7499,1.65,38.54,FALSE
4/23/2021,282.15405,275.59204,288.71606,3.73671435,-1.659621585,79270,0,1780000,0.508830259,-7.54E-05,284.45276,0,4.088689024,9.00405,2.44204,15.56606,1.78,38.56,FALSE
4/24/2021,285.302735,280.60132,290.00415,3.3559117,-0.46916965,79413.47,8.29E-06,1310000,0.55423533,-4.94E-05,287.08496,0,3.388548878,12.152735,7.45132,16.85415,1.31,38.54,FALSE
4/25/2021,284.0697,278.42334,289.71606,2.38441287,-0.71988445,79017.7825,0.000595771,416106,0.81298071,-4.51E-05,287.035155,5.19E-05,2.490714427,10.9197,5.27334,16.56606,0.416106,38.53,FALSE
4/26/2021,275.654055,273.20337,278.10474,1.401517285,-1.88315915,78833.28,0.000315925,1040000,1,-0.000108272,282.095575,0.000306484,2.347453745,2.504055,0.05337,4.95474,1.04,38.54,FALSE
4/27/2021,273.91016,269.23267,278.58765,2.9415974,0.121018525,79098.4075,0,1410000,0.51548448,-0.000142547,280.38294,0,2.944085723,0.76016,-3.91733,5.43765,1.41,38.59,FALSE
4/28/2021,277.396115,272.19653,282.5957,0.927239103,-2.04266686,80004.03,0,1660000,0.123568565,-0.00020267,280.443235,0,2.243269992,4.246115,-0.95347,9.4457,1.66,38.62,FALSE
4/29/2021,282.74646,276.35864,289.13428,1.31641435,-1.7173703,80620.25,0,1730000,0.168687998,-0.000235537,282.58252,0,2.163864018,9.59646,3.20864,15.98428,1.73,38.62,FALSE
4/30/2021,287.385375,279.56543,295.20532,-0.78375884,0.861577325,80697.4375,2.99E-05,1630000,0.549374035,-0.000227868,286.97949,0,1.164728898,14.235375,6.41543,22.05532,1.63,38.6,FALSE
5/1/2021,292.66846,285.92188,299.41504,2.5869012,0.690596605,79971.0625,0,1830000,0.99845153,-0.000122538,290.469725,0,2.677495376,19.51846,12.77188,26.26504,1.83,38.57,FALSE
5/2/2021,287.00269,279.16895,294.83643,3.87732685,-1.2904844,79429.7175,0.000241151,1410000,0.32423133,-9.92E-05,289.89745,0,4.086442645,13.85269,6.01895,21.68643,1.41,38.59,FALSE
5/3/2021,279.7865,274.04663,285.52637,2.37851425,-3.202709565,79552.19,0,1840000,0.36277085,-9.24E-05,284.32264,0,3.989320568,6.6365,0.89663,12.37637,1.84,38.6,FALSE
5/4/2021,280.51172,273.26758,287.75586,0.92064305,-1.02489995,79914.405,0,1840000,0,-6.95E-05,285.5044,0,1.37768049,7.36172,0.11758,14.60586,1.84,38.61,FALSE
5/5/2021,287.02539,279.4978,294.55298,2.48108127,-1.06307722,80054.25,9.04E-06,1760000,0.00951141,-5.19E-05,289.393925,0,2.69924016,13.87539,6.3478,21.40298,1.76,38.62,FALSE
5/6/2021,290.086665,283.10083,297.0725,-0.8231097,2.57642215,80095.25,0,1470000,0.205603435,-3.37E-05,293.28662,0,2.70471083,16.936665,9.95083,23.9225,1.47,38.6,FALSE
5/7/2021,291.17029,283.01343,299.32715,1.3414836,3.01881815,79756.9675,0.000167327,1590000,0.63335064,-3.00E-05,293.034785,0,3.303458986,18.02029,9.86343,26.17715,1.59,38.59,FALSE
5/8/2021,284.56824,276.20264,292.93384,3.41685575,-1.4608827,79760.25,0,1860000,0.23174721,-2.83E-05,290.5039,0,3.716057249,11.41824,3.05264,19.78384,1.86,38.61,FALSE
5/9/2021,281.776,275.45068,288.10132,1.1624621,-1.99261664,79979.94,1.83E-07,1250000,0.33975953,-3.02E-05,288.02746,0,2.306911183,8.626,2.30068,14.95132,1.25,38.6,FALSE
5/10/2021,282.13391,275.32666,288.94116,2.50930595,-2.21406415,79674.0325,0,1900000,0.4282926,-4.96E-05,287.685915,0,3.34644534,8.98391,2.17666,15.79116,1.9,38.62,FALSE
5/11/2021,281.757325,275.2273,288.28735,1.61559305,-2.32176783,79952.375,0,1900000,0.049430818,-6.19E-05,286.673215,0,2.828559131,8.607325,2.0773,15.13735,1.9,38.63,FALSE
5/12/2021,285.047,278.96216,291.13184,0.268667165,-0.2578438,80113.22,0,1870000,0,-3.59E-05,290.035035,0,0.372378129,11.897,5.81216,17.98184,1.87,38.63,FALSE
5/13/2021,290.3529,283.2705,297.4353,1.9815856,0.05904865,80127.875,1.36E-07,1640000,0.071248295,-2.26E-05,293.30554,0,1.982465191,17.2029,10.1205,24.2853,1.64,38.62,FALSE
5/14/2021,292.011475,285.31885,298.7041,2.7145939,0.24198109,79955.4375,8.21E-05,1280000,0.256892577,-3.32E-05,294.77588,0,2.725357754,18.861475,12.16885,25.5541,1.28,38.61,FALSE
5/15/2021,290.6261,283.34546,297.90674,2.6778107,-0.371037188,79498.5625,0.00226444,334496.56,0.9791776,-0.000107066,295.460205,0,2.70339393,17.4761,10.19546,24.75674,0.33449656,38.6,FALSE
5/16/2021,282.042725,279.20923,284.87622,1.47558606,-2.94642065,79409.25,0.000191791,1210000,0.837377275,-0.00015388,289.01404,0,3.295261578,8.892725,6.05923,11.72622,1.21,38.62,FALSE
5/17/2021,282.28491,277.47778,287.09204,1.25905225,-0.8559842,79682.78,5.36E-05,1670000,0.689019795,-0.000268976,287.54273,0,1.522472173,9.13491,4.32778,13.94204,1.67,38.65,FALSE
5/18/2021,286.190305,280.43457,291.94604,1.8345933,-0.8712621,79808.2825,0,1880000,0.099401505,-0.00027638,287.87135,0,2.030967805,13.040305,7.28457,18.79604,1.88,38.64,FALSE
5/19/2021,288.57593,282.27173,294.88013,3.0140711,-0.26568235,79584,2.17E-05,1460000,0.04612249,-0.000174546,289.12854,0,3.025758038,15.42593,9.12173,21.73013,1.46,38.61,FALSE
5/20/2021,285.51001,276.81006,294.20996,4.23296555,0.4711933,78943.75,0,1980000,0.373576225,-9.79E-05,288.93762,0,4.259110291,12.36001,3.66006,21.05996,1.98,38.61,FALSE
5/21/2021,277.24084,272.4204,282.06128,3.3908038,-3.87558165,78952.3425,0.000675433,872358.56,0.530794718,-5.19E-05,286.0409,0.000615356,5.149532361,4.09084,-0.7296,8.91128,0.87235856,38.6,FALSE
5/22/2021,274.13513,273.08203,275.18823,2.69062375,-0.1650305,79219.9375,0.00044523,806518.7,0.796331265,-5.40E-05,283.849735,0.000434822,2.695680105,0.98513,-0.06797,2.03823,0.8065187,38.64,FALSE
5/23/2021,274.78479,272.90894,276.66064,0.9974052,1.02900053,79658,0.000453106,989412.9,0.915081925,-0.000118552,283.50122,0.000235397,1.433059393,1.63479,-0.24106,3.51064,0.9894129,38.65,FALSE
5/24/2021,277.180535,272.66577,281.6953,2.8430219,1.27119299,80110.095,2.23E-05,1610000,0.242837723,-0.000268188,281.760985,0,3.114274417,4.030535,-0.48423,8.5453,1.61,38.66,FALSE
5/25/2021,283.552,278.1692,288.9348,2.32199835,1.17793968,80072.2175,8.06E-05,1250000,0.381658465,-0.000287628,284.235965,0,2.60369319,10.402,5.0192,15.7848,1.25,38.65,FALSE
5/26/2021,284.371825,276.82007,291.92358,2.633237085,0.233504975,79927.2825,0,1910000,0.21757108,-0.000310959,284.32617,0,2.643569957,11.221825,3.67007,18.77358,1.91,38.67,FALSE
5/27/2021,284.83155,277.7317,291.9314,0.526793555,0.7147386,80144.2825,6.91E-06,1830000,0.59974785,-0.000315079,286.72412,0,0.88789792,11.68155,4.5817,18.7814,1.83,38.64,FALSE
5/28/2021,288.431035,281.40747,295.4546,2.3088493,0.57138725,80021.97,4.52E-05,1750000,0.276772985,-0.000259214,287.90711,0,2.37850131,15.281035,8.25747,22.3046,1.75,38.6,FALSE
5/29/2021,287.89002,280.3545,295.42554,0.709743485,-2.2186637,79930.9375,1.71E-05,1600000,0.7224853,-0.000186038,290.15442,0,2.329421479,14.74002,7.2045,22.27554,1.6,38.59,FALSE
5/30/2021,288.48987,281.37476,295.60498,0.17240255,-1.45883753,79903.0925,0,1960000,0.453587385,-0.000157478,291.333495,0,1.468989305,15.33987,8.22476,22.45498,1.96,38.6,FALSE
5/31/2021,290.301025,283.79785,296.8042,0.534812895,-2.02949213,80141.5925,0,1960000,0.04695931,-7.65E-05,292.399535,0,2.098776581,17.151025,10.64785,23.6542,1.96,38.6,FALSE
6/1/2021,292.16541,285.1985,299.13232,0.535560168,-1.1181569,80341.6575,0,1920000,0.05412292,-5.54E-05,295.372195,0,1.239798188,19.01541,12.0485,25.98232,1.92,38.6,FALSE
6/2/2021,294.81738,287.53662,302.09814,1.3674473,-1.11020135,80125.9075,0,1920000,0.40081065,-3.35E-05,297.719975,0,1.761379901,21.66738,14.38662,28.94814,1.92,38.59,FALSE
6/3/2021,298.447875,292.2539,304.64185,0.209682375,-1.973921735,79938.0925,1.36E-07,1850000,0.127188357,-3.44E-05,299.89343,0,1.985027384,25.297875,19.1039,31.49185,1.85,38.58,FALSE
6/4/2021,298.19152,291.1577,305.22534,1.7351031,0.748262715,79946.22,0,1520000,0.59381225,-2.96E-05,303.125365,0,1.889571342,25.04152,18.0077,32.07534,1.52,38.59,FALSE
6/5/2021,295.877925,287.41772,304.33813,1.09575965,0.692489265,79962.3425,0,1950000,0.656175015,-3.97E-05,301.57898,0,1.29623709,22.727925,14.26772,31.18813,1.95,38.58,FALSE
6/6/2021,294.89782,286.84814,302.9475,3.39992105,-1.1978164,79641.1875,0,1980000,0.88894102,-2.92E-05,299.72803,0,3.604750654,21.74782,13.69814,29.7975,1.98,38.57,FALSE
6/7/2021,295.45252,286.9214,303.98364,3.51217271,1.174142825,79334.625,0,867643.44,0.333525664,-1.57E-05,299.34241,0,3.703237572,22.30252,13.7714,30.83364,0.86764344,38.58,FALSE
6/8/2021,293.13843,285.65576,300.6211,1.215264235,3.54043319,79210.0625,1.72E-06,1440000,0.49108112,-2.18E-05,297.21789,0,3.74319841,19.98843,12.50576,27.4711,1.44,38.59,FALSE
6/9/2021,291.681275,284.78882,298.57373,1.63699024,3.9264407,79579.81,0,1940000,0.356630385,-1.99E-05,295.65247,0,4.254018526,18.531275,11.63882,25.42373,1.94,38.59,FALSE
6/10/2021,288.47535,279.3069,297.6438,1.97202785,5.180413885,79649.625,4.24E-06,2050000,0.154536785,-5.06E-05,295.04676,0,5.543066107,15.32535,6.1569,24.4938,2.05,38.62,FALSE
6/11/2021,283.32971,278.06372,288.5957,0.49381018,-0.3387952,80144.03,0,2000000,0.08330539,-3.29E-05,291.338015,0,0.598857814,10.17971,4.91372,15.4457,2,38.59,FALSE
6/12/2021,292.70081,285.9524,299.44922,2.1934768,1.06479625,79939.315,0,2000000,0.094279045,-2.19E-05,296.354005,0,2.438264039,19.55081,12.8024,26.29922,2,38.6,FALSE
6/13/2021,295.2373,286.6167,303.8579,0.24267025,1.73237705,79887.56,0,2010000,0.04267159,-2.15E-05,300.69434,0,1.749291026,22.0873,13.4667,30.7079,2.01,38.6,FALSE
6/14/2021,297.58435,288.72046,306.44824,-0.082280265,3.971748,79914.6575,0,2020000,0.089010716,-2.24E-05,300.359255,0,3.972600183,24.43435,15.57046,33.29824,2.02,38.6,FALSE
6/15/2021,297.67957,288.6294,306.72974,1.51566112,4.09473765,79967,0,2020000,0.04329614,-2.33E-05,300.84827,0,4.366246105,24.52957,15.4794,33.57974,2.02,38.61,FALSE
6/16/2021,298.02124,289.70068,306.3418,3.480653,1.1102535,80319.405,0,1520000,0.2344921,-2.00E-05,301.4209,0,3.653437852,24.87124,16.55068,33.1918,1.52,38.62,FALSE
6/17/2021,298.820435,291.20093,306.43994,2.64214491,0.147448435,80255.685,1.41E-06,1420000,0.75217855,-2.02E-05,302.2124,0,2.64625599,25.670435,18.05093,33.28994,1.42,38.61,FALSE
6/18/2021,299.027585,291.67285,306.38232,1.539186325,0.85253587,80058.47,0,1100000,0.807304025,-2.00E-05,303.500975,0,1.759520376,25.877585,18.52285,33.23232,1.1,38.59,FALSE
6/19/2021,297.25781,289.22852,305.2871,1.161832427,1.9582777,79987.685,0,1830000,0.21189502,-2.39E-05,301.53845,0,2.27699498,24.10781,16.07852,32.1371,1.83,38.57,FALSE
6/20/2021,299.13855,291.83276,306.44434,2.50468805,-1.224927565,79869.625,0,1880000,0.48633955,-2.08E-05,302.84949,0,2.788173195,25.98855,18.68276,33.29434,1.88,38.57,FALSE
6/21/2021,300.707765,294.37256,307.04297,1.540231035,-1.87209135,79939.375,0,1660000,0.442096442,-2.08E-05,304.38745,0,2.42426023,27.557765,21.22256,33.89297,1.66,38.57,FALSE
6/22/2021,300.187985,291.97534,308.40063,1.220132315,2.43729015,79766.9675,0,1870000,0.48420137,-2.04E-05,304.84607,0,2.725638667,27.037985,18.82534,35.25063,1.87,38.56,FALSE
6/23/2021,296.98388,289.99536,303.9724,2.5124815,0.472892185,79740.9375,1.10E-06,1350000,0.278650892,-1.76E-05,302.092165,0,2.556597408,23.83388,16.84536,30.8224,1.35,38.57,FALSE
6/24/2021,295.276125,288.292,302.26025,0.864473175,2.6815204,79915.2825,2.72E-06,1570000,0.6549407,-2.20E-05,302.23987,0,2.817421787,22.126125,15.142,29.11025,1.57,38.57050633,TRUE
6/25/2021,291.04334,286.0713,296.01538,-0.1232575,0.201655525,80167.625,0,1770000,0.542152405,-7.03E-05,302.2843,0,0.236341622,17.89334,12.9213,22.86538,1.77,38.57101266,TRUE
6/26/2021,295.94043,290.39526,301.4856,1.77742112,-1.89658078,80113.28,0,1060000,0.432008115,-1.68E-05,300.555295,0,2.599277687,22.79043,17.24526,28.3356,1.06,38.57151899,TRUE
6/27/2021,296.97925,291.56177,302.39673,-0.5874971,-2.22553629,80244.0925,0,2000000,0.40026645,-2.29E-05,299.495365,0,2.301774233,23.82925,18.41177,29.24673,2,38.57202532,TRUE
6/28/2021,297.94177,290.2561,305.62744,-1.65109823,-0.950923515,80064.1875,0,1800000,0.09596047,-2.16E-05,303.91577,0,1.905355845,24.79177,17.1061,32.47744,1.8,38.57253165,TRUE
6/29/2021,298.77222,291.34814,306.1963,-2.34104635,-0.76929405,79919.845,8.53E-05,1540000,0.43260045,-2.76E-05,304.999515,0,2.464206028,25.62222,18.19814,33.0463,1.54,38.57303797,TRUE
6/30/2021,297.88928,290.08862,305.68994,-1.24577815,0.0347967,79851.25,0.000144504,1300000,0.57138729,-6.83E-05,304.36865,0,1.246264021,24.73928,16.93862,32.53994,1.3,38.5735443,TRUE
7/1/2021,294.97522,288.5918,301.35864,-0.218375815,0.80117537,80026.095,4.84E-06,1800000,0.611390365,-8.96E-05,301.501345,0,0.830403498,21.82522,15.4418,28.20864,1.8,,TRUE
7/2/2021,294.98779,287.84326,302.13232,0.379177075,0.42912975,80128.5,1.63E-06,1720000,0.310812382,-4.64E-05,301.640995,0,0.572649628,21.83779,14.69326,28.98232,1.72,,TRUE
7/3/2021,296.57556,289.57495,303.57617,0.336965235,-0.3253603,80170.53,2.53E-06,1380000,0.436820924,-3.10E-05,303.45752,0,0.468406762,23.42556,16.42495,30.42617,1.38,,TRUE
7/4/2021,299.500975,293.04858,305.95337,1.85349465,3.3874396,80113.875,2.19E-06,1540000,0.475557585,-3.47E-05,304.52209,0,3.861371448,26.350975,19.89858,32.80337,1.54,,TRUE
7/5/2021,295.629765,290.42163,300.8379,1.94899655,0.80039245,80211.0925,0,1540000,0.27907199,-2.68E-05,300.39038,0,2.106944619,22.479765,17.27163,27.6879,1.54,,TRUE
7/6/2021,299.904905,294.54443,305.26538,0.13150073,-0.99089145,80255.69,0,1350000,0.181552167,-2.04E-05,303.629515,0,0.999579065,26.754905,21.39443,32.11538,1.35,,TRUE
7/7/2021,300.45691,293.17578,307.73804,1.8927231,1.1696665,80106.875,0,1880000,0.555300635,-2.20E-05,304.56836,0,2.224976507,27.30691,20.02578,34.58804,1.88,,TRUE
7/8/2021,301.458865,294.12573,308.792,3.2223848,0.73541297,79947,0,1930000,0.217317715,-2.22E-05,305.680785,0,3.305237667,28.308865,20.97573,35.642,1.93,,TRUE
7/9/2021,301.635015,293.82153,309.4485,3.02112485,0.076491935,80159.8425,0,1960000,0.339562405,-2.31E-05,306.20532,0,3.022093045,28.485015,20.67153,36.2985,1.96,,TRUE
7/10/2021,303.97803,298.4148,309.54126,1.212271718,-0.6417871,80462.5,0,1480000,0.171840815,-2.11E-05,307.111085,0,1.371675399,30.82803,25.2648,36.39126,1.48,,TRUE
7/11/2021,302.96069,295.80273,310.11865,1.64944815,-0.565176,80375.56,0,1640000,0.336974809,-2.16E-05,307.221925,0,1.743589146,29.81069,22.65273,36.96865,1.64,,TRUE
7/12/2021,300.91968,293.1106,308.72876,3.14725495,0.13270095,80258.1875,0.00010052,1020000,0.46769245,-4.83E-05,306.83679,0,3.150051311,27.76968,19.9606,35.57876,1.02,,TRUE
7/13/2021,299.4757,291.7373,307.2141,2.399881325,1.21079888,80141.6875,0,1240000,0.388770664,-9.38E-05,304.45862,0,2.688022377,26.3257,18.5873,34.0641,1.24,,TRUE
7/14/2021,297.37464,290.54688,304.2024,1.50356023,2.06127835,80135.2175,0.000114295,1240000,0.466182142,-4.81E-05,302.76306,0,2.551384291,24.22464,17.39688,31.0524,1.24,,TRUE
7/15/2021,297.38905,290.9485,303.8296,2.04754375,0.0780516,80030.25,0,1320000,0.54924331,-3.73E-05,303.114135,0,2.049030859,24.23905,17.7985,30.6796,1.32,,TRUE
7/16/2021,296.20386,287.43555,304.97217,0.21719025,1.0803119,79971.4075,0,1780000,0.209077835,-2.34E-05,302.53185,0,1.10192804,23.05386,14.28555,31.82217,1.78,,TRUE
7/17/2021,299.38733,292.80762,305.96704,1.73106065,-0.11401054,79951.375,0,1670000,0.43149394,-1.87E-05,304.63318,0,1.734811049,26.23733,19.65762,32.81704,1.67,,TRUE
7/18/2021,298.87865,290.5537,307.2036,1.490099725,1.95445887,80256.28,2.18E-06,974534.3,0.280231865,-1.29E-05,304.60144,0,2.457703535,25.72865,17.4037,34.0536,0.9745343,,TRUE
7/19/2021,299.34815,294.677,304.0193,0.54693305,2.82368995,80433.3125,2.67E-05,1180000,0.95848212,-2.34E-05,304.802615,0,2.876171187,26.19815,21.527,30.8693,1.18,,TRUE
7/20/2021,293.35279,288.54688,298.1587,0.55727712,0.163844105,80558.72,3.19E-07,1830000,0.30897474,-0.000199601,302.14417,0,0.580863735,20.20279,15.39688,25.0087,1.83,,TRUE
7/21/2021,295.95606,289.35132,302.5608,1.823633335,0.83105491,80223.625,0,1610000,0.159689052,-7.93E-05,300.63244,0,2.004068563,22.80606,16.20132,29.4108,1.61,,TRUE
7/22/2021,298.088865,292.5017,303.67603,1.6088217,2.1712246,80068.375,4.01E-06,1360000,0.51526976,-4.93E-05,303.3717,0,2.702318176,24.938865,19.3517,30.52603,1.36,,TRUE
7/23/2021,296.307,290.1621,302.4519,1.591422665,1.8428898,80283.9075,0,1510000,0.53820026,-4.84E-05,302.36755,0,2.434926881,23.157,17.0121,29.3019,1.51,,TRUE
7/24/2021,298.599245,291.93042,305.26807,0.1349282,-0.730679625,80374.375,3.30E-06,1430000,0.320601463,-2.78E-05,305.10486,0,0.743033198,25.449245,18.78042,32.11807,1.43,,TRUE
7/25/2021,299.02783,293.47876,304.5769,0.272707935,-0.1768943,80272.5925,0,1110000,0.433815425,-2.34E-05,305.12195,0,0.325055705,25.87783,20.32876,31.4269,1.11,,TRUE
7/26/2021,299.98584,292.83496,307.13672,-1.9400859,-0.7705245,80080.9675,8.17E-07,1320000,0.487579495,-1.71E-05,305.122925,0,2.08749642,26.83584,19.68496,33.98672,1.32,,TRUE
7/27/2021,298.981075,292.95215,305.01,-1.9275846,2.1285529,80067.6575,3.50E-05,1430000,0.613512755,-2.51E-05,305.950805,0,2.871640618,25.831075,19.80215,31.86,1.43,,TRUE
7/28/2021,296.37598,289.24683,303.50513,3.02754595,1.032288475,80432.5,0,1560000,0.35240628,-6.01E-05,303.50415,0,3.198695668,23.22598,16.09683,30.35513,1.56,,TRUE
7/29/2021,295.85962,290.70947,301.00977,0.546793575,-1.45014745,80507.905,2.19E-05,1170000,0.145909115,-2.87E-05,302.2539,0,1.549809937,22.70962,17.55947,27.85977,1.17,,TRUE
7/30/2021,296.86889,290.79858,302.9392,-1.0416978,-0.9915248,80263.125,0,1450000,0.51297265,-0.000118741,304.05859,0,1.438143155,23.71889,17.64858,29.7892,1.45,,TRUE
7/31/2021,296.05396,289.4546,302.65332,0.82436296,-0.35256545,80322.905,0.001816007,1300000,0.484134315,-0.000300572,303.424315,0,0.896591705,22.90396,16.3046,29.50332,1.3,,TRUE
8/1/2021,292.52222,288.36768,296.67676,1.5049224,-0.98072395,80556.1875,0.000193694,1660000,0.866914025,-0.000314142,296.976315,0,1.796276954,19.37222,15.21768,23.52676,1.66,,TRUE
8/2/2021,292.11316,287.18384,297.04248,0.696164153,-0.679234885,80614.47,0,1780000,0.269566661,-0.00034401,296.19165,0,0.972627655,18.96316,14.03384,23.89248,1.78,,TRUE
8/3/2021,295.12183,288.7588,301.48486,0.42109045,-0.68519405,80632.97,1.22E-05,1710000,0.520807415,-0.00026555,296.62927,0,0.804243777,21.97183,15.6088,28.33486,1.71,,TRUE
8/4/2021,296.97876,289.44995,304.50757,-1.533,1.100133075,80417.5925,0,1370000,0.35843262,-0.000162363,299.13122,0,1.886897396,23.82876,16.29995,31.35757,1.37,,TRUE
8/5/2021,298.167725,291.48608,304.84937,0.198630846,2.90734625,80189.655,0,1620000,0.269980817,-0.0001092,299.65442,0,2.914123613,25.017725,18.33608,31.69937,1.62,,TRUE
8/6/2021,296.390015,286.53198,306.24805,4.31422375,1.22985905,79972.875,0,1880000,0.157130925,-6.22E-05,299.261965,0,4.486098511,23.240015,13.38198,33.09805,1.88,,TRUE
8/7/2021,293.29639,287.19458,299.3982,1.362055,-1.08523225,80238.845,0,1880000,0,-8.25E-05,298.445435,0,1.741528886,20.14639,14.04458,26.2482,1.88,,TRUE
8/8/2021,295.34716,286.36572,304.3286,1.3102644,1.09791593,79986.75,0,1760000,0.19640136,-2.71E-05,301.252075,0,1.709447919,22.19716,13.21572,31.1786,1.76,,TRUE
8/9/2021,296.945805,289.46558,304.42603,2.8613521,-1.144597435,79969.75,1.29E-06,1640000,0.014533952,-2.83E-05,301.79773,0,3.081791545,23.795805,16.31558,31.27603,1.64,,TRUE
8/10/2021,296.02527,288.77734,303.2732,2.0443215,-1.00238862,80167.94,0,1810000,0.3119596,-1.89E-05,302.384885,0,2.276847237,22.87527,15.62734,30.1232,1.81,,TRUE
8/11/2021,297.791015,290.6875,304.89453,1.3573284,-1.43628765,80361.53,0,1850000,0.037509145,-2.28E-05,302.353885,0,1.976173727,24.641015,17.5375,31.74453,1.85,,TRUE
8/12/2021,298.88915,291.937,305.8413,1.53211735,-1.07526183,80286.595,0,1450000,0,-1.62E-05,302.961795,0,1.871782994,25.73915,18.787,32.6913,1.45,,TRUE
8/13/2021,299.66699,293.8059,305.52808,0.59032214,-0.36661765,80340.0925,0,1570000,0.402210945,-1.97E-05,304.20813,0,0.694901957,26.51699,20.6559,32.37808,1.57,,TRUE
8/14/2021,299.26245,293.15112,305.37378,1.409804485,0.16272045,80540,0,1680000,0.082165937,-1.76E-05,305.40368,0,1.419164061,26.11245,20.00112,32.22378,1.68,,TRUE
8/15/2021,300.486815,294.15967,306.81396,1.45829295,-1.401391525,80568.4075,0,1660000,0.111779965,-1.62E-05,305.69519,0,2.022502542,27.336815,21.00967,33.66396,1.66,,TRUE
8/16/2021,299.71582,292.6106,306.82104,0.27771374,-2.02490575,80285.5,0,1530000,0.19231358,-3.88E-05,304.1427,0,2.043861105,26.56582,19.4606,33.67104,1.53,,TRUE
8/17/2021,300.68787,294.56494,306.8108,1.9128229,1.187459887,79756.03,0,1780000,0.49865743,-1.85E-05,304.968025,0,2.251433417,27.53787,21.41494,33.6608,1.78,,TRUE
8/18/2021,295.356445,285.98315,304.72974,4.2875853,-1.16862204,79382.5625,0,1590000,0.016989104,-1.28E-05,302.224125,0,4.443992032,22.206445,12.83315,31.57974,1.59,,TRUE
8/19/2021,287.510375,281.96118,293.05957,2.20958665,-1.93469167,79729.7175,0,1510000,0.233198747,-5.22E-05,297.23523,0,2.936886961,14.360375,8.81118,19.90957,1.51,,TRUE
8/20/2021,288.241945,283.13623,293.34766,1.40153825,-0.86518195,79972.875,0,1730000,0.238583385,-4.70E-05,294.32385,0,1.647072941,15.091945,9.98623,20.19766,1.73,,TRUE
8/21/2021,293.6261,287.47534,299.77686,1.11811836,2.47341725,79544.5,1.67E-05,1270000,0.004583597,-1.98E-05,298.534055,0,2.714402616,20.4761,14.32534,26.62686,1.27,,TRUE
8/22/2021,291.91711,284.36572,299.4685,3.1771242,1.12292636,79498.905,0,1680000,0.37361747,-3.01E-05,296.115235,0,3.369730225,18.76711,11.21572,26.3185,1.68,,TRUE
8/23/2021,293.849235,284.82617,302.8723,1.685004915,2.6926794,79579.75,0,1310000,0.2059876,-1.54E-05,298.93384,0,3.176438873,20.699235,11.67617,29.7223,1.31,,TRUE
8/24/2021,294.35461,285.92065,302.78857,1.86272548,2.0731187,79724.155,0,1560000,0.22448015,-1.41E-05,299.105715,0,2.787035586,21.20461,12.77065,29.63857,1.56,,TRUE
8/25/2021,293.184935,284.61963,301.75024,1.7254811,2.22311735,79958.25,0,1690000,0.045540452,-1.37E-05,299.19959,0,2.814166978,20.034935,11.46963,28.60024,1.69,,TRUE
8/26/2021,293.797235,286.2495,301.34497,2.5942311,0.09079227,80117.5625,0,1680000,0,-2.45E-05,299.215945,0,2.595819377,20.647235,13.0995,28.19497,1.68,,TRUE
8/27/2021,292.92456,284.58667,301.26245,2.13020585,-0.46916103,80041.655,0,1650000,0,-1.87E-05,298.84045,0,2.18125859,19.77456,11.43667,28.11245,1.65,,TRUE
8/28/2021,295.3479,287.9973,302.6985,1.82629498,-1.508962515,79916.7175,0,1630000,0,-1.74E-05,300.10498,0,2.369033817,22.1979,14.8473,29.5485,1.63,,TRUE
8/29/2021,296.90381,290.44458,303.36304,0.219914465,-0.454469925,80069.9375,0,1530000,0,-1.43E-05,301.796265,0,0.504881456,23.75381,17.29458,30.21304,1.53,,TRUE
8/30/2021,296.042475,287.09375,304.9912,2.53858755,0.59786593,79913.47,0,1600000,0.07788831,-1.38E-05,301.824465,0,2.608039574,22.892475,13.94375,31.8412,1.6,,TRUE
8/31/2021,295.86694,287.562,304.17188,2.47992415,0.21700947,79659.97,0,1600000,0.002512246,-1.42E-05,300.877325,0,2.489400912,22.71694,14.412,31.02188,1.6,,TRUE
9/1/2021,295.037965,286.32227,303.75366,2.332901965,-0.0021181,79446.095,0,1500000,0.126472437,-2.21E-05,300.80249,0,2.332902927,21.887965,13.17227,30.60366,1.5,,TRUE
9/2/2021,293.377075,285.21875,301.5354,2.32258365,-0.296956065,79626.9075,0,1480000,0.016881609,-1.50E-05,299.33923,0,2.34149049,20.227075,12.06875,28.3854,1.48,,TRUE
9/3/2021,292.6438,284.66382,300.62378,2.8884561,-1.10441875,79896.0325,0,1560000,0.036492705,-1.37E-05,298.077515,0,3.092397034,19.4938,11.51382,27.47378,1.56,,TRUE
9/4/2021,293.45837,286.94482,299.97192,0.59303218,-0.54543325,80188.875,0,1550000,0,-1.78E-05,299.046875,0,0.805719924,20.30837,13.79482,26.82192,1.55,,TRUE
9/5/2021,295.017085,287.6997,302.33447,0.39023131,-0.21916245,80347.69,0,1520000,0,-2.19E-05,299.646125,0,0.447563018,21.867085,14.5497,29.18447,1.52,,TRUE
9/6/2021,296.601075,288.48242,304.71973,0.775781565,0.428596,80363.2825,0,1510000,8.28E-05,-1.64E-05,301.208985,0,0.886302188,23.451075,15.33242,31.56973,1.51,,TRUE
9/7/2021,298.30701,290.7859,305.82812,0.0021337,-0.1857195,80452.0325,0,1490000,0.190196185,-1.49E-05,301.93872,0,0.185731756,25.15701,17.6359,32.67812,1.49,,TRUE
9/8/2021,297.71045,288.6172,306.8037,-1.071201317,0.88252901,80331.03,0,1460000,0,-1.52E-05,302.25598,0,1.387922806,24.56045,15.4672,33.6537,1.46,,TRUE
9/9/2021,297.79175,289.14624,306.43726,0.65215812,0.702380875,80254.75,3.66E-05,841183.6,0.04116544,-1.15E-05,302.84107,0,0.958461844,24.64175,15.99624,33.28726,0.8411836,,TRUE
9/10/2021,295.761595,290.60034,300.92285,-1.90136245,2.7060161,80157,4.49E-06,1210000,0.787668275,-2.18E-05,300.465215,0,3.307219724,22.611595,17.45034,27.77285,1.21,38.61,FALSE
9/11/2021,293.46656,286.7234,300.20972,1.76731565,1.725798095,80217.5,4.62E-06,1070000,0.276161195,-5.30E-05,298.88623,0,2.470178874,20.31656,13.5734,27.05972,1.07,38.62,FALSE
9/12/2021,292.82702,286.63794,299.0161,1.2954604,-0.219944215,80266.0625,3.59E-05,1080000,0.649049085,-3.08E-05,298.26392,0,1.313998899,19.67702,13.48794,25.8661,1.08,38.61,FALSE
9/13/2021,294.473755,286.55933,302.38818,3.12115145,1.113471285,80033.7175,0,1320000,0.33662143,-1.91E-05,298.37268,0,3.313820254,21.323755,13.40933,29.23818,1.32,38.61,FALSE
9/14/2021,292.970825,285.07153,300.87012,2.1920714,-0.75885769,80076.19,0,1360000,0.031216666,-2.25E-05,297.94788,0,2.319707313,19.820825,11.92153,27.72012,1.36,38.62,FALSE
9/15/2021,293.3042,285.1079,301.5005,1.4365593,-0.3822103,80103.095,0,1340000,0,-3.08E-05,298.421265,0,1.486535346,20.1542,11.9579,28.3505,1.34,38.61,FALSE
9/16/2021,293.69873,284.97754,302.41992,2.36583045,0.457706294,79710.875,0,1160000,0.000457488,-1.39E-05,298.20007,0,2.409698896,20.54873,11.82754,29.26992,1.16,38.62,TRUE
9/17/2021,291.63489,284.22852,299.04126,0.597408445,-0.82046035,79875.875,0,1320000,0.10247633,-2.73E-05,297.27881,0,1.014914793,18.48489,11.07852,25.89126,1.32,38.63,FALSE
9/18/2021,293.9928,287.27344,300.71216,0.7328658,4.30542705,80059.4675,0,1280000,0.016962903,-1.75E-05,297.552,0,4.367355534,20.8428,14.12344,27.56216,1.28,38.62,FALSE
9/19/2021,291.68713,284.36694,299.00732,2.589978185,2.84130095,79706.9075,0,1160000,0,-1.06E-05,295.63318,0,3.844603762,18.53713,11.21694,25.85732,1.16,38.62,FALSE
9/20/2021,283.750985,277.0027,290.49927,2.614906,-2.45198965,80217.7825,0,1270000,0.194070631,-1.59E-05,290.66992,0,3.584687801,10.600985,3.8527,17.34927,1.27,38.65,FALSE
9/21/2021,285.77295,279.36963,292.17627,-0.66425053,-0.6303558,80729.1575,0,1250000,0,-2.17E-05,291.61767,0,0.91573861,12.62295,6.21963,19.02627,1.25,38.65,FALSE
9/22/2021,290.43457,282.72778,298.14136,-0.05914986,1.66992855,80768.6875,0,1220000,0.003664263,-1.36E-05,294.343505,0,1.670975783,17.28457,9.57778,24.99136,1.22,38.63,FALSE
9/23/2021,291.21424,283.2483,299.18018,3.17009685,-0.76991773,80324.125,0,1190000,0,-8.82E-06,295.184815,0,3.262251883,18.06424,10.0983,26.03018,1.19,38.63,FALSE
9/24/2021,289.470085,283.26147,295.6787,0.1389139,-2.41801847,80396.4375,0,1190000,0.137732835,-1.79E-05,293.473635,0,2.422005449,16.320085,10.11147,22.5287,1.19,38.63,FALSE
9/25/2021,290.80762,283.19556,298.41968,-0.40715275,1.3024318,80284.4675,0,1160000,0,-1.27E-05,294.89087,0,1.364588566,17.65762,10.04556,25.26968,1.16,38.62,FALSE
9/26/2021,292.65064,284.26978,301.0315,1.72826475,0.68594323,80070.4675,0,1130000,0,-1.00E-05,296.06494,0,1.859413123,19.50064,11.11978,27.8815,1.13,38.62,FALSE
9/27/2021,292.20215,283.41162,300.99268,1.81389235,0.359270523,79993.6575,0,1040000,0,-1.01E-05,295.98242,0,1.849129732,19.05215,10.26162,27.84268,1.04,38.61,FALSE
9/28/2021,291.821415,283.80225,299.84058,3.750947,0.4268894,79641,0,863995.7,0.07353741,-4.23E-06,295.45886,0,3.775160653,18.671415,10.65225,26.69058,0.8639957,38.62,FALSE
9/29/2021,279.311275,273.4099,285.21265,0.783138215,-2.803059,79916.685,0,1110000,0.3345202,-4.86E-06,285.946535,0,2.910402931,6.161275,0.2599,12.06265,1.11,38.64,FALSE
9/30/2021,281.76319,275.5525,287.97388,0.428934002,-2.12755305,80272.47,0,1100000,0,-1.17E-05,287.28601,0,2.170360882,8.61319,2.4025,14.82388,1.1,38.64,FALSE
10/1/2021,285.043945,278.44287,291.64502,-0.524249115,-0.9934177,80309.56,0,1020000,0.006385731,-5.92E-06,288.529905,0,1.123261261,11.893945,5.29287,18.49502,1.02,38.64,FALSE
10/2/2021,286.560665,279.3894,293.73193,-0.2073535,-0.2937975,80361.375,0,1040000,0.068291695,-2.72E-05,290.4956,0,0.359600396,13.410665,6.2394,20.58193,1.04,38.64,FALSE
10/3/2021,289.27783,282.38574,296.16992,0.8821633,0.03923465,80404.4075,0,1030000,0,-2.84E-05,291.47461,0,0.883035359,16.12783,9.23574,23.01992,1.03,38.64,FALSE
10/4/2021,288.634765,280.74756,296.52197,0.35101567,1.093067285,80249.125,0,679252.1,0.2698784,-1.39E-05,291.889525,0,1.148045335,15.484765,7.59756,23.37197,0.6792521,38.63,FALSE
10/5/2021,288.78772,280.771,296.80444,-0.269940075,3.1580553,80074.2175,1.85E-05,716438.94,0.537032815,-1.08E-05,291.83752,0,3.169571094,15.63772,7.621,23.65444,0.71643894,38.63,FALSE
10/6/2021,288.451665,282.25073,294.6526,1.23389145,2.43410925,79842.25,2.33E-05,563710.5,0.70540725,-2.05E-05,291.884645,0,2.728988082,15.301665,9.10073,21.5026,0.5637105,38.63,FALSE
10/7/2021,286.880375,281.37305,292.3877,1.1176024,0.293023,79860.75,5.63E-05,445691.94,0.44848912,-3.82E-05,290.99683,0,1.155377688,13.730375,8.22305,19.2377,0.44569194,38.63,FALSE
10/8/2021,286.387695,282.55444,290.22095,-0.169410885,2.53028965,79669.655,0.000189159,518432.5,0.257021845,-8.61E-05,288.46631,0,2.535954605,13.237695,9.40444,17.07095,0.5184325,38.62,FALSE
10/9/2021,277.357675,274.5381,280.17725,2.9948468,-0.758468965,79750.78,0,599274.1,0.37013,-8.83E-05,283.66028,0,3.089398408,4.207675,1.3881,7.02725,0.5992741,38.65,FALSE
10/10/2021,277.998655,272.69116,283.30615,1.73574495,-2.21991431,80252.155,0,877424.8,0.4066163,-9.53E-05,281.59045,0,2.817947848,4.848655,-0.45884,10.15615,0.8774248,38.63,FALSE
10/11/2021,282.684935,277.73535,287.63452,2.8196736,-1.02927141,79449.0325,0.0001302,322877,0.45404613,-4.22E-05,284.4004,7.82E-05,3.001659349,9.534935,4.58535,14.48452,0.322877,38.59,FALSE
10/12/2021,271.55982,270.10474,273.0149,2.2276821,-5.8936865,79036.905,7.44E-05,656510.6,0.95268738,-4.58E-05,278.933465,7.47E-05,6.300643467,-1.59018,-3.04526,-0.1351,0.6565106,38.63,FALSE
10/13/2021,272.865845,268.63867,277.09302,2.4941035,-0.70053245,79597.905,0,617391.4,0.360198059,-3.63E-05,278.452515,0,2.590617298,-0.284155,-4.51133,3.94302,0.6173914,38.64,FALSE
10/14/2021,276.934815,272.30127,281.56836,2.04805945,-0.727223705,79728.03,6.38E-07,706367.1,0.6566888,-5.23E-05,280.60095,7.25E-07,2.173338866,3.784815,-0.84873,8.41836,0.7063671,38.66,FALSE
10/15/2021,275.126345,268.91626,281.33643,0.74118654,-0.9657116,80489.78,0,733700.94,0,-6.81E-05,279.45642,0,1.217356308,1.976345,-4.23374,8.18643,0.73370094,38.67,FALSE
10/16/2021,280.01721,270.99878,289.03564,-0.462792605,1.01774243,80622.4075,0,755481.9,0,-9.31E-05,281.576785,0,1.118023546,6.86721,-2.15122,15.88564,0.7554819,38.65,FALSE
10/17/2021,284.844365,277.3982,292.29053,-1.7527261,2.71285965,80023.3125,0,505955.88,0.011033205,-6.53E-05,282.939085,0,3.229807465,11.694365,4.2482,19.14053,0.50595588,38.61,FALSE
10/18/2021,285.746215,280.24585,291.24658,1.292260065,3.28572135,79027.125,0.0001673,338519.12,0.745728725,-2.93E-05,284.559575,5.55E-05,3.530708267,12.596215,7.09585,18.09658,0.33851912,38.61,FALSE
10/19/2021,275.166135,273.78662,276.54565,3.20829055,-1.130680177,79525.815,0,667392.2,0.69532395,-4.52E-05,279.099115,0,3.401700445,2.016135,0.63662,3.39565,0.6673922,38.65,FALSE
10/20/2021,281.825075,277.73755,285.9126,-1.238283735,2.79862595,79825.03,0,318902.62,0.604767445,-5.54E-05,282.609985,0,3.060335573,8.675075,4.58755,12.7626,0.31890262,38.66,FALSE
10/21/2021,283.20666,277.6411,288.77222,-0.61936385,2.15839485,80259.3425,0,646822.2,0.510118714,-6.55E-05,282.70349,0,2.24550215,10.05666,4.4911,15.62222,0.6468222,38.66,FALSE
10/22/2021,286.33399,280.4712,292.19678,-0.41118937,2.27648925,80068.4675,0,421315.62,0.14118085,-2.59E-05,285.036,0,2.31332661,13.18399,7.3212,19.04678,0.42131562,38.62,FALSE
10/23/2021,283.704955,278.56787,288.84204,2.6894631,-0.40303548,79329.565,0.000822256,369067.06,0.76478368,-5.29E-05,285.205815,7.17E-06,2.719494321,10.554955,5.41787,15.69204,0.36906706,38.62,FALSE
10/24/2021,281.119505,279.49365,282.74536,1.7927653,0.641426085,79270.1575,5.23E-06,564525.75,0.770778475,-9.97E-05,282.469475,0,1.904057469,7.969505,6.34365,9.59536,0.56452575,38.61,FALSE
10/25/2021,285.599125,282.938,288.26025,-0.52989048,6.12194975,78651.065,0.000998133,31144.008,0.97514805,-1.40E-05,284.570185,0.000845278,6.144839515,12.449125,9.788,15.11025,0.031144008,38.6,FALSE
10/26/2021,273.314455,272.66504,273.96387,1.6932979,0.44476798,79268.22,3.16E-06,164357.5,0.96794477,-4.21E-06,281.95105,3.07E-06,1.750735941,0.164455,-0.48496,0.81387,0.1643575,38.65,FALSE
10/27/2021,274.173835,271.4983,276.84937,1.6469145,0.63924545,80271.905,1.83E-07,251228.19,0.75800185,-2.03E-05,281.488525,0,1.766624498,1.023835,-1.6517,3.69937,0.25122819,38.67,FALSE
10/28/2021,277.68139,273.4099,281.95288,1.65049605,-0.16962225,80775.1575,0,438254.94,0.63011974,-2.92E-05,280.572385,2.28E-08,1.659189235,4.53139,0.2599,8.80288,0.43825494,38.67,FALSE
10/29/2021,280.069215,274.76636,285.37207,-0.9720697,0.850497405,80462.345,6.44E-06,501071,0.5,-4.17E-05,281.500615,1.40E-06,1.291613463,6.919215,1.61636,12.22207,0.501071,38.64,FALSE
10/30/2021,284.02075,277.364,290.6775,-0.164013223,1.177003415,79892.375,0,371126.56,0.469580559,-4.89E-05,282.345215,0,1.188375941,10.87075,4.214,17.5275,0.37112656,38.63,FALSE
10/31/2021,283.991335,279.1106,288.87207,-0.31994205,1.6538072,79646.435,2.45E-05,477539.62,0.798318975,-8.34E-05,282.748535,0,1.68447059,10.841335,5.9606,15.72207,0.47753962,38.64,FALSE
11/1/2021,283.394895,278.42236,288.36743,1.00638165,0.46905573,79769.5,0.000218823,153650.19,0.626840355,-4.14E-05,282.341065,0,1.110323063,10.244895,5.27236,15.21743,0.15365019,38.65,FALSE
11/2/2021,281.60059,277.8877,285.31348,0.96075513,1.073086815,80135.125,0,372978.5,0.90111845,-6.39E-05,281.43774,0,1.440335285,8.45059,4.7377,12.16348,0.3729785,38.67,FALSE
11/3/2021,280.027955,274.04175,286.01416,0.61941485,0.0907445,80498.655,0,511871.44,0.20021239,-6.46E-05,280.92493,0,0.626026613,6.877955,0.89175,12.86416,0.51187144,38.67,FALSE
11/4/2021,282.498785,276.3025,288.69507,-1.045471175,1.72947635,80186.75,0,508405.25,0.009021744,-8.05E-05,281.624515,0,2.020915244,9.348785,3.1525,15.54507,0.50840525,38.65,FALSE
11/5/2021,281.080445,272.85693,289.30396,1.430818385,1.24586386,80043.7175,0,409995.5,0.029280027,-7.13E-05,280.7406,0,1.897213222,7.930445,-0.29307,16.15396,0.4099955,38.65,FALSE
11/6/2021,283.13379,278.12744,288.14014,-0.611893145,2.54173085,79846.4675,0,409653.94,0.8950081,-7.42E-05,280.84863,0,2.614346751,9.98379,4.97744,14.99014,0.40965394,38.65,FALSE
11/7/2021,282.337525,278.42993,286.24512,0.79240389,-0.920502665,79731.6875,0.000535875,266007.06,0.7649064,-5.82E-05,282.02722,4.81E-05,1.214590088,9.187525,5.27993,13.09512,0.26600706,38.66,FALSE
11/8/2021,275.395515,270.6006,280.19043,-0.121675935,-0.841508435,79913.185,0,415320.5,0.88779685,-4.68E-05,278.66003,0,0.850259654,2.245515,-2.5494,7.04043,0.4153205,38.66,FALSE
11/9/2021,282.15967,280.51587,283.80347,0.05142535,1.42685774,79837.5325,0.000271949,342797.5,0.58069217,-8.62E-05,280.64099,0,1.427784149,9.00967,7.36587,10.65347,0.3427975,38.66,FALSE
11/10/2021,278.358155,274.51587,282.20044,3.0368886,0.18920684,80200.1575,0,237718.44,0.3707087,-5.59E-05,279.16516,0,3.042776955,5.208155,1.36587,9.05044,0.23771844,38.69,FALSE
11/11/2021,277.684565,273.5664,281.80273,2.3389735,-0.26617575,80626.2825,0,355781.25,0.442955675,-4.83E-05,278.496585,0,2.354070212,4.534565,0.4164,8.65273,0.35578125,38.69,FALSE
11/12/2021,279.584595,273.53516,285.63403,0.847882025,-0.1943078,80821.6875,0,423304.56,0.081711175,-3.04E-05,279.1665,0,0.869861742,6.434595,0.38516,12.48403,0.42330456,38.69,FALSE
11/13/2021,280.7749,273.30957,288.24023,0.1568883,0.9083811,80704.1875,0,413214,0.48636905,-3.85E-05,279.977175,0,0.92182979,7.6249,0.15957,15.09023,0.413214,38.68,FALSE
11/14/2021,280.542115,273.49927,287.58496,0.63815798,0.7315011,80690.655,0,387648.12,0.76691575,-2.06E-05,280.0282,0,0.97074171,7.392115,0.34927,14.43496,0.38764812,38.68,FALSE
11/15/2021,283.001585,274.91235,291.09082,0.016725203,1.16893767,80517.7175,0,292660.75,0.9069352,-2.72E-05,280.91296,0,1.169057316,9.851585,1.76235,17.94082,0.29266075,38.66,FALSE
11/16/2021,284.38867,282.0393,286.73804,2.36789577,0.723241325,80028,1.77E-06,346307.88,1,-8.02E-05,281.717285,0,2.475885375,11.23867,8.8893,13.58804,0.34630788,38.66,FALSE
11/17/2021,276.19958,269.85156,282.5476,0.91673644,-1.9631157,80102.7175,0,400708.75,0.134813102,-4.06E-05,278.336665,0,2.166616937,3.04958,-3.29844,9.3976,0.40070875,38.68,FALSE
11/18/2021,273.596805,268.15967,279.03394,-1.36645935,1.23627188,80225.25,0,142628.38,0.605783975,-1.47E-05,276.51172,0,1.842709775,0.446805,-4.99033,5.88394,0.14262838,38.67,FALSE
11/19/2021,279.22571,276.04175,282.40967,0.05102238,2.0399804,80011.7825,1.25E-05,248831.62,0.519359978,-3.73E-05,277.3584,0,2.040618366,6.07571,2.89175,9.25967,0.24883162,38.67,FALSE
11/20/2021,278.56848,273.93408,283.20288,1.67244005,-1.20725798,80092.28,1.13E-05,372394.2,0.603833135,-3.51E-05,278.85107,0,2.062650613,5.41848,0.78408,10.05288,0.3723942,38.69,FALSE
11/21/2021,273.94202,268.82227,279.06177,-0.281603465,-1.52735547,80733.935,0,374845.94,0,-2.55E-05,276.31641,0,1.553098594,0.79202,-4.32773,5.91177,0.37484594,38.7,FALSE
11/22/2021,272.75,265.14722,280.35278,-0.9822982,1.14803935,80803.03,0,380418.62,0,-1.49E-05,275.613525,0,1.510928226,-0.4,-8.00278,7.20278,0.38041862,38.67,FALSE
11/23/2021,276.508665,269.19653,283.8208,-0.18580052,2.23340985,79917.3125,0,332750.44,0.000914977,-3.33E-05,275.646615,0,2.241125028,3.358665,-3.95347,10.6708,0.33275044,38.65,FALSE
11/24/2021,273.31067,266.9397,279.68164,2.640532,-1.84703735,79894.875,0,357840.94,0.048525095,-2.20E-05,274.98279,0,3.222414656,0.16067,-6.2103,6.53164,0.35784094,38.7,FALSE
11/25/2021,268.808835,262.79785,274.81982,-0.3987727,-0.517196325,80926.875,0,337046.44,0,-1.29E-05,271.730835,0,0.653078636,-4.341165,-10.35215,1.66982,0.33704644,38.7,FALSE
11/26/2021,274.77893,269.54004,280.01782,-0.622660175,1.083176585,80814.5,0,330997.38,0.9139912,-1.54E-05,274.538695,0,1.249390735,1.62893,-3.60996,6.86782,0.33099738,38.67,FALSE
11/27/2021,276.80249,270.3313,283.27368,0.22295466,0.06636095,80376.25,0,323746.12,0.10268724,-1.39E-05,276.140255,0,0.232621057,3.65249,-2.8187,10.12368,0.32374612,38.68,FALSE
11/28/2021,277.15967,269.93506,284.38428,-0.43867001,0.0644922,80618.1575,0,321056.75,0.14658955,-8.78E-06,277.412355,0,0.44338541,4.00967,-3.21494,11.23428,0.32105675,38.69,FALSE
11/29/2021,279.429075,271.15625,287.7019,0.021794125,0.3643594,80630.5,0,318297.06,0,-1.90E-05,278.311155,0,0.365010625,6.279075,-1.99375,14.5519,0.31829706,38.68,FALSE
11/30/2021,279.592165,273.0376,286.14673,0.515397195,-0.628126435,80578.5,0,325231.88,0,-1.27E-05,278.29041,0,0.812512823,6.442165,-0.1124,12.99673,0.32523188,38.69,FALSE
12/1/2021,277.61999,271.71338,283.5266,-0.031638025,-0.39060863,80783.905,0,307547.75,0.00016121,-1.40E-05,277.423705,0,0.391887824,4.46999,-1.43662,10.3766,0.30754775,38.69,FALSE
12/2/2021,276.530765,268.73438,284.32715,-0.29946493,0.3545783,80553.655,0,322416.2,0.43894225,-1.26E-05,277.625,0,0.464117458,3.380765,-4.41562,11.17715,0.3224162,38.68,FALSE
12/3/2021,278.94897,272.94482,284.95312,0.26068702,-0.26424037,80284.7175,0,315124.44,0.056716526,-1.54E-05,277.368165,0,0.371188221,5.79897,-0.20518,11.80312,0.31512444,38.68,FALSE
12/4/2021,276.11108,268.61426,283.6079,-0.143005185,0.4581003,80220.875,0,317081.88,0,-1.18E-05,277.07702,0,0.479902457,2.96108,-4.53574,10.4579,0.31708188,38.69,FALSE
12/5/2021,277.5238,269.5874,285.4602,1.5914588,0.179293215,80354.75,0,304906.38,0.096039265,-2.07E-05,277.017585,0,1.601526512,4.3738,-3.5626,12.3102,0.30490638,38.69,FALSE
12/6/2021,275.490845,268.23975,282.74194,1.5763445,0.152184,80334.1875,1.77E-06,106555.69,0.624755475,-5.42E-06,276.00134,0,1.583673562,2.340845,-4.91025,9.59194,0.10655569,38.67,FALSE
12/7/2021,275.44312,272.80054,278.0857,0.99184855,1.141569325,79685.125,1.86E-06,268922.44,0.95565145,-6.38E-06,275.6178,2.23E-06,1.51226455,2.29312,-0.34946,4.9357,0.26892244,38.67,FALSE
12/8/2021,273.96143,267.7129,280.20996,0.485115046,1.388031625,79718.685,1.95E-06,120620.125,0,-3.44E-06,276.41065,0,1.470363356,0.81143,-5.4371,7.05996,0.120620125,38.66,FALSE
12/9/2021,277.446045,274.79907,280.09302,2.6172938,-0.16942957,79079.53,0.00102148,92853.19,0.9994597,-9.43E-06,277.32165,0.000998537,2.622772048,4.296045,1.64907,6.94302,0.09285319,38.65,FALSE
12/10/2021,267.679325,263.62012,271.73853,2.4247971,-1.353271285,79216.345,0,160910.25,0.62428659,1.82E-06,273.919675,4.57E-08,2.776865886,-5.470675,-9.52988,-1.41147,0.16091025,38.7,FALSE
12/11/2021,264.64331,261.34497,267.94165,0.24762055,1.57353175,80028.06,0,114228.69,0.045751645,-7.83E-06,271.454345,0,1.592896138,-8.50669,-11.80503,-5.20835,0.11422869,38.69,FALSE
12/12/2021,271.24292,271.09937,271.38647,-0.49398588,2.8979802,79524.5,0,148671.75,0.482857035,-1.85E-05,273.093015,0,2.939780823,-1.90708,-2.05063,-1.76353,0.14867175,38.67,FALSE
12/13/2021,272.94604,271.4829,274.40918,-1.2868757,2.6920667,79179.72,3.00E-05,164298.38,0.423118765,-3.43E-05,274.806395,2.99E-05,2.983835147,-0.20396,-1.6671,1.25918,0.16429838,38.66,FALSE
12/14/2021,274.733885,273.8999,275.56787,-2.4412198,6.41145375,78710.845,0.001069753,28452.566,0.464599497,-2.65E-05,275.027835,0.001070121,6.860487833,1.583885,0.7499,2.41787,0.028452566,38.64,FALSE
12/15/2021,265.57861,261.9414,269.21582,1.76405525,0.24092853,78928.22,0,76324.69,0.717659115,1.90E-06,274.8761,3.24E-07,1.780431824,-7.57139,-11.2086,-3.93418,0.07632469,38.69,FALSE
12/16/2021,264.304685,264.06787,264.5415,-1.09166,2.65285255,79400.405,0.000430487,63754.77,0.580853195,8.70E-07,274.054685,0.000430601,2.868684055,-8.845315,-9.08213,-8.6085,0.06375477,38.68,FALSE
12/17/2021,264.45337,260.67236,268.23438,1.5188794,0.9310632,79700.185,1.51E-05,55165.64,0.6885816,2.48E-06,274.2301,1.53E-05,1.781536784,-8.69663,-12.47764,-4.91562,0.05516564,38.71,FALSE
12/18/2021,262.00781,257.40356,266.61206,-0.25090095,0.76186947,80324.815,9.78E-07,73391.19,0.86988465,1.77E-06,274.26868,1.01E-06,0.802119926,-11.14219,-15.74644,-6.53794,0.07339119,38.7,FALSE
12/19/2021,265.520015,263.4248,267.61523,-0.727635625,2.0595169,79997.3125,0,83184.06,0.888199825,-3.17E-06,273.924315,0,2.184276417,-7.629985,-9.7252,-5.53477,0.08318406,38.69,FALSE
12/20/2021,264.83093,261.29858,268.36328,-0.784160375,2.4335885,79867.0625,0,68337.06,0.395801665,1.50E-08,273.65527,0,2.556806696,-8.31907,-11.85142,-4.78672,0.06833706,38.7,FALSE
12/21/2021,267.317135,266.82275,267.81152,-0.812955675,1.99633165,80082.4375,0,94099.5,0.4987289,2.11E-07,273.498285,0,2.155513161,-5.832865,-6.32725,-5.33848,0.0940995,38.7,FALSE
12/22/2021,266.926025,264.38892,269.46313,-0.579332445,1.9997406,79845.625,0,84257.31,0.223851726,-3.31E-06,273.366825,0,2.081967471,-6.223975,-8.76108,-3.68687,0.08425731,38.68,FALSE
12/23/2021,271.17456,269.71265,272.63647,-1.278121,2.7804813,79269.1575,0.001625449,27423.648,0.075898195,7.89E-06,273.621215,0.001611857,3.060174758,-1.97544,-3.43735,-0.51353,0.027423648,38.65,FALSE
12/24/2021,272.51062,270.96362,274.05762,0.925061385,1.58228085,78563.72,1.12E-05,84842,0.67834285,1.01E-05,274.526375,1.09E-05,1.83285331,-0.63938,-2.18638,0.90762,0.084842,38.64,FALSE
12/25/2021,270.089965,265.3457,274.83423,2.814538,3.6260009,78640.845,3.78E-06,67168.19,0.253423022,3.40E-07,274.907715,3.94E-06,4.590153231,-3.060035,-7.8043,1.68423,0.06716819,38.66,FALSE
12/26/2021,271.162835,269.19287,273.1328,2.854138063,3.10507647,78365.405,0.00043544,65696.25,0.545410455,-1.62E-05,274.95691,0.000433835,4.217535295,-1.987165,-3.95713,-0.0172,0.06569625,38.66,FALSE
12/27/2021,265.942505,265.03125,266.85376,2.95799685,3.33600375,78737.5,0.000135093,66656.31,0.90379105,2.12E-06,274.838745,0.000134847,4.458549807,-7.207495,-8.11875,-6.29624,0.06665631,38.65,FALSE
12/28/2021,266.697635,264.9004,268.49487,2.35784675,0.90446815,78368.75,0.000197389,73317.875,0.7539521,1.27E-06,274.789795,0.000197398,2.525372038,-6.452365,-8.2496,-4.65513,0.073317875,38.67,FALSE
12/29/2021,264.89282,262.84448,266.94116,0.69176539,1.577923155,78535.53,0.000290186,49753.984,0.9962023,-7.10E-07,274.93567,0.000290245,1.722898963,-8.25718,-10.30552,-6.20884,0.049753984,38.68,FALSE
12/30/2021,267.712525,266.36963,269.05542,1.1808629,2.96346665,78757,0.000154216,31290.45,0.813778835,3.89E-06,275.051395,0.000154283,3.190073945,-5.437475,-6.78037,-4.09458,0.03129045,38.68,FALSE
12/31/2021,270.21595,268.0149,272.417,1.8201604,1.6788389,78577.9375,0.000230727,77084.06,0.99236245,3.26E-06,275.25586,0.000229753,2.47618334,-2.93405,-5.1351,-0.733,0.07708406,38.68,FALSE
1/1/2022,262.611695,258.68872,266.53467,1.84986685,-2.10351375,78975.375,2.01E-05,70873.81,0.65716931,4.63E-06,275.21289,2.01E-05,2.801209999,-10.538305,-14.46128,-6.61533,0.07087381,38.74,FALSE
1/2/2022,255.88113,253.72906,258.0332,-0.926650415,1.3027639,80179.4375,0,105235.81,0.58426392,9.40E-08,274.83081,2.08E-07,1.598710346,-17.26887,-19.42094,-15.1168,0.10523581,38.72,FALSE
1/3/2022,263.898195,262.00513,265.79126,-0.96207225,2.5945878,79938.9375,0,76391.875,0.46132815,-2.47E-06,274.517825,0,2.767213195,-9.251805,-11.14487,-7.35874,0.076391875,38.69,FALSE
1/4/2022,268.28858,267.71216,268.865,0.901726075,3.39700315,79606.0325,7.55E-06,67795,0.86721188,2.19E-06,274.483765,7.74E-06,3.514646542,-4.86142,-5.43784,-4.285,0.067795,38.71,FALSE
1/5/2022,275.00708,274.00708,276.00708,2.6652861,1.51829625,79978.28,1.93E-05,111853.69,0.702676385,2.31E-06,274.8739,6.43E-06,3.06740501,1.85708,0.85708,2.85708,0.11185369,38.71,FALSE
1/6/2022,274.283935,271.24097,277.3269,2.1352224,1.054979255,80009.7175,0,114200.25,0.093661338,7.05E-06,275.5089,0,2.381628839,1.133935,-1.90903,4.1769,0.11420025,38.7,FALSE
1/7/2022,271.83545,270.46533,273.20557,0.245189175,2.88972615,79352.1875,4.70E-06,94969.81,0.27401328,1.54E-06,275.603875,2.27E-07,2.900109473,-1.31455,-2.68467,0.05557,0.09496981,38.68,FALSE
1/8/2022,273.80383,270.8291,276.77856,1.6452222,0.760373325,79198.2825,2.71E-06,124072.69,0.581101935,4.08E-06,275.46533,2.54E-06,1.812435842,0.65383,-2.3209,3.62856,0.12407269,38.73,FALSE
1/9/2022,265.88843,260.55298,271.22388,-0.267981055,0.5508995,80366.9675,2.81E-06,74392.19,0.57081926,7.30E-06,275.21948,2.64E-06,0.612620686,-7.26157,-12.59702,-1.92612,0.07439219,38.75,FALSE
1/10/2022,262.32849,258.87793,265.77905,-1.21065965,1.3092187,80986.8425,1.16E-06,150456.12,0.612333865,3.42E-06,274.829345,1.25E-06,1.783185462,-10.82151,-14.27207,-7.37095,0.15045612,38.74,FALSE
1/11/2022,268.06214,264.2444,271.87988,-0.011336785,1.10856395,80929.5,0,156935.19,0.5,-1.46E-07,274.42944,0,1.108621917,-5.08786,-8.9056,-1.27012,0.15693519,38.74,FALSE
1/12/2022,270.193365,266.35693,274.0298,0.34489894,1.175184175,80934.315,0,196799.5,0.9900916,5.78E-07,274.20996,0,1.224750229,-2.956635,-6.79307,0.8798,0.1967995,38.73,FALSE
1/13/2022,274.168215,271.625,276.71143,-1.00701947,1.4495189,80703.5,0,213048.5,0.4972001,-5.90E-07,274.36462,0,1.764991007,1.018215,-1.525,3.56143,0.2130485,38.71,FALSE
1/14/2022,273.292975,270.39575,276.1902,1.2204075,0.350830435,80355.905,0,217007.31,0.505950465,3.38E-06,274.506585,1.98E-08,1.269833241,0.142975,-2.75425,3.0402,0.21700731,38.74,FALSE
1/15/2022,269.28186,263.87207,274.69165,-0.44932793,0.2406497,80872.405,1.80E-06,241217,0.56442672,5.75E-06,274.43225,1.81E-06,0.509713514,-3.86814,-9.27793,1.54165,0.241217,38.73,FALSE
1/16/2022,268.301025,264.08765,272.5144,-0.859005235,1.20137665,80436.7175,0,252220.56,0.35418767,7.13E-07,274.0979,7.97E-08,1.476887216,-4.848975,-9.06235,-0.6356,0.25222056,38.71,FALSE
1/17/2022,268.08386,263.10498,273.06274,-0.53680662,1.20002155,79985.25,0,177694.94,0.426445455,-6.19E-07,273.51343,0,1.314615179,-5.06614,-10.04502,-0.08726,0.17769494,38.7,FALSE
1/18/2022,268.78259,263.58008,273.9851,0.9509017,1.25764895,79684.03,0,193472.62,0.80762627,-2.71E-06,273.310665,0,1.576672104,-4.36741,-9.56992,0.8351,0.19347262,38.71,FALSE
1/19/2022,269.38318,264.68726,274.0791,1.21488855,0.2260028,79971.7825,0,270198.62,0.528493225,-1.35E-06,273.43786,1.05E-07,1.235731142,-3.76682,-8.46274,0.9291,0.27019862,38.73,FALSE
1/20/2022,267.02588,261.1145,272.93726,1.07908435,-0.2699523,80571.0925,1.11E-06,241210.62,0.50904981,-4.85E-06,273.477415,1.07E-06,1.112338653,-6.12412,-12.0355,-0.21274,0.24121062,38.73,FALSE
1/21/2022,270.500975,268.81055,272.1914,1.0542567,0.33654415,80217.75,0.000186568,242144.5,0.642419685,-1.36E-05,273.59582,0.000163798,1.106670301,-2.649025,-4.33945,-0.9586,0.2421445,38.72,FALSE
1/22/2022,267.436885,262.5515,272.32227,0.87885565,-2.01730395,80427.5925,3.16E-06,259384.44,0.57397926,-5.75E-06,273.63806,3.25E-06,2.200432339,-5.713115,-10.5985,-0.82773,0.25938444,38.74,FALSE
1/23/2022,265.7135,261.46338,269.96362,0.058266225,-0.79319594,80544.47,0,244518.31,0.26136356,-7.10E-06,273.38965,3.18E-07,0.795333108,-7.4365,-11.68662,-3.18638,0.24451831,38.73,FALSE
1/24/2022,265.93274,260.89844,270.96704,1.1684312,0.739131085,80368.875,3.19E-07,312963.38,0.7364848,-2.29E-06,273.26245,2.45E-07,1.382586789,-7.21726,-12.25156,-2.18296,0.31296338,38.71,FALSE
1/25/2022,269.09448,264.56396,273.625,1.702477,-1.71436514,79871.875,0,323378.06,0.307586538,-1.60E-06,273.284425,3.98E-08,2.416086871,-4.05552,-8.58604,0.475,0.32337806,38.73,FALSE
1/26/2022,262.779915,255.0215,270.53833,0.334790375,0.0838966,80183.72,4.16E-06,317548.88,0.414360353,-3.25E-06,273.015135,4.13E-06,0.34514234,-10.370085,-18.1285,-2.61167,0.31754888,38.73,FALSE
1/27/2022,262.86841,256.61792,269.1189,0.064384,0.455705895,80310.9375,0,359876.75,0.208143639,-7.94E-06,272.66638,1.79E-07,0.46023164,-10.28159,-16.53208,-4.0311,0.35987675,38.75,FALSE
1/28/2022,265.56677,260.03247,271.10107,-0.95777355,0.49418575,80885.8125,0,386167.56,0.007678339,-5.95E-06,272.796385,0,1.077752165,-7.58323,-13.11753,-2.04893,0.38616756,38.75,FALSE
1/29/2022,264.389885,256.89917,271.8806,-1.106787935,1.358786665,80676.905,0,403386.8,0.4112534,-2.95E-06,272.41773,4.57E-08,1.752506985,-8.760115,-16.25083,-1.2694,0.4033868,38.72,FALSE
1/30/2022,266.58362,257.3545,275.81274,-0.007364965,1.06713963,80215.595,0,419835.25,0.025945425,-6.19E-06,272.146975,2.28E-08,1.067165045,-6.56638,-15.7955,2.66274,0.41983525,38.72,FALSE
1/31/2022,269.5033,264.4004,274.6062,1.0510869,1.4428539,80030.72,0,398665.94,0.187865992,-2.66E-05,272.313355,0,1.785108133,-3.6467,-8.7496,1.4562,0.39866594,38.71,FALSE
2/1/2022,268.3822,261.3252,275.4392,1.6486411,-1.8338885,79709.7825,1.62E-06,423823.44,0.349061794,-2.81E-05,272.5509,1.58E-06,2.466001725,-4.7678,-11.8248,2.2892,0.42382344,38.71,FALSE
2/2/2022,263.710205,258.78394,268.63647,1.9657369,-2.736938,79583.47,2.22E-05,333838.12,0.169749975,-3.29E-05,272.183475,2.23E-05,3.369710845,-9.439795,-14.36606,-4.51353,0.33383812,38.73,FALSE
2/3/2022,262.97424,257.7954,268.15308,1.90367885,-1.49401675,79989.28,4.77E-07,449009,0.239649112,-2.90E-05,271.7318,5.85E-07,2.419933721,-10.17576,-15.3546,-4.99692,0.449009,38.75,FALSE
2/4/2022,266.21801,260.50732,271.9287,0.228138432,-0.579175425,80714.625,1.46E-06,300787.25,0.102946905,-2.31E-05,271.59411,1.22E-06,0.622488005,-6.93199,-12.64268,-1.2213,0.30078725,38.76,FALSE
2/5/2022,267.82349,264.11108,271.5359,0.1777284,1.0677399,80778.3425,0,490598.2,0.498707043,-2.82E-05,271.9021,0,1.082430542,-5.32651,-9.03892,-1.6141,0.4905982,38.75,FALSE
2/6/2022,270.46216,265.12622,275.7981,1.3466897,-0.628769585,80727.0925,0,493323.3,0.005522295,-2.49E-05,272.140505,0,1.486245047,-2.68784,-8.02378,2.6481,0.4933233,38.76,FALSE
2/7/2022,269.10058,262.91406,275.2871,0.16762373,0.1738453,80877.345,0,500003.2,0.000692974,-2.16E-06,272.01843,0,0.241495141,-4.04942,-10.23594,2.1371,0.5000032,38.75,FALSE
2/8/2022,270.611085,263.31177,277.9104,0.79843085,0.46558237,80788.5625,0,525291.4,0.186328115,-1.80E-06,271.78504,0,0.9242612,-2.538915,-9.83823,4.7604,0.5252914,38.76,FALSE
2/9/2022,270.98169,264.7937,277.16968,1.29788875,-0.124503025,80869.845,0,507486.75,0.036069423,-9.23E-06,271.49549,0,1.303846698,-2.16831,-8.3563,4.01968,0.50748675,38.75,FALSE
2/10/2022,272.84314,268.28394,277.40234,1.41798305,-1.082531865,80814.7175,1.83E-07,364634.38,0.011164062,8.10E-07,271.644895,3.21E-07,1.783970619,-0.30686,-4.86606,4.25234,0.36463438,38.75,FALSE
2/11/2022,270.79407,266.2793,275.30884,1.22103975,0.56744268,80576.44,8.42E-07,519194.12,0.56522307,-4.79E-06,272.292115,9.76E-07,1.346450618,-2.35593,-6.8707,2.15884,0.51919412,38.75,FALSE
2/12/2022,269.911865,262.57788,277.24585,0.29268396,0.355570185,80599.8425,5.01E-07,747961.5,0.792050765,-3.16E-05,273.05835,5.44E-07,0.460536705,-3.238135,-10.57212,4.09585,0.7479615,38.75,FALSE
2/13/2022,274.95422,266.84814,283.0603,-0.42732301,1.156719845,80640.375,0,808672.3,0.041364454,-5.86E-05,273.37073,0,1.233128442,1.80422,-6.30186,9.9103,0.8086723,38.75,FALSE
2/14/2022,277.246215,270.04736,284.44507,0.95285447,1.137090435,80386.1575,0,873527.75,0.4995425,-0.000102274,274.338625,0,1.483545179,4.096215,-3.10264,11.29507,0.87352775,38.71,FALSE
2/15/2022,279.80835,274.86206,284.75464,1.58304405,0.31742,79021.3425,7.06E-05,480863.8,0.3675079,-7.21E-05,275.67248,4.34E-05,1.614553784,6.65835,1.71206,11.60464,0.4808638,38.7,FALSE
2/16/2022,270.46582,267.37646,273.55518,1.1186346,-2.88609557,79238.9075,8.31E-05,591429.6,0.63295525,-7.81E-05,272.84131,8.31E-05,3.09530144,-2.68418,-5.77354,0.40518,0.5914296,38.74,FALSE
2/17/2022,269.688965,266.22363,273.1543,1.8890886,-3.29903745,80085.8125,4.77E-07,768903.44,0.35058507,-6.68E-05,272.35729,4.76E-07,3.801618581,-3.461035,-6.92637,0.0043,0.76890344,38.77,FALSE
2/18/2022,270.438725,265.3003,275.57715,1.3639884,-0.357801,80550.2825,0,858310.3,0.000914977,-7.50E-05,272.58826,0,1.410136841,-2.711275,-7.8497,2.42715,0.8583103,38.77,FALSE
2/19/2022,273.11304,265.80762,280.41846,-0.243788245,-0.3372207,80503.72,0,946464.8,0,-0.000101009,273.31091,0,0.416113577,-0.03696,-7.34238,7.26846,0.9464648,38.74,FALSE
2/20/2022,276.37476,268.9856,283.76392,1.50872375,1.71737515,79768.53,0,806332.2,0,-0.000119393,274.395995,0,2.285962546,3.22476,-4.1644,10.61392,0.8063322,38.71,FALSE
2/21/2022,275.58923,269.34692,281.83154,1.75927719,0.15525675,78829.7175,0.000729789,704732.6,0.85630205,-7.54E-05,274.49671,0.000729715,1.766114631,2.43923,-3.80308,8.68154,0.7047326,38.7,FALSE
2/22/2022,267.904175,265.29932,270.50903,2.17752235,0.5447221,78600.155,0.000477573,538176.25,0.710868535,-5.40E-05,272.23279,0.000477088,2.244621516,-5.245825,-7.85068,-2.64097,0.53817625,38.71,FALSE
2/23/2022,263.2301,258.8086,267.6516,1.8941374,-1.47597765,78701.155,8.15E-05,459394.94,0.872936715,-5.03E-05,270.66248,8.17E-05,2.401305169,-9.9199,-14.3414,-5.4984,0.45939494,38.75,FALSE
2/24/2022,261.44812,257.06958,265.82666,2.0022936,-1.70259425,79554.3425,1.01E-05,553711.8,0.721140075,-6.54E-05,268.93786,1.03E-05,2.628308742,-11.70188,-16.08042,-7.32334,0.5537118,38.77,FALSE
2/25/2022,264.05565,258.9973,269.114,2.3447161,-0.1777422,79898.3125,0,760627.75,0.43700585,-5.63E-05,269.10791,0,2.351443361,-9.09435,-14.1527,-4.036,0.76062775,38.78,FALSE
2/26/2022,265.84582,261.2058,270.48584,0.33653853,-0.5907631,80329.6575,0,829115.44,0.024582375,-5.99E-05,269.389525,0,0.679896479,-7.30418,-11.9442,-2.66416,0.82911544,38.78,FALSE
2/27/2022,271.94982,267.4702,276.42944,-0.70101676,1.20242597,80625.125,0,940712.94,0.492207022,-7.77E-05,271.6958,0,1.391852259,-1.20018,-5.6798,3.27944,0.94071294,38.78,FALSE
2/28/2022,274.23999,267.18335,281.29663,0.46218832,-0.17536355,80725.6575,0,1060000,0,-9.96E-05,273.303715,0,0.494338364,1.08999,-5.96665,8.14663,1.06,38.77,FALSE
3/1/2022,277.30933,269.37256,285.2461,0.19157824,0.6334965,80575.44,0,1010000,0.639981585,-0.000119821,275.469485,0,0.661830822,4.15933,-3.77744,12.0961,1.01,38.77,FALSE
3/2/2022,280.51428,271.7561,289.27246,0.065361365,1.182796067,80331.9375,0,954181.6,0.91273857,-0.000147192,277.0846,0,1.184600626,7.36428,-1.3939,16.12246,0.9541816,38.75,FALSE
3/3/2022,281.94165,274.43555,289.44775,-0.24396575,2.21545935,79839.875,0,897450.4,0.939906955,-0.000160604,277.590455,0,2.228851592,8.79165,1.28555,16.29775,0.8974504,38.73,FALSE
3/4/2022,281.071285,273.9436,288.19897,0.390975779,1.9962001,79091.125,0.000596543,564839,0.95632635,-7.97E-05,277.554685,4.60E-05,2.034128044,7.921285,0.7936,15.04897,0.564839,38.72,FALSE
3/5/2022,276.254155,272.73145,279.77686,1.38198705,-0.684744895,78766.565,0.001002673,173128.69,0.999254825,-2.14E-05,276.518675,0.000995339,1.542324148,3.104155,-0.41855,6.62686,0.17312869,38.73,FALSE
3/6/2022,268.729365,268.5808,268.87793,2.3835902,-2.24101255,79264.655,3.53E-05,234555.88,0.98613143,-6.76E-06,274.307005,3.50E-05,3.271641712,-4.420635,-4.5692,-4.27207,0.23455588,38.78,FALSE
3/7/2022,263.24475,256.82202,269.66748,1.8474812,-0.515239238,80188.78,8.42E-07,258190.31,0.254659205,-1.41E-06,273.22876,9.28E-07,1.917982861,-9.90525,-16.32798,-3.48252,0.25819031,38.79,FALSE
3/8/2022,264.101565,260.64185,267.56128,1.49805165,0.57242345,80264.655,3.36E-06,240418.31,0.523715085,-6.05E-06,272.877685,3.14E-06,1.603691788,-9.048435,-12.50815,-5.58872,0.24041831,38.76,FALSE
3/9/2022,270.599,267.97046,273.22754,1.98242,0.47976925,79538.6575,5.16E-05,292179.12,0.855708315,-1.03E-05,272.729735,5.15E-05,2.039648889,-2.551,-5.17954,0.07754,0.29217912,38.74,FALSE
3/10/2022,268.92725,265.1128,272.7417,1.39367435,-2.3189502,79317.5925,0.000159732,318184.56,0.67833224,3.60E-06,272.6908,0.000159863,2.705523651,-4.22275,-8.0372,-0.4083,0.31818456,38.78,FALSE
3/11/2022,259.14267,253.9516,264.33374,1.4411526,0.48369685,80232.25,0,319297.44,0,-5.63E-06,272.18042,0,1.520159024,-14.00733,-19.1984,-8.81626,0.31929744,38.8,FALSE
3/12/2022,267.486825,262.21265,272.761,0.40026148,1.23634114,80539.44,0,401693.56,0.001834311,-8.39E-06,271.866085,0,1.299518629,-5.663175,-10.93735,-0.389,0.40169356,38.77,FALSE
3/13/2022,276.35107,273.1726,279.52954,0.633867755,1.9597573,79707.5,8.80E-06,430080.12,0.477640925,-5.69E-05,272.375,7.86E-06,2.0597177,3.20107,0.0226,6.37954,0.43008012,38.76,FALSE
3/14/2022,271.760255,265.52295,277.99756,1.54454208,-0.2752147,80089.97,0,681670.4,0.21238744,-3.70E-05,272.45825,0,1.568870093,-1.389745,-7.62705,4.84756,0.6816704,38.79,FALSE
3/15/2022,275.19543,270.58716,279.8037,-0.57094312,1.738370415,80294.345,2.06E-05,473594.2,0.566341935,-3.70E-05,274.32886,0,1.829728872,2.04543,-2.56284,6.6537,0.4735942,38.78,FALSE
3/16/2022,274.900265,270.68823,279.1123,1.7031274,-0.016770365,80069.1575,2.49E-05,1090000,0.99843708,-0.000141797,275.01428,1.99E-06,1.703209965,1.750265,-2.46177,5.9623,1.09,38.78,FALSE
3/17/2022,274.575805,268.73608,280.41553,0.6657297,-1.86638679,80150.2825,0,688941.44,0.001616459,-9.13E-05,274.91491,0,1.981563949,1.425805,-4.41392,7.26553,0.68894144,38.78,FALSE
3/18/2022,275.178345,268.63306,281.72363,1.4817262,0.950901065,79998.375,0,1310000,0.5,-0.000152019,275.209715,0,1.760603694,2.028345,-4.51694,8.57363,1.31,38.78,FALSE
3/19/2022,280.319455,276.18115,284.45776,-0.59241668,1.69404765,79794.0325,3.55E-05,487474,0.514180962,-0.00010295,278.33789,0,1.794646194,7.169455,3.03115,11.30776,0.487474,38.74,FALSE
3/20/2022,278.67969,274.80762,282.55176,2.4051423,-1.86431365,79177.5,0.000256006,1120000,0.930983335,-0.000170585,277.43799,0.000255759,3.043086405,5.52969,1.65762,9.40176,1.12,38.78,FALSE
3/21/2022,272.11462,267.3496,276.87964,2.08092115,-2.72870813,80086.375,0,1070000,0.16354549,-0.000146543,275.3003,0,3.43162948,-1.03538,-5.8004,3.72964,1.07,38.8,FALSE
3/22/2022,275.809935,269.80542,281.81445,2.26423885,-2.29016545,80445.565,4.12E-06,743350.5,0.723585175,-0.000107372,276.506225,0,3.220502346,2.659935,-3.34458,8.66445,0.7433505,38.8,FALSE
3/23/2022,277.001955,270.50977,283.49414,-0.11624871,-1.28415395,80640.5925,0,1420000,0.353574365,-0.000212919,276.83973,0,1.289404952,3.851955,-2.64023,10.34414,1.42,38.79,FALSE
3/24/2022,282.18274,273.47656,290.88892,1.84301475,0.2865413,80324.5,0,1450000,0,-0.000227986,280.27051,0,1.865156638,9.03274,0.32656,17.73892,1.45,38.78,FALSE
3/25/2022,283.63038,274.7693,292.49146,1.2023349,0.509732025,80181.03,0.000177969,1390000,0.434577265,-0.00026976,281.993775,0,1.305923409,10.48038,1.6193,19.34146,1.39,38.78,FALSE
3/26/2022,287.31897,280.06592,294.57202,1.910543465,1.19101045,79905.56,0,1110000,0.7609947,-0.000210629,282.938965,0,2.251373408,14.16897,6.91592,21.42202,1.11,38.76,FALSE
3/27/2022,286.74426,279.14062,294.3479,0.5609512,2.4972902,79377.345,0,1460000,0.971872535,-0.000272248,283.35291,0,2.559516476,13.59426,5.99062,21.1979,1.46,38.75,FALSE
3/28/2022,285.96826,279.53735,292.39917,-0.10377838,4.8097773,78933.22,1.20E-05,966195,0.346662405,-0.000139449,282.424195,0,4.810896759,12.81826,6.38735,19.24917,0.966195,38.75,FALSE
3/29/2022,278.39404,273.67236,283.11572,2.2058997,1.7128753,78842.25,3.72E-05,1300000,0.62413191,-0.000141961,280.03283,9.61E-08,2.792836422,5.24404,0.52236,9.96572,1.3,38.78,FALSE
3/30/2022,278.1239,272.72534,283.52246,2.75659225,-2.6696096,79645.1575,0.000157231,912449.6,0.61068057,-0.000128557,279.5962,0,3.837397067,4.9739,-0.42466,10.37246,0.9124496,38.79,FALSE
3/31/2022,279.914795,273.56006,286.26953,2.20948985,-1.4511093,79536.31,3.58E-06,1300000,0.92999992,-0.000145196,281.50293,0,2.643400007,6.764795,0.41006,13.11953,1.3,38.78,FALSE
4/1/2022,277.775885,271.10547,284.4463,1.4909726,-2.04306325,79531.625,0,1560000,0.4050967,-0.00015148,280.11915,0,2.529250232,4.625885,-2.04453,11.2963,1.56,38.79,FALSE
4/2/2022,280.582035,272.95947,288.2046,1.05951787,1.3866544,79681.75,0,1490000,0.173150867,-0.000128799,283.02515,0,1.745104164,7.432035,-0.19053,15.0546,1.49,38.8,FALSE
4/3/2022,281.855225,274.93945,288.771,1.7654079,-1.70032029,79843.8125,0,1610000,0.6834682,-0.00011393,283.07739,0,2.451072039,8.705225,1.78945,15.621,1.61,38.78,FALSE
4/4/2022,281.37219,274.00024,288.74414,2.5074792,-0.1846499,79464.0325,0,1130000,0.501376822,-7.33E-05,284.267455,0,2.514268785,8.22219,0.85024,15.59414,1.13,38.78,FALSE
4/5/2022,283.90723,278.43066,289.3838,7.4706285,-1.22272345,79493.75,0,1620000,0.68271889,-4.92E-05,284.29113,0,7.570029248,10.75723,5.28066,16.2338,1.62,38.8,FALSE
4/6/2022,276.09961,268.5542,283.64502,1.827530335,-2.62645855,80305.9075,0,1620000,0,-7.79E-05,281.628295,0,3.199711181,2.94961,-4.5958,10.49502,1.62,38.82,FALSE
4/7/2022,279.87402,272.96362,286.78442,-0.47440216,-0.6295462,80817.75,0,1610000,0,-8.61E-05,283.360105,0,0.788280297,6.72402,-0.18638,13.63442,1.61,38.81,FALSE
4/8/2022,284.44373,275.11646,293.771,-1.325243375,-0.18279215,80618.155,0,1470000,0.16268435,-8.27E-05,286.84082,0,1.337790332,11.29373,1.96646,20.621,1.47,38.78,FALSE
4/9/2022,287.149165,278.4309,295.86743,3.7824359,-0.7913207,79792.405,0,1660000,0.3646573,-4.50E-05,288.22265,0,3.864325269,13.999165,5.2809,22.71743,1.66,38.76,FALSE
4/10/2022,276.6344,268.6377,284.6311,3.6691904,-2.4147148,79558.155,0,1440000,0.004393513,-4.69E-05,282.698245,0,4.392471486,3.4844,-4.5123,11.4811,1.44,38.76,FALSE
4/11/2022,278.48218,274.21924,282.74512,2.606245,1.448203515,78812.125,0.000495003,1060000,0.306096495,-6.82E-05,283.076785,0.00023152,2.981577841,5.33218,1.06924,9.59512,1.06,38.73,FALSE
4/12/2022,271.5929,266.45435,276.73145,6.29206315,-3.2018767,78614.125,5.71E-05,1360000,0.84408187,-7.14E-05,279.05872,5.66E-05,7.059891861,-1.5571,-6.69565,3.58145,1.36,38.78,FALSE
4/13/2022,270.20447,267.4104,272.99854,4.35826975,-0.76588055,79388.78,1.64E-06,1420000,0.563815295,-8.86E-05,276.71545,1.83E-06,4.425052342,-2.94553,-5.7396,-0.15146,1.42,38.79,FALSE
4/14/2022,277.120365,274.7505,279.49023,4.5359255,0.486892525,79413.75,6.36E-05,546493.06,0.85652228,-5.40E-05,278.811035,4.26E-07,4.561982516,3.970365,1.6005,6.34023,0.54649306,38.78,FALSE
4/15/2022,279.50684,275.8628,283.15088,4.3845706,0.72546696,79185.2825,9.10E-07,1130000,0.943044455,-7.62E-05,280.14881,8.41E-07,4.444182901,6.35684,2.7128,10.00088,1.13,38.79,FALSE
4/16/2022,281.316775,275.88135,286.7522,2.676363585,1.2272539,79211.065,0.000121413,1600000,0.628125395,-7.94E-05,281.734005,0,2.944329155,8.166775,2.73135,13.6022,1.6,38.79,FALSE
4/17/2022,279.850345,272.55933,287.14136,4.323511275,1.03443995,79724.56,0,1740000,0.051934846,-4.54E-05,281.86596,0,4.44553886,6.700345,-0.59067,13.99136,1.74,38.82,FALSE
4/18/2022,284.682495,276.46387,292.90112,2.457668318,0.6660448,79920.0925,0,1710000,0,-1.59E-05,286.10815,0,2.546320725,11.532495,3.31387,19.75112,1.71,38.78,FALSE
4/19/2022,288.53943,281.3562,295.72266,3.5704841,1.91615195,79239.095,3.58E-05,813075.4,0.40045765,-1.29E-05,289.193115,0,4.052159301,15.38943,8.2062,22.57266,0.8130754,38.78,FALSE
4/20/2022,278.10144,273.46362,282.73926,2.45954995,0.187936821,79270.3425,0,1730000,0.477729749,-1.65E-05,281.520145,0,2.466719726,4.95144,0.31362,9.58926,1.73,38.78,FALSE
4/21/2022,285.65894,278.6023,292.71558,2.8155918,0.76497555,79077.47,0.000101916,559125,0.053776648,-1.26E-05,287.873175,0,2.91766084,12.50894,5.4523,19.56558,0.559125,38.78,FALSE
4/22/2022,278.235715,274.45288,282.01855,2.9261847,-1.3747776,79037.345,0.000727041,1190000,1,-5.19E-05,284.55615,0.00067839,3.233043512,5.085715,1.30288,8.86855,1.19,38.79,FALSE
4/23/2022,276.41723,272.30786,280.5266,3.0507226,-1.59854982,79712.28,1.68E-05,1000000,0.6139484,-9.05E-05,281.586175,0,3.444164617,3.26723,-0.84214,7.3766,1,38.82,FALSE
4/24/2022,276.28735,270.042,282.5327,1.8139505,-2.075570915,80144.44,0,1640000,0.5,-0.000150621,280.065185,0,2.756521547,3.13735,-3.108,9.3827,1.64,38.82,FALSE
4/25/2022,277.832275,270.94995,284.7146,-1.14992315,0.660817975,80225.75,0,1540000,0.132696835,-0.000171709,282.30164,0,1.326274348,4.682275,-2.20005,11.5646,1.54,38.8,FALSE
4/26/2022,285.200685,279.198,291.20337,0.876843794,2.81210855,79748.81,0,646397.2,0.72601295,-9.18E-05,284.37988,0,2.945642466,12.050685,6.048,18.05337,0.6463972,38.79,FALSE
4/27/2022,285.12574,279.08228,291.1692,2.1324797,0.70579485,79502.565,9.24E-05,1580000,0.74029106,-9.79E-05,285.827025,0,2.246244876,11.97574,5.93228,18.0192,1.58,38.79,FALSE
4/28/2022,283.687745,276.11035,291.26514,3.71706965,-0.477286695,79300.2175,0,1770000,0.967438925,-2.51E-05,286.827635,0,3.74758714,10.537745,2.96035,18.11514,1.77,38.79,FALSE
4/29/2022,280.891355,273.33276,288.44995,5.2102309,-0.57631019,79515.0925,0,1800000,0.300143425,-1.45E-05,285.766715,0,5.242007198,7.741355,0.18276,15.29995,1.8,38.82,FALSE
4/30/2022,281.13769,273.8662,288.40918,0.57289625,-0.54189445,79955.22,3.37E-05,822025.7,0.012876204,-9.26E-06,287.22412,0,0.788580819,7.98769,0.7162,15.25918,0.8220257,38.79,FALSE
5/1/2022,284.332515,278.4265,290.23853,3.9961505,-1.00972165,79244.47,3.83E-05,1290000,0.93420795,-6.80E-05,288.00013,0,4.121741941,11.182515,5.2765,17.08853,1.29,38.8,FALSE
5/2/2022,278.91797,273.33228,284.50366,1.24358479,-1.1172313,79627.0925,0,1780000,0.371254625,-6.56E-05,283.27112,0,1.671738289,5.76797,0.18228,11.35366,1.78,38.79,FALSE
5/3/2022,281.28211,271.6609,290.90332,5.74892845,-1.43854475,79265.125,5.01E-07,1080000,0.023225954,-3.21E-05,285.86658,0,5.926178307,8.13211,-1.4891,17.75332,1.08,38.82,FALSE
5/4/2022,277.71167,271.99707,283.42627,1.89280415,-2.7874845,80017.875,0,1820000,0.4540821,-6.37E-05,282.718505,0,3.369388281,4.56167,-1.15293,10.27627,1.82,38.82,FALSE
5/5/2022,284.715575,277.37378,292.05737,-0.13590666,0.5522027,79911.155,0,1190000,0.26005128,-1.11E-05,289.14551,0,0.568681319,11.565575,4.22378,18.90737,1.19,38.8,FALSE
5/6/2022,290.086305,284.48145,295.69116,3.44816685,1.286528189,79705.875,0,1270000,0.501147446,-7.47E-06,290.666625,0,3.680354522,16.936305,11.33145,22.54116,1.27,38.8,FALSE
5/7/2022,289.60523,283.07056,296.1399,5.5534449,2.00855015,79436.03,0,1650000,0.422387437,-6.40E-06,291.90161,0,5.905507934,16.45523,9.92056,22.9899,1.65,38.79,FALSE
5/8/2022,282.94555,275.1787,290.7124,5.33127275,0.01966775,79002.6575,1.33E-05,1610000,0.39877494,-7.54E-06,288.308595,1.70E-08,5.331309028,9.79555,2.0287,17.5624,1.61,38.78,FALSE
5/9/2022,274.855955,269.83813,279.87378,5.89991325,0.7952152,78772.3425,0,1390000,0.274248715,-2.07E-05,283.15088,1.70E-08,5.953263271,1.705955,-3.31187,6.72378,1.39,38.81,FALSE
5/10/2022,275.700675,270.989,280.41235,2.1876249,-0.105555055,79241.69,4.90E-05,842142.2,0.684500275,-2.20E-05,283.35632,4.89E-05,2.190169987,2.550675,-2.161,7.26235,0.8421422,38.82,FALSE
5/11/2022,275.934205,269.87158,281.99683,2.6567478,-0.0943804,79495.06,0.000147028,1230000,0.8211301,-4.02E-05,282.436765,7.60E-06,2.658423693,2.784205,-3.27842,8.84683,1.23,38.82,FALSE
5/12/2022,274.25025,269.9707,278.5298,3.19920875,-1.44655325,79975.0925,0,1720000,0.436525585,-0.000106426,280.591675,0,3.51104727,1.10025,-3.1793,5.3798,1.72,38.84,FALSE
5/13/2022,281.45362,275.98804,286.9192,2.67107535,0.59760855,80173.19,0,1850000,0.046871425,-8.38E-05,284.444095,0,2.737111526,8.30362,2.83804,13.7692,1.85,38.83,FALSE
5/14/2022,285.32263,278.21533,292.42993,2.976685,0.429009325,80203.155,0,1850000,0.10505709,-4.20E-05,288.29688,0,3.007441203,12.17263,5.06533,19.27993,1.85,38.83,FALSE
5/15/2022,290.17541,283.23242,297.1184,1.795172015,-0.4253874,80225.905,0,1840000,0.035133347,-6.15E-05,292.119385,0,1.844884008,17.02541,10.08242,23.9684,1.84,38.81,FALSE
5/16/2022,293.02588,283.94458,302.10718,1.9792738,1.69520055,79768.095,0,1800000,0.65794611,-2.34E-05,295.22339,0,2.605998787,19.87588,10.79458,28.95718,1.8,38.81,FALSE
5/17/2022,292.221185,285.7683,298.67407,3.33377415,-1.86484625,79759.56,0,1890000,0.60100578,-2.06E-05,295.709715,0,3.819908588,19.071185,12.6183,25.52407,1.89,38.83,FALSE
5/18/2022,290.555175,283.80273,297.30762,1.14987222,-1.084922875,80135.565,0,1890000,0.035417179,-3.89E-05,295.53284,0,1.580905996,17.405175,10.65273,24.15762,1.89,38.83,FALSE
5/19/2022,291.993285,285.0354,298.95117,4.038435,-0.49130642,79944.875,1.83E-07,1630000,0.94610745,-1.85E-05,296.028315,0,4.068210817,18.843285,11.8854,25.80117,1.63,38.79,FALSE
5/20/2022,282.88647,271.45874,294.3142,4.5238762,-2.55511665,79337.78,0,1740000,0.27863479,-5.15E-05,289.96325,0,5.195582447,9.73647,-1.69126,21.1642,1.74,38.81,FALSE
5/21/2022,279.26502,273.4336,285.09644,-2.0476289,-1.693039005,79586.155,0,1850000,0.53797537,-4.00E-05,286.66918,0,2.656908953,6.11502,0.2836,11.94644,1.85,38.83,FALSE
5/22/2022,284.745735,279.32837,290.1631,2.02727349,-0.3055811,79838.4375,0,1930000,0.379861291,-2.33E-05,289.77075,0,2.05017502,11.595735,6.17837,17.0131,1.93,38.83,FALSE
5/23/2022,285.0597,278.4148,291.7046,2.1980224,-2.5787797,80001.595,0,1940000,0.47514901,-3.33E-05,290.486935,0,3.388422526,11.9097,5.2648,18.5546,1.94,38.83,FALSE
5/24/2022,285.260735,278.36157,292.1599,1.21200197,-1.58376415,79883.44,0,1920000,0.022002813,-2.23E-05,291.3761,0,1.99430631,12.110735,5.21157,19.0099,1.92,38.83,FALSE
5/25/2022,289.84851,283.84375,295.85327,1.57289595,-1.81236435,79967.595,0,1920000,0,-3.12E-05,293.20215,0,2.39972211,16.69851,10.69375,22.70327,1.92,38.83,FALSE
5/26/2022,294.443235,287.82617,301.0603,1.733756875,0.49750995,79846.5,3.00E-06,1100000,0.45412411,-1.68E-05,297.91711,0,1.803726435,21.293235,14.67617,27.9103,1.1,38.82,FALSE
5/27/2022,293.85949,285.36108,302.3579,1.5747123,3.85197295,79767.0925,0,893326.56,0.349815012,-1.98E-05,296.89148,0,4.161419762,20.70949,12.21108,29.2079,0.89332656,38.82,FALSE
5/28/2022,289.39221,282.2688,296.51562,3.9618502,0.78430745,79533.8125,0.00054966,1790000,0.88532218,-0.000110883,295.045535,0,4.03873683,16.24221,9.1188,23.36562,1.79,38.8,FALSE
5/29/2022,285.062985,277.54517,292.5808,4.3721199,-0.521943595,79089.875,0.000302702,1840000,0.65872915,-0.000118492,291.45679,2.38E-05,4.403164491,11.912985,4.39517,19.4308,1.84,38.81,FALSE
5/30/2022,277.419425,273.114,281.72485,3.46360495,-1.947085185,79301.5325,6.36E-05,1520000,0.340051485,-0.000130206,285.56262,0,3.973373877,4.269425,-0.036,8.57485,1.52,38.83,FALSE
5/31/2022,279.81775,275.1482,284.4873,1.59144618,-1.1623816,79585.375,0,1840000,0.411653384,-0.00012857,285.43457,0,1.970744004,6.66775,1.9982,11.3373,1.84,38.84,FALSE
6/1/2022,283.246215,276.82617,289.66626,-0.93253165,-0.63241385,80044.875,0,1790000,0.025721317,-6.47E-05,287.804925,0,1.126748666,10.096215,3.67617,16.51626,1.79,38.83,FALSE
6/2/2022,289.06348,282.219,295.90796,0.940390485,1.1211455,79834.595,0,1140000,0.514951465,-2.20E-05,293.60803,0,1.463318659,15.91348,9.069,22.75796,1.14,38.82,FALSE
6/3/2022,293.1366,286.3025,299.9707,2.366666135,0.8371874,79525.25,0,1680000,0.84456387,-1.21E-05,296.65601,0,2.510376732,19.9866,13.1525,26.8207,1.68,38.82,FALSE
6/4/2022,292.89441,286.64575,299.14307,2.8269625,0.29480832,79429.03,0,749272.3,0.9916076,-5.71E-06,298.06262,0,2.842292899,19.74441,13.49575,25.99307,0.7492723,38.83,FALSE
6/5/2022,289.75305,285.1709,294.3352,3.21657515,0.147331505,79633.815,1.41E-05,1600000,0.973422125,-1.28E-05,292.351435,0,3.219947557,16.60305,12.0209,21.1852,1.6,38.83,FALSE
6/6/2022,288.865115,281.00903,296.7212,3.23892795,-0.344554935,79745.4075,0,2020000,0.0936636,-3.20E-05,294.50073,0,3.257203151,15.715115,7.85903,23.5712,2.02,38.84,FALSE
6/7/2022,290.9729,283.667,298.2788,2.669629615,-0.0707246,79875.595,0,1570000,0,-1.37E-05,295.577025,0,2.670566279,17.8229,10.517,25.1288,1.57,38.84,FALSE
6/8/2022,293.052245,285.58276,300.52173,1.45972617,-0.3862753,79944.03,0,1530000,0.68628827,-1.35E-05,297.75781,0,1.5099699,19.902245,12.43276,27.37173,1.53,38.83,FALSE
6/9/2022,295.394415,288.2693,302.51953,2.83737175,-0.1915358,79842.7175,0,1960000,0.776742325,-1.65E-05,298.4049,0,2.843829181,22.244415,15.1193,29.36953,1.96,38.84,FALSE
6/10/2022,298.52771,291.70776,305.34766,2.0607092,0.25603859,79985.345,0.000115413,1900000,0.011488308,-1.87E-05,302.55224,0,2.076554398,25.37771,18.55776,32.19766,1.9,38.84,FALSE
6/11/2022,297.55139,289.20703,305.89575,3.04528,0.25478698,80066.315,0,1930000,0.329712175,-1.45E-05,302.56555,0,3.055919941,24.40139,16.05703,32.74575,1.93,38.84,FALSE
6/12/2022,297.85852,290.62866,305.08838,3.83780575,0.541223275,79729.1875,4.74E-05,1310000,0.004448528,-1.48E-05,301.92969,0,3.875780645,24.70852,17.47866,31.93838,1.31,38.81,FALSE
6/13/2022,291.83764,282.0913,301.58398,5.51555695,1.4169225,79216.28,2.34E-05,1850000,0.678240895,-1.31E-05,298.171145,0,5.694649931,18.68764,8.9413,28.43398,1.85,38.84,FALSE
6/14/2022,282.516965,276.68066,288.35327,3.600728799,-1.55320938,79920.53,0,2040000,0.09387475,-2.68E-05,291.00708,0,3.921441988,9.366965,3.53066,15.20327,2.04,38.85,FALSE
6/15/2022,286.294185,278.40967,294.1787,3.427443305,-1.042763515,79977.875,0,2030000,0,-3.55E-05,293.178715,0,3.582558214,13.144185,5.25967,21.0287,2.03,38.84,FALSE
6/16/2022,294.442265,287.48193,301.4026,0.09896565,1.65806995,79825.5,0,2040000,0.003372509,-1.67E-05,298.761225,0,1.661020818,21.292265,14.33193,28.2526,2.04,38.82,FALSE
6/17/2022,298.546755,291.10303,305.99048,0.352440585,6.4413415,79162.1575,0,887921.6,0,-6.87E-06,300.735475,0,6.450976258,25.396755,17.95303,32.84048,0.8879216,38.81,FALSE
6/18/2022,289.59765,281.0813,298.114,2.0309057,2.74915845,79152.8425,0,1870000,0.5,-9.24E-06,294.48034,0,3.417959939,16.44765,7.9313,24.964,1.87,38.83,FALSE
6/19/2022,287.24817,280.19922,294.29712,3.18128205,1.323281025,79446.6875,8.27E-06,1660000,0.7212439,-8.80E-06,294.868035,0,3.445522914,14.09817,7.04922,21.14712,1.66,38.86,FALSE
6/20/2022,284.127685,280.2854,287.96997,2.6617403,-0.99792095,80100.655,0,1400000,0.349137125,-2.63E-05,291.71179,0,2.842658553,10.977685,7.1354,14.81997,1.4,38.86,FALSE
6/21/2022,288.76893,284.11646,293.4214,-0.661516,-0.660007235,80408.815,0,2040000,0.493257728,-2.30E-05,294.677735,0,0.93445865,15.61893,10.96646,20.2714,2.04,38.86,FALSE
6/22/2022,292.732545,285.16406,300.30103,-1.619463,0.097711746,80364.7175,3.19E-07,1440000,0.06677872,-1.63E-05,298.59167,0,1.622408085,19.582545,12.01406,27.15103,1.44,38.85,FALSE
6/23/2022,295.2218,287.8003,302.6433,-0.376506774,2.8582659,80122.2175,1.14E-05,1430000,0.66956666,-1.93E-05,300.44849,0,2.882957042,22.0718,14.6503,29.4933,1.43,38.84,FALSE
6/24/2022,291.07715,284.17285,297.98145,2.5563164,0.8269007,79990.47,0,1180000,0.291121065,-2.90E-05,298.18872,0,2.686730039,17.92715,11.02285,24.83145,1.18,38.85,FALSE
6/25/2022,293.25817,285.85864,300.6577,0.6169847,-1.69339325,80199.595,1.83E-07,1460000,0.394280508,-1.99E-05,298.7937,0,1.802290437,20.10817,12.70864,27.5077,1.46,38.86,FALSE
6/26/2022,296.13684,289.7959,302.47778,-0.367773205,0.18827825,80376.6875,0,1570000,0.57561029,-3.20E-05,301.661015,0,0.41316562,22.98684,16.6459,29.32778,1.57,38.86,FALSE
6/27/2022,297.46289,290.72046,304.20532,0.59063074,-0.44140005,80506.0625,0,1610000,0.368347128,-1.63E-05,301.71533,0,0.737345696,24.31289,17.57046,31.05532,1.61,38.86,FALSE
6/28/2022,298.68677,291.30396,306.06958,1.8029132,0.07876846,80444.5325,0,1580000,0.604183635,-1.35E-05,304.237785,0,1.804633059,25.53677,18.15396,32.91958,1.58,38.85,FALSE
6/29/2022,298.43774,290.8557,306.01978,3.4613661,0.239017439,80291.9075,0,1720000,0.52809245,-1.34E-05,303.6377,0,3.469608712,25.28774,17.7057,32.86978,1.72,38.85,FALSE
6/30/2022,297.58056,291.6494,303.51172,2.7001325,-0.4596718,80069.22,0,1680000,0.255223777,-1.37E-05,303.323855,0,2.738980409,24.43056,18.4994,30.36172,1.68,38.84,FALSE
7/1/2022,297.095215,289.71313,304.4773,2.1930876,-0.056846205,79968.375,0,1810000,0.456694885,-1.44E-05,302.430785,0,2.193824221,23.945215,16.56313,31.3273,1.81,38.84,FALSE
7/2/2022,297.03332,289.6538,304.41284,2.41586463,-0.6178487,79852.53,0,1640000,0.16222125,-1.20E-05,302.45483,0,2.493619644,23.88332,16.5038,31.26284,1.64,38.83,FALSE
7/3/2022,296.86328,288.45996,305.2666,1.90511465,2.603222835,79559.4075,0,1570000,0.634899135,-1.30E-05,302.005615,0,3.225869024,23.71328,15.30996,32.1166,1.57,38.84,FALSE
7/4/2022,293.983155,286.26196,301.70435,2.63233995,0.452052496,79582.22,0,1780000,0.47628957,-1.25E-05,300.61572,0,2.670873466,20.833155,13.11196,28.55435,1.78,38.85,FALSE
7/5/2022,295.478025,287.55542,303.40063,1.91890605,1.61408856,79708.22,0,1770000,0.37978652,-1.28E-05,301.24963,0,2.507485256,22.328025,14.40542,30.25063,1.77,38.85,FALSE
7/6/2022,297.37903,290.53076,304.2273,0.2705804,2.9872514,79751.56,0,1850000,0.2497209,-1.26E-05,301.969,0,2.999480735,24.22903,17.38076,31.0773,1.85,38.85,FALSE
7/7/2022,296.587765,289.00513,304.1704,0.67455294,3.72109505,79876.53,0,2030000,0.22744128,-1.42E-05,301.68603,0,3.781741668,23.437765,15.85513,31.0204,2.03,38.86,FALSE
7/8/2022,295.94971,286.47217,305.42725,0.9942163,2.8683086,80118.78,0,1970000,0.041446535,-1.45E-05,301.80652,0,3.0357306,22.79971,13.32217,32.27725,1.97,38.87,FALSE
7/9/2022,297.76404,288.6543,306.87378,0.56393965,3.350142,80259.53,0,2040000,0.6629157,-1.50E-05,302.5177,0,3.397275283,24.61404,15.5043,33.72378,2.04,38.87,FALSE
7/10/2022,297.934205,289.93408,305.93433,2.46830021,0.998430415,80480.2175,0,2040000,0,-1.94E-05,302.61072,0,2.662586941,24.784205,16.78408,32.78433,2.04,38.87,FALSE
7/11/2022,297.914795,288.56274,307.26685,0.981608913,-2.5194154,80408.8425,0,1950000,0.116576195,-1.90E-05,305.344975,0,2.703887944,24.764795,15.41274,34.11685,1.95,38.86,FALSE
7/12/2022,300.76172,294.74268,306.78076,0.096410275,-0.62348546,80165.125,0.000178831,1210000,0.39696461,-1.74E-05,306.4701,0,0.630895443,27.61172,21.59268,33.63076,1.21,38.85,FALSE
7/13/2022,299.41883,292.86646,305.9712,-1.5267048,2.1343913,80026.905,0,1830000,0.344270149,-4.93E-05,304.171025,0,2.624205359,26.26883,19.71646,32.8212,1.83,38.86,FALSE
7/14/2022,299.286625,291.81885,306.7544,2.3526947,2.04662457,80088.155,0,1620000,0.144979357,-1.72E-05,303.353515,0,3.118307952,26.136625,18.66885,33.6044,1.62,38.86,FALSE
7/15/2022,300.963865,294.61206,307.31567,1.2462125,2.9352975,80231.095,5.51E-05,1460000,0.49338052,-2.04E-05,305.36499,0,3.18888962,27.813865,21.46206,34.16567,1.46,38.87,FALSE
7/16/2022,298.71496,291.06982,306.3601,-0.14817034,0.80913315,80397.3125,0,1740000,0.376146917,-4.79E-05,305.305175,0,0.822587931,25.56496,17.91982,33.2101,1.74,38.86,FALSE
7/17/2022,301.328735,294.64893,308.00854,0.967126003,1.257417325,80155.405,0,1480000,0.23782873,-1.61E-05,305.71167,0,1.58632627,28.178735,21.49893,34.85854,1.48,38.86,FALSE
7/18/2022,299.81299,293.99658,305.6294,-0.48764422,1.52833795,80177.375,0,1690000,0.432513725,-1.45E-05,305.116825,0,1.604248664,26.66299,20.84658,32.4794,1.69,38.87,FALSE
7/19/2022,298.38195,291.552,305.2119,1.81736607,0.822614815,80369.53,6.36E-06,1460000,0.241416911,-2.37E-05,305.61023,0,1.994872068,25.23195,18.402,32.0619,1.46,38.87,FALSE
7/20/2022,296.47705,288.96387,303.99023,1.881110235,0.966653015,80457.8425,3.98E-05,1660000,0.606813905,-4.86E-05,304.93591,0,2.114945334,23.32705,15.81387,30.84023,1.66,38.87,FALSE
7/21/2022,300.22705,293.85864,306.59546,1.458549,-0.83993473,80409.345,0,1810000,0.29604536,-1.97E-05,305.077635,0,1.68310889,27.07705,20.70864,33.44546,1.81,38.86,FALSE
7/22/2022,299.918945,292.80615,307.03174,1.87153575,0.662576345,80139.0925,0,1720000,0.264269094,-1.44E-05,306.43506,0,1.985359785,26.768945,19.65615,33.88174,1.72,38.86,FALSE
7/23/2022,298.94653,291.65283,306.24023,3.55666545,-1.320464125,79981.5,0,1980000,0.190930069,-1.78E-05,305.05127,0,3.793875937,25.79653,18.50283,33.09023,1.98,38.86,FALSE
7/24/2022,299.043825,291.66895,306.4187,1.40690185,-0.352652035,79977.845,0,1240000,0.153757722,-1.28E-05,306.0752,0,1.450426238,25.893825,18.51895,33.2687,1.24,38.87,FALSE
7/25/2022,299.0083,292.56958,305.44702,0.240821612,0.591010485,80092.5325,0,1350000,0.409215779,-1.35E-05,305.29455,0,0.63819154,25.8583,19.41958,32.29702,1.35,38.87,FALSE
7/26/2022,297.74854,292.18408,303.313,0.111580015,0.8918387,80076.47,0,1860000,0.6133085,-1.58E-05,306.002435,0,0.898791615,24.59854,19.03408,30.163,1.86,38.87,FALSE
7/27/2022,298.967535,292.761,305.17407,0.51676419,-0.9708128,80140.7175,4.80E-06,1080000,0.182195428,-1.12E-05,305.726925,0,1.099783033,25.817535,19.611,32.02407,1.08,38.87,FALSE
7/28/2022,300.0199,293.64966,306.39014,1.39639375,-2.848142425,80140.125,0,1880000,0.49999142,-2.04E-05,304.44434,0,3.172038899,26.8699,20.49966,33.24014,1.88,38.87,FALSE
7/29/2022,299.19067,291.85986,306.52148,2.00185585,-2.19514227,80127.4375,0,1730000,0.1526337,-1.48E-05,304.500245,0,2.970871325,26.04067,18.70986,33.37148,1.73,38.87,FALSE
7/30/2022,297.589965,289.72925,305.45068,-0.589015585,-1.153496065,80198.095,0,1980000,0.009267416,-1.74E-05,304.5863,0,1.295180501,24.439965,16.57925,32.30068,1.98,38.88,FALSE
7/31/2022,299.370605,291.53345,307.20776,-0.8366804,-0.4588642,80256.405,0,1700000,0.128645093,-1.59E-05,306.221435,0,0.954248629,26.220605,18.38345,34.05776,1.7,38.88,FALSE
8/1/2022,299.68311,293.4817,305.88452,-0.92678344,1.5723798,80306.9375,0.000331621,567899.25,0.92175982,-3.52E-05,307.116455,0,1.825186506,26.53311,20.3317,32.73452,0.56789925,38.88,FALSE
8/2/2022,292.488765,289.93896,295.03857,1.58382555,1.18389365,80324.7175,0,1430000,0.679388285,-5.89E-05,299.595465,0,1.977399188,19.338765,16.78896,21.88857,1.43,38.88,FALSE
8/3/2022,296.661745,290.59595,302.72754,2.72470967,-0.166587085,80319.5,1.58E-07,1430000,0.36916279,-2.80E-05,301.68762,0,2.729797436,23.511745,17.44595,29.57754,1.43,38.88,FALSE
8/4/2022,298.583985,291.99243,305.17554,-0.19191585,-0.350885029,80163.25,0.000419332,1130000,0.469174432,-3.60E-05,305.11315,0,0.399939992,25.433985,18.84243,32.02554,1.13,38.87,FALSE
8/5/2022,296.207645,290.12427,302.29102,0.8500025,1.65939971,80052.75,0.00323285,412374.56,0.9988117,-0.000147261,304.86365,0,1.864433331,23.057645,16.97427,29.14102,0.41237456,38.86,FALSE
8/6/2022,290.71521,288.83398,292.59644,0.48117715,-0.3492361,80132.625,0.00077747,1640000,0.9972294,-0.000371287,295.602295,0,0.594556392,17.56521,15.68398,19.44644,1.64,38.86,FALSE
8/7/2022,291.09814,285.3496,296.84668,0.45390715,0.538083632,80400.595,0,1590000,0.063965524,-0.000348874,293.79748,0,0.703964272,17.94814,12.1996,23.69668,1.59,38.88,FALSE
8/8/2022,294.68506,288.06665,301.30347,-1.275650765,1.038497065,80464.28,0,1740000,0.160549955,-0.000393232,295.03466,0,1.644919763,21.53506,14.91665,28.15347,1.74,38.88,FALSE
8/9/2022,295.4884,289.50146,301.47534,0.716179715,1.3780756,80397.9075,1.99E-05,1230000,0.6291161,-0.000283874,295.90589,0,1.553063342,22.3384,16.35146,28.32534,1.23,38.88,FALSE
8/10/2022,293.303585,288.05273,298.55444,0.986512085,1.71564055,80335.53,0.001612094,1490000,0.822627245,-0.000310439,295.088745,0,1.979047395,20.153585,14.90273,25.40444,1.49,38.88,FALSE
8/11/2022,291.958735,286.9995,296.91797,-0.568633675,1.83885385,80498.0325,1.58E-06,1560000,0.31379664,-0.000327495,295.317505,0,1.924766931,18.808735,13.8495,23.76797,1.56,38.88,FALSE
8/12/2022,294.25598,288.06982,300.44214,-0.08603633,1.20808985,80314.81,5.97E-06,1480000,0.352492565,-0.000315158,295.24036,0,1.211149593,21.10598,14.91982,27.29214,1.48,38.87,FALSE
8/13/2022,296.193605,290.10938,302.27783,1.031143742,2.4421172,80243.875,1.98E-05,1490000,0.81500083,-0.000253686,296.3833,0,2.650885481,23.043605,16.95938,29.12783,1.49,38.88,FALSE
8/14/2022,293.32421,286.70312,299.9453,0.9217079,-0.60858295,80267.065,1.58E-07,1520000,0.451194515,-0.000191538,296.87439,0,1.10449928,20.17421,13.55312,26.7953,1.52,38.88,FALSE
8/15/2022,294.745485,286.91895,302.57202,0.01820761,2.44780775,80206.315,0,1520000,0.190122815,-0.000130446,298.325925,0,2.447875466,21.595485,13.76895,29.42202,1.52,38.88,FALSE
8/16/2022,297.114505,291.28467,302.94434,-0.255507558,0.171709485,80157.905,1.23E-05,1380000,0.2834957,-7.98E-05,300.22351,0,0.307844538,23.964505,18.13467,29.79434,1.38,38.88,FALSE
8/17/2022,296.1317,289.1577,303.1057,-1.8984371,0.53545445,80227.72,0,1450000,0.20967275,-6.87E-05,300.3894,0,1.972504725,22.9817,16.0077,29.9557,1.45,38.89,FALSE
8/18/2022,297.7677,290.18823,305.34717,-0.50250295,0.09683618,80306.03,0.002296494,1260000,0.5529235,-0.000173558,302.47546,0,0.511748435,24.6177,17.03823,32.19717,1.26,38.88,FALSE
8/19/2022,291.00318,286.28076,295.7256,2.18083852,0.0517273,80225.78,0,1650000,0.20311123,-0.000160491,299.72449,0,2.181451894,17.85318,13.13076,22.5756,1.65,38.87,FALSE
8/20/2022,293.48609,286.0027,300.96948,2.60611125,-0.38630295,79931.0325,0,996577.8,0.09192226,-7.15E-05,297.55969,0,2.63458646,20.33609,12.8527,27.81948,0.9965778,38.88,FALSE
8/21/2022,296.132815,290.4021,301.86353,1.808303664,-1.5280861,80115.78,0,1520000,0.275112961,-5.12E-05,297.853885,0,2.367490078,22.982815,17.2521,28.71353,1.52,38.89,FALSE
8/22/2022,296.90954,289.27588,304.5432,-0.260409295,-0.4212627,80357.1875,0,1540000,0.335353025,-2.97E-05,301.141475,0,0.495252727,23.75954,16.12588,31.3932,1.54,38.89,FALSE
8/23/2022,297.332035,289.17017,305.4939,2.09667627,-0.39267005,80196.2175,0,1580000,0.157655895,-4.27E-05,302.0536,0,2.133129426,24.182035,16.02017,32.3439,1.58,38.88,FALSE
8/24/2022,298.77405,291.6538,305.8943,1.08601499,0.529327864,79943.595,2.54E-06,1310000,0.38786325,-2.70E-05,302.758185,0,1.208145913,25.62405,18.5038,32.7443,1.31,38.88,FALSE
8/25/2022,296.58093,290.20874,302.95312,1.409457615,1.88527065,80088.1575,0.000109101,1590000,0.198634865,-2.41E-05,300.84826,0,2.353893836,23.43093,17.05874,29.80312,1.59,38.9,FALSE
8/26/2022,296.13745,288.00073,304.27417,0.71260195,1.2605988,80221.595,0,1450000,0.429837009,-2.22E-05,302.594365,0,1.448071433,22.98745,14.85073,31.12417,1.45,38.89,FALSE
8/27/2022,295.929565,287.96265,303.89648,3.17421615,0.00671059,79995.595,0,1630000,0.464061927,-2.07E-05,301.23852,0,3.174223243,22.779565,14.81265,30.74648,1.63,38.88,FALSE
8/28/2022,294.0531,286.17065,301.93555,2.87548495,0.15204665,79750.53,0,1570000,0.064358325,-2.07E-05,300.15723,0,2.87950202,20.9031,13.02065,28.78555,1.57,38.89,FALSE
8/29/2022,296.649535,290.11963,303.17944,1.581062985,0.03440715,79950.7175,1.18E-05,1250000,0.086173475,-2.72E-05,301.0332,0,1.581437326,23.499535,16.96963,30.02944,1.25,38.9,FALSE
8/30/2022,295.90295,288.8269,302.979,-0.07849509,3.01285315,80376.405,0,1450000,0.134216815,-2.59E-05,300.846675,0,3.013875509,22.75295,15.6769,29.829,1.45,38.91,FALSE
8/31/2022,298.214235,289.9375,306.49097,0.560859475,1.9621096,80460.5925,0,1580000,0.112545967,-2.48E-05,302.4292,0,2.040695331,25.064235,16.7875,33.34097,1.58,38.9,FALSE
9/1/2022,299.20508,291.6106,306.79956,1.5473361,0.025468855,80322.28,0,1530000,0.072645185,-2.09E-05,302.72315,0,1.547545692,26.05508,18.4606,33.64956,1.53,38.89,FALSE
9/2/2022,300.53186,294.28174,306.78198,0.17829722,-1.428296,80224.095,0,972964.44,0.292530185,-1.67E-05,303.56665,0,1.43938159,27.38186,21.13174,33.63198,0.97296444,38.9,FALSE
9/3/2022,299.47497,290.5703,308.37964,-0.26721445,2.0922613,80261.7825,0,1090000,0.78587205,-1.73E-05,302.666135,0,2.109256009,26.32497,17.4203,35.22964,1.09,38.9,FALSE
9/4/2022,299.293575,290.2329,308.35425,1.39698215,1.56299625,80466.815,0,1340000,0.188066988,-1.78E-05,303.02576,0,2.096310188,26.143575,17.0829,35.20425,1.34,38.9,FALSE
9/5/2022,300.77466,293.57422,307.9751,0.608463639,-0.91208493,80344.06,0,1400000,0.432904455,-1.83E-05,304.59033,0,1.096415487,27.62466,20.42422,34.8251,1.4,38.9,FALSE
9/6/2022,299.32068,290.82446,307.8169,-0.34337662,0.70560687,80325.7825,0,1220000,0.2989862,-1.85E-05,304.572145,0,0.784721962,26.17068,17.67446,34.6669,1.22,38.91,FALSE
9/7/2022,299.622925,290.98633,308.25952,0.26615678,1.08411158,80526.72,0,990866.4,0.317175888,-1.40E-05,303.69055,0,1.116305222,26.472925,17.83633,35.10952,0.9908664,38.91,FALSE
9/8/2022,300.884035,294.2688,307.49927,0.98145888,0.60147022,80466.3425,0,1250000,0.550158625,-1.98E-05,303.62353,0,1.151098588,27.734035,21.1188,34.34927,1.25,38.89,FALSE
9/9/2022,296.258175,287.38232,305.13403,2.39681795,-2.2322545,79861.5925,0,1440000,0.103458315,-1.53E-05,301.51453,0,3.275316235,23.108175,14.23232,31.98403,1.44,38.88,FALSE
9/10/2022,294.459225,286.64185,302.2766,0.38338615,-1.0997014,79775.2175,0,1260000,0.2524491,-1.89E-05,300.54052,0,1.164615005,21.309225,13.49185,29.1266,1.26,38.9,FALSE
9/11/2022,294.59961,287.09326,302.10596,-0.598496085,0.543746625,80240.375,9.05E-07,1140000,0.912990235,-1.42E-05,301.76123,0,0.808614838,21.44961,13.94326,28.95596,1.14,38.91,FALSE
9/12/2022,294.24976,286.20435,302.29517,-0.98173093,2.90846825,80295.8125,0.001221054,932593,0.68303404,-9.23E-05,300.47803,0,3.069687798,21.09976,13.05435,29.14517,0.932593,38.89,FALSE
9/13/2022,291.00988,287.37036,294.6494,1.11630635,1.37267925,79853.905,0.003258345,832705.1,0.976203475,-0.000215585,298.986335,0,1.769290307,17.85988,14.22036,21.4994,0.8327051,38.87,FALSE
9/14/2022,286.745485,283.30884,290.18213,0.767212068,-0.39837455,79659.5325,0.000466564,824549.75,0.582948175,-0.000169791,293.502565,0,0.864474776,13.595485,10.15884,17.03213,0.82454975,38.89,FALSE
9/15/2022,286.85083,282.1106,291.59106,0.9460768,1.5564384,79811.0325,3.91E-05,551774.2,0.64311867,-0.000145725,291.71875,0,1.821417526,13.70083,8.9606,18.44106,0.5517742,38.9,FALSE
9/16/2022,285.09925,280.3484,289.8501,0.505282045,-1.8170925,79940.5,2.85E-05,1160000,0.393605,-0.000209659,289.46301,0,1.886036876,11.94925,7.1984,16.7001,1.16,38.9,FALSE
9/17/2022,287.848145,282.98706,292.70923,0.134791815,-0.098539645,79686.22,5.55E-05,1180000,0.5485891,-0.000221789,291.24621,0,0.166969743,14.698145,9.83706,19.55923,1.18,38.88,FALSE
9/18/2022,288.49597,283.53027,293.46167,0.07920645,3.51122235,79116.095,0,1110000,0.44336736,-0.000188682,289.883785,0,3.512115609,15.34597,10.38027,20.31167,1.11,38.89,FALSE
9/19/2022,289.110965,283.56006,294.66187,-0.94995225,4.4314742,79322.375,0,1270000,0.056275905,-0.000130508,289.566035,0,4.532148813,15.960965,10.41006,21.51187,1.27,38.9,FALSE
9/20/2022,289.630985,282.38843,296.87354,-1.50874375,3.9056487,79639.7175,0,1230000,0.005048614,-7.92E-05,290.642815,0,4.186931988,16.480985,9.23843,23.72354,1.23,38.91,FALSE
9/21/2022,288.651975,281.89795,295.406,-0.67054812,4.048285,79642.655,9.98E-05,968206.5,0.002946753,-7.73E-05,291.44873,0,4.103443215,15.501975,8.74795,22.256,0.9682065,38.91,FALSE
9/22/2022,284.441525,278.0144,290.86865,3.0717762,-1.06232482,79911.345,0,1220000,0.206546996,-3.95E-05,289.74194,0,3.250283533,11.291525,4.8644,17.71865,1.22,38.93,FALSE
9/23/2022,285.7041,278.75586,292.65234,1.54874835,-0.2146883,80285.375,0,1210000,0,-5.03E-05,290.20544,0,1.563557648,12.5541,5.60586,19.50234,1.21,38.92,FALSE
9/24/2022,288.305415,280.2224,296.38843,0.10762203,0.483628815,80416.625,0,1190000,0,-5.01E-05,292.4242,0,0.495458709,15.155415,7.0724,23.23843,1.19,38.93,FALSE
9/25/2022,290.75989,283.09888,298.4209,-0.297328664,0.586117445,80637.6875,0,1180000,0,-3.38E-05,293.491945,0,0.657219898,17.60989,9.94888,25.2709,1.18,38.92,FALSE
9/26/2022,290.56604,281.98193,299.15015,-0.83448875,0.50794025,80548.9375,0,1150000,0,-2.44E-05,294.17334,0,0.976921067,17.41604,8.83193,26.00015,1.15,38.92,FALSE
9/27/2022,291.25525,282.16187,300.34863,-1.0454941,1.42843535,80375.375,0,894056.3,0,-1.60E-05,295.098755,0,1.770165377,18.10525,9.01187,27.19863,0.8940563,38.91,FALSE
9/28/2022,293.171265,285.24268,301.09985,0.198318685,2.60452795,80261.97,0,967139.3,0.44293386,-1.28E-05,295.595215,0,2.612067408,20.021265,12.09268,27.94985,0.9671393,38.9,TRUE
9/29/2022,292.630865,285.2422,300.01953,1.785788059,2.91377255,80244.7825,0,1080000,0.36436257,-8.87E-06,294.84387,0,3.417471209,19.480865,12.0922,26.86953,1.08,38.89,FALSE
9/30/2022,288.77539,279.63525,297.91553,2.84041314,-1.4451879,80052.4075,0,1080000,0.02731552,-7.90E-06,293.517335,0,3.186928752,15.62539,6.48525,24.76553,1.08,38.89,FALSE
10/1/2022,285.54163,278.35938,292.72388,1.3328887,-2.0126316,79892.5,0,1050000,0,-2.04E-05,291.33227,0,2.41397561,12.39163,5.20938,19.57388,1.05,38.89,FALSE
10/2/2022,286.33301,278.54932,294.1167,0.8662278,-0.76758765,79856.875,0,1020000,0.000662371,-4.50E-05,291.65064,0,1.157385589,13.18301,5.39932,20.9667,1.02,38.91,FALSE
10/3/2022,287.38147,279.56006,295.20288,2.065097835,-0.829911165,80178.8425,0,1010000,0,-1.48E-05,290.703985,0,2.225619377,14.23147,6.41006,22.05288,1.01,38.91,FALSE
10/4/2022,288.35449,281.4248,295.28418,0.497349595,-1.0610808,80329.1575,0,997803.7,0,-2.23E-05,291.23682,0,1.171857109,15.20449,8.2748,22.13418,0.9978037,38.91,FALSE
10/5/2022,289.417725,282.448,296.38745,0.34104976,-1.030400265,80329.905,0,980592.5,0,-1.72E-05,292.02551,0,1.085375347,16.267725,9.298,23.23745,0.9805925,38.91,FALSE
10/6/2022,289.24817,281.9668,296.52954,-1.367059715,-0.51218445,80459.3425,0,965099.5,0,-2.56E-05,291.946175,0,1.45985793,16.09817,8.8168,23.37954,0.9650995,38.91,FALSE
10/7/2022,290.05456,282.75342,297.3557,-0.10105461,-0.88665355,80555.7175,0,944471.1,0,-3.05E-05,292.177005,0,0.89239372,16.90456,9.60342,24.2057,0.9444711,38.91,FALSE
10/8/2022,290.44104,283.23364,297.64844,-0.10303725,-0.61577525,80570.6575,0,919829.06,0,-4.72E-05,292.13098,0,0.624336314,17.29104,10.08364,24.49844,0.91982906,38.91,FALSE
10/9/2022,290.736325,284.29443,297.17822,1.1809841,-0.6313076,80432,0,834892.5,0.1196515,-3.73E-05,291.79748,0,1.339131334,17.586325,11.14443,24.02822,0.8348925,38.91,FALSE
10/10/2022,289.954225,283.95337,295.95508,1.1953125,-0.66581211,80312.75,2.47E-05,882013.4,0.211485228,-2.69E-05,291.23389,0,1.368238919,16.804225,10.80337,22.80508,0.8820134,38.9,FALSE
10/11/2022,287.686645,279.68652,295.68677,2.11926655,0.1152463,80084.28,0,872911.06,0.21893269,-1.33E-05,290.85949,0,2.1223978,14.536645,6.53652,22.53677,0.87291106,38.91,FALSE
10/12/2022,287.403445,279.78687,295.02002,1.439285675,-1.71276135,80382.03,0,857830.2,0.007366952,-1.67E-05,289.6488,0,2.237206896,14.253445,6.63687,21.87002,0.8578302,38.92,FALSE
10/13/2022,289.4203,282.6526,296.188,-0.05172816,-1.03015147,80567.9075,0,841810.75,0,-1.89E-05,290.236565,0,1.031449395,16.2703,9.5026,23.038,0.84181075,38.91,FALSE
10/14/2022,288.95105,281.42944,296.47266,-0.8708872,-0.6437559,80242.94,0,830788,0,-2.36E-05,290.12903,0,1.082989462,15.80105,8.27944,23.32266,0.830788,38.9,FALSE
10/15/2022,287.75622,279.4182,296.09424,-0.35498755,-0.39725115,79930.625,0,813214.44,0,-3.00E-05,290.009525,0,0.532751947,14.60622,6.2682,22.94424,0.81321444,38.9,FALSE
10/16/2022,287.992315,280.59473,295.3899,-0.965998635,-1.571208475,79975.1575,0,797081.9,0,-1.40E-05,289.55835,0,1.844410322,14.842315,7.44473,22.2399,0.7970819,38.92,FALSE
10/17/2022,286.10632,278.0852,294.12744,-1.58171035,-0.254035,80252.5,0,782276.5,0,-1.17E-05,288.825805,0,1.601980466,12.95632,4.9352,20.97744,0.7822765,38.92,FALSE
10/18/2022,286.72961,278.85962,294.5996,-0.32279278,0.0213909,80398.155,0,692384.25,0.053343415,-1.53E-05,289.319335,0,0.323500772,13.57961,5.70962,21.4496,0.69238425,38.93,FALSE
10/19/2022,287.771975,281.00757,294.53638,-0.78876911,-0.53621855,80668,0,745390,0.8833324,-3.30E-05,288.97631,0,0.953775153,14.621975,7.85757,21.38638,0.74539,38.93,FALSE
10/20/2022,286.423095,278.26294,294.58325,-0.81491083,0.3591632,80550.47,0,734307.94,0.90041133,-3.59E-05,288.338255,0,0.890549193,13.273095,5.11294,21.43325,0.73430794,38.91,FALSE
10/21/2022,285.212285,275.7671,294.65747,1.5131321,0.35114,79979.44,0,714691.2,0.09968883,-3.15E-05,287.766235,0,1.553340932,12.062285,2.6171,21.50747,0.7146912,38.89,FALSE
10/22/2022,290.07837,286.55542,293.60132,3.9982786,2.36854555,79082.2825,5.95E-05,445377,0.507029785,-2.82E-05,288.93042,3.26E-05,4.647175463,16.92837,13.40542,20.45132,0.445377,38.86,FALSE
10/23/2022,274.28577,271.65137,276.92017,3.58806135,-2.16013385,78844.5325,2.64E-05,491323.8,0.59731383,-2.62E-05,279.76319,2.67E-05,4.188121596,1.13577,-1.49863,3.77017,0.4913238,38.91,FALSE
10/24/2022,270.865355,266.82568,274.90503,1.92091705,-2.26322728,79923.47,0,546896.5,0.23903483,-3.20E-05,277.72278,0,2.968521523,-2.284645,-6.32432,1.75503,0.5468965,38.93,FALSE
10/25/2022,280.65955,277.9646,283.3545,1.96080495,0.56521531,80153.75,2.20E-06,237560.12,0.639249825,-2.48E-05,281.423465,0,2.040643134,7.50955,4.8146,10.2045,0.23756012,38.92,FALSE
10/26/2022,276.96424,272.5962,281.33228,1.23745915,0.7629252,79758.0625,0,562220.9,0.895994065,-4.86E-05,279.25903,0,1.453740007,3.81424,-0.5538,8.18228,0.5622209,38.91,FALSE
10/27/2022,273.320435,268.1626,278.47827,1.95404135,-1.87845508,79866.4075,0,587873.9,0.002647134,-4.89E-05,277.61304,0,2.710511222,0.170435,-4.9874,5.32827,0.5878739,38.94,FALSE
10/28/2022,274.88465,268.25,281.5193,-1.4478996,1.54453035,80253.2825,0,577903.06,0.001050045,-5.65E-05,278.26111,0,2.117070441,1.73465,-4.9,8.3693,0.57790306,38.94,FALSE
10/29/2022,280.272465,273.5315,287.01343,0.66782805,0.071128375,80403,0,350972.44,0.54239708,-5.08E-05,280.54822,0,0.671605204,7.122465,0.3815,13.86343,0.35097244,38.94,FALSE
10/30/2022,279.20496,272.79102,285.6189,0.87328762,-1.023199735,80420.095,0,572610.06,0.48826328,-4.49E-05,279.875365,0,1.345202202,6.05496,-0.35898,12.4689,0.57261006,38.93,FALSE
10/31/2022,278.189695,269.80542,286.57397,0.08251813,-0.20296475,80157.1575,0,374643.8,0.022089279,-3.82E-05,280.48718,0,0.219097995,5.039695,-3.34458,13.42397,0.3746438,38.91,FALSE
11/1/2022,284.52295,280.7356,288.3103,-0.725977415,3.09848595,79405.5,0,486554.75,0.996387985,-2.16E-05,283.326175,0,3.182398214,11.37295,7.5856,15.1603,0.48655475,38.88,FALSE
11/2/2022,279.572875,272.21802,286.92773,1.7340088,3.782498035,78940.875,1.94E-05,349333.94,0.65962734,-1.47E-05,281.91443,1.96E-05,4.161018854,6.422875,-0.93198,13.77773,0.34933394,38.92,FALSE
11/3/2022,272.53479,270.1438,274.92578,1.48826765,-1.67775205,79366.5625,1.20E-05,389195,0.6910363,-1.86E-05,277.32898,1.22E-05,2.242719898,-0.61521,-3.0062,1.77578,0.389195,38.94,FALSE
11/4/2022,271.34534,268.77466,273.91602,1.72122095,-2.09229408,79999.875,3.75E-06,406408,0.83306755,-2.39E-05,275.41187,3.91E-06,2.709298078,-1.80466,-4.37534,0.76602,0.406408,38.94,FALSE
11/5/2022,277.813725,275.35352,280.27393,2.01880695,0.4670595,79924.81,2.25E-05,217688.62,0.7400086,-2.59E-05,277.932495,0,2.072130806,4.663725,2.20352,7.12393,0.21768862,38.91,FALSE
11/6/2022,280.23425,277.01538,283.45312,2.7183648,-0.061507285,79376.875,0.000498104,369470.3,0.9958897,-6.58E-05,280.9718,6.47E-06,2.719060561,7.08425,3.86538,10.30312,0.3694703,38.9,FALSE
11/7/2022,282.7207,280.02563,285.41577,0.5215095,4.62854385,78714.845,0.001854707,228850.12,0.5572036,-4.17E-05,281.26843,0.001466951,4.657831076,9.5707,6.87563,12.26577,0.22885012,38.9,FALSE
11/8/2022,273.164185,270.83545,275.49292,-1.13674502,-1.58745468,78935,0.000818179,80154.06,0.898700085,-1.20E-05,279.62915,0.000753007,1.952486005,0.014185,-2.31455,2.34292,0.08015406,38.87,FALSE
11/9/2022,272.44214,268.5542,276.33008,-0.0887909,4.00443935,78450.19,0.00013391,75275.375,0.8888325,-7.36E-06,279.897705,0.000133625,4.005423615,-0.70786,-4.5958,3.18008,0.075275375,38.92,FALSE
11/10/2022,265.32666,258.88916,271.76416,3.09736775,0.9764929,79767.155,1.13E-06,77423.75,0.79485712,3.74E-06,279.653325,1.29E-06,3.247649206,-7.82334,-14.26084,-1.38584,0.07742375,38.95,FALSE
11/11/2022,261.654415,258.8662,264.44263,0.387482565,0.520074209,80173.155,1.96E-06,91100.125,0.9237525,2.91E-06,279.17395,2.06E-06,0.648552173,-11.495585,-14.2838,-8.70737,0.091100125,38.94,FALSE
11/12/2022,263.55493,260.87964,266.23022,-1.11219025,1.2495339,79842.5325,1.36E-07,113160.19,0.93092335,8.63E-07,278.736085,6.81E-08,1.672812637,-9.59507,-12.27036,-6.91978,0.11316019,38.92,FALSE
11/13/2022,268.12073,264.0647,272.17676,1.3293395,-0.298057885,79547.3125,5.45E-06,112862,0.331895775,2.98E-06,278.59765,5.63E-06,1.362344306,-5.02927,-9.0853,-0.97324,0.112862,38.94,FALSE
11/14/2022,262.861205,258.53345,267.18896,1.4074969,0.03877502,79992.5,4.98E-06,81764.125,0.5316931,6.90E-06,278.37524,4.66E-06,1.408030904,-10.288795,-14.61655,-5.96104,0.081764125,38.95,FALSE
11/15/2022,264.4303,261.07764,267.78296,-0.677818835,-0.46866396,80322,5.77E-06,85947.125,0.90373267,-3.00E-08,278.47864,5.57E-06,0.824065702,-8.7197,-12.07236,-5.36704,0.085947125,38.97,FALSE
11/16/2022,261.9729,257.82324,266.12256,0.206708417,-0.73874082,80902.1575,0,123242.94,0.189678818,1.79E-06,278.345945,1.02E-07,0.767115616,-11.1771,-15.32676,-7.02744,0.12324294,38.97,FALSE
11/17/2022,265.227535,258.82812,271.62695,0.87363408,0.89541014,80774.185,0,101611.19,0,1.16E-06,277.81189,0,1.250997931,-7.922465,-14.32188,-1.52305,0.10161119,38.93,FALSE
11/18/2022,268.636965,264.48633,272.7876,0.587468385,0.337393345,80106.1875,0,122943.69,0.482492925,2.54E-06,277.45605,7.39E-08,0.677460975,-4.513035,-8.66367,-0.3624,0.12294369,38.94,FALSE
11/19/2022,258.642165,252.642,264.64233,-0.168717625,-0.11401605,80340,1.11E-06,126251.81,0.431723873,3.21E-06,277.008185,1.14E-06,0.203630294,-14.507835,-20.508,-8.50767,0.12625181,38.96,FALSE
11/20/2022,261.25074,256.5171,265.98438,-0.30699491,1.2153288,80519.655,0,134399.31,0,9.13E-07,276.51245,0,1.253503078,-11.89926,-16.6329,-7.16562,0.13439931,38.95,FALSE
11/21/2022,265.58655,258.5608,272.6123,-0.06318772,1.35315115,80402.185,0,135216.31,0.007525424,1.04E-06,276.134035,0,1.354625676,-7.56345,-14.5892,-0.5377,0.13521631,38.95,FALSE
11/22/2022,265.302615,258.60913,271.9961,0.061797855,1.18997423,80269.905,0,109205.19,0.46051671,7.50E-08,275.863275,0,1.191577796,-7.847385,-14.54087,-1.1539,0.10920519,38.95,FALSE
11/23/2022,269.084105,264.52295,273.64526,1.5805869,0.608314675,80136.845,0,130520.06,0.62041382,5.39E-07,275.95008,0,1.693606121,-4.065895,-8.62705,0.49526,0.13052006,38.96,FALSE
11/24/2022,268.47253,263.43896,273.5061,1.1572738,-0.09157122,80681.0325,0,132169.56,0.166361641,1.92E-06,275.99414,0,1.16089101,-4.67747,-9.71104,0.3561,0.13216956,38.98,FALSE
11/25/2022,267.37,261.3318,273.4082,-0.523288905,0.770116525,80940.9675,0,117448.69,0,6.86E-07,275.843015,0,0.931080416,-5.78,-11.8182,0.2582,0.11744869,38.95,FALSE
11/26/2022,269.5061,263.92236,275.08984,1.238308825,1.4342022,80310.2825,1.64E-06,120921.625,0.72621936,8.47E-07,275.921385,1.21E-06,1.894820492,-3.6439,-9.22764,1.93984,0.120921625,38.94,FALSE
11/27/2022,267.634025,261.0161,274.25195,1.02068443,0.59577128,80085.875,1.93E-06,135974.31,0.73037511,9.76E-06,276.34265,1.90E-06,1.181837605,-5.515975,-12.1339,1.10195,0.13597431,38.93,FALSE
11/28/2022,270.3656,268.1858,272.5454,1.58411165,2.0984759,79286.4675,4.37E-05,124461.125,0.486198025,-1.42E-05,276.262825,4.33E-05,2.629260509,-2.7844,-4.9642,-0.6046,0.124461125,38.9,FALSE
11/29/2022,268.11634,264.2256,272.00708,2.6988459,-1.18814106,78951.0925,1.66E-06,137087.94,0.5501479,2.39E-06,276.306515,1.49E-06,2.948804566,-5.03366,-8.9244,-1.14292,0.13708794,38.95,FALSE
11/30/2022,264.50281,262.30225,266.70337,-0.177302415,2.3611474,79497.47,0,137120.25,0.38916236,-2.22E-06,275.712645,0,2.367795006,-8.64719,-10.84775,-6.44663,0.13712025,38.94,FALSE
12/1/2022,271.26391,269.1516,273.37622,-0.352239057,3.8294821,78945.375,2.98E-06,125865.56,0.68759412,-8.44E-06,275.6156,3.06E-06,3.845647606,-1.88609,-3.9984,0.22622,0.12586556,38.92,FALSE
12/2/2022,270.202875,264.7932,275.61255,2.6517334,1.876714027,79044.625,0,107320.875,0.487629656,3.54E-06,276.26391,5.65E-08,3.248652884,-2.947125,-8.3568,2.46255,0.107320875,38.97,FALSE
12/3/2022,264.85413,263.17896,266.5293,-1.19704345,1.421,79937.875,0,78838.625,0.56004244,2.73E-06,275.65845,8.21E-08,1.857997315,-8.29587,-9.97104,-6.6207,0.078838625,38.96,FALSE
12/4/2022,272.2522,271.71143,272.79297,-1.5205674,2.37987805,79725,0.000798929,77775.31,0.80519815,5.07E-06,275.81372,0.000540005,2.824171516,-0.8978,-1.43857,-0.35703,0.07777531,38.95,FALSE
12/5/2022,272.396115,268.7644,276.02783,1.215002025,0.87403935,79486.3125,2.44E-05,89470.875,0.69741512,3.43E-06,276.57324,2.42E-05,1.496721319,-0.753885,-4.3856,2.87783,0.089470875,38.95,FALSE
12/6/2022,267.71363,264.1985,271.22876,0.294353545,1.6986146,79404.2825,1.50E-06,95052.75,0.663550835,1.14E-06,276.72241,1.37E-06,1.723930268,-5.43637,-8.9515,-1.92124,0.09505275,38.97,FALSE
12/7/2022,266.2118,261.4524,270.9712,-0.945685075,0.21027338,79709.25,5.39E-06,75010.69,0.546765378,3.64E-06,276.313235,5.36E-06,0.968780241,-6.9382,-11.6976,-2.1788,0.07501069,38.97,FALSE
12/8/2022,263.25464,259.32788,267.1814,0.373198639,1.59009365,80004.3425,6.84E-07,88083.94,0.6968511,5.40E-06,275.853515,7.60E-07,1.633301883,-9.89536,-13.82212,-5.9686,0.08808394,38.97,FALSE
12/9/2022,267.833985,267.05737,268.6106,-0.2022086,2.409215,79769.9675,3.66E-06,93129.75,0.66568151,2.69E-06,275.639285,3.52E-06,2.417685925,-5.316015,-6.09263,-4.5394,0.09312975,38.96,FALSE
12/10/2022,271.4237,270.5376,272.3098,-0.84854509,2.5172915,79514.875,0.000111066,111428.375,0.9999172,-1.51E-05,275.52417,0.000108908,2.656461042,-1.7263,-2.6124,-0.8402,0.111428375,38.94,FALSE
12/11/2022,275.21863,274.3125,276.12476,-2.04700465,5.6536455,78699.845,0.000665714,46419.85,0.53394875,-6.92E-06,275.86133,0.000663215,6.012814273,2.06863,1.1625,2.97476,0.04641985,38.92,FALSE
12/12/2022,265.21729,260.06128,270.3733,1.41795108,1.104620735,78515.9675,0.000298321,40942.5,0.528548065,1.20E-06,276.25,0.000298263,1.797434904,-7.93271,-13.08872,-2.7767,0.0409425,38.94,FALSE
12/13/2022,266.94702,266.23804,267.656,1.6062007,0.8877532,78929.905,0.0001125,43611.996,0.9909511,1.28E-06,276.188475,0.0001126,1.835207463,-6.20298,-6.91196,-5.494,0.043611996,38.98,FALSE
12/14/2022,266.37732,264.41602,268.33862,1.5417957,-0.38963366,79736.47,5.90E-06,52167.83,0.8245725,2.58E-06,276.568845,5.70E-06,1.59026676,-6.77268,-8.73398,-4.81138,0.05216783,38.99,FALSE
12/15/2022,266.08301,266.02222,266.1438,1.0554099,-0.24157152,80049.815,1.48E-05,61593.65,0.8634628,5.25E-07,276.608765,1.48E-05,1.082703494,-7.06699,-7.12778,-7.0062,0.06159365,38.99,FALSE
12/16/2022,262.560915,258.73975,266.38208,0.03270582,0.162247707,80193.47,3.59E-06,86512.625,0.869285935,2.36E-06,276.57471,3.70E-06,0.165511296,-10.589085,-14.41025,-6.76792,0.086512625,38.98,FALSE
12/17/2022,260.312135,256.90137,263.7229,-0.280357425,1.14900105,80046.56,0,91882.94,0.206698,8.26E-07,276.14246,6.85E-08,1.182710319,-12.837865,-16.24863,-9.4271,0.09188294,38.97,FALSE
12/18/2022,259.365115,256.6504,262.07983,0.356741383,1.82033205,79576.405,0,96904.81,0.426963785,1.08E-06,275.514525,0,1.854959079,-13.784885,-16.4996,-11.07017,0.09690481,38.96,FALSE
12/19/2022,259.442625,256.86377,262.02148,1.05987115,1.7140379,79738.845,0,64892.297,0.019651756,9.79E-07,275.04383,0,2.015255015,-13.707375,-16.28623,-11.12852,0.064892297,38.99,FALSE
12/20/2022,265.618405,265.54443,265.69238,0.285839821,2.04162645,80267.845,1.79E-06,58487.566,1,-2.03E-06,274.94702,2.01E-06,2.06153898,-7.531595,-7.60557,-7.45762,0.058487566,38.99,FALSE
12/21/2022,268.45019,264.5642,272.33618,1.82323555,1.333902575,80235.875,7.96E-07,93226.94,0.40020943,6.93E-06,275.40795,5.97E-07,2.259089186,-4.69981,-8.5858,-0.81382,0.09322694,38.98,FALSE
12/22/2022,269.065915,264.04053,274.0913,2.43388035,0.35071055,79995.595,9.50E-06,55246.934,0.589507075,2.88E-06,275.62488,9.55E-06,2.459018391,-4.084085,-9.10947,0.9413,0.055246934,38.98,FALSE
12/23/2022,271.26941,270.56055,271.97827,-0.004730045,1.12803315,80019.53,1.70E-05,92527.31,0.9919618,-5.90E-07,275.871215,1.70E-05,1.128043067,-1.88059,-2.58945,-1.17173,0.09252731,39,FALSE
12/24/2022,270.050175,265.00098,275.09937,0.80961863,1.12551205,80550.375,0,99209.56,0.519203245,2.24E-06,276.06811,0,1.386455806,-3.099825,-8.14902,1.94937,0.09920956,39.01,FALSE
12/25/2022,271.85486,269.09888,274.61084,0.37563666,1.14202935,80912.595,0,117672.69,0.314386588,1.34E-06,275.99462,0,1.202220419,-1.29514,-4.05112,1.46084,0.11767269,39,FALSE
12/26/2022,272.64685,268.13013,277.16357,-0.56368563,1.262004635,80699.435,0,97750.25,0.74559393,2.47E-06,276.004395,0,1.382171186,-0.50315,-5.01987,4.01357,0.09775025,38.97,FALSE
12/27/2022,277.54553,276.57544,278.51562,-1.0108156,3.24029675,79569.815,0.000237775,70244.375,0.9820889,-1.34E-05,276.283935,0,3.394299811,4.39553,3.42544,5.36562,0.070244375,38.92,FALSE
12/28/2022,274.032465,270.49463,277.5703,3.10307265,1.86563805,78792,7.54E-05,124932.375,0.79264227,2.81E-06,276.705935,7.07E-05,3.620727165,0.882465,-2.65537,4.4203,0.124932375,38.95,FALSE
12/29/2022,266.803345,263.65015,269.95654,0.948142585,1.2686415,79171.6875,0.00013581,59914.926,0.62307635,-2.36E-06,276.4093,0.000135765,1.583801003,-6.346655,-9.49985,-3.19346,0.059914926,38.96,FALSE
12/30/2022,271.47461,271.47192,271.4773,0.35674626,2.8751779,79207.25,0.001341867,28750.926,0.9987973,-3.59E-06,276.214235,0.000695883,2.897225544,-1.67539,-1.67808,-1.6727,0.028750926,38.94,FALSE
12/31/2022,275.848635,275.48755,276.20972,0.2657155,3.2265897,79028.5,0.003102468,19300.371,1,2.46E-06,276.69678,0.002403474,3.237512289,2.698635,2.33755,3.05972,0.019300371,38.9,FALSE
1/1/2023,272.49866,270.38232,274.615,0.25616534,-2.24586345,78625.0325,0.001197258,53505.062,0.9832028,-1.23E-05,277.15869,0.001197389,2.260425473,-0.65134,-2.76768,1.465,0.053505062,38.91,FALSE
1/2/2023,268.01795,266.2317,269.8042,1.9784484,-2.3578143,78946.22,1.38E-05,99772.875,0.91000675,-7.57E-07,277.483035,1.37E-05,3.07791266,-5.13205,-6.9183,-3.3458,0.099772875,38.94,FALSE
1/3/2023,265.323855,265.17554,265.47217,-0.28521638,1.4737463,78990.8125,7.04E-05,109587.125,0.66159868,1.73E-06,277.38989,7.03E-05,1.501091783,-7.826145,-7.97446,-7.67783,0.109587125,38.97,FALSE
1/4/2023,264.57715,262.6709,266.4834,-0.50475031,1.99161865,79605.6875,4.71E-06,79784.69,0.80924835,6.90E-06,277.17737,4.94E-06,2.054584562,-8.57285,-10.4791,-6.6666,0.07978469,38.97,FALSE
1/5/2023,273.18701,271.20117,275.17285,-2.3668704,3.943389,79372.625,9.02E-05,71491.81,0.903324395,1.12E-05,277.075815,9.05E-05,4.599173001,0.03701,-1.94883,2.02285,0.07149181,38.95,FALSE
1/6/2023,272.05517,270.62134,273.489,1.181308978,0.51358324,79513.78,6.32E-05,89623.69,0.9715545,5.08E-06,277.356205,6.31E-05,1.288122139,-1.09483,-2.52866,0.339,0.08962369,38.99,FALSE
1/7/2023,267.632085,264.85547,270.4087,-0.56805359,1.81581065,80221.25,8.17E-07,82383.94,0.877765535,1.45E-06,277.40442,8.21E-07,1.90259118,-5.517915,-8.29453,-2.7413,0.08238394,38.98,FALSE
1/8/2023,272.92823,272.16016,273.6963,-1.8055382,3.2167797,79692.6875,6.38E-07,128627,0.955123815,1.91E-06,277.24207,6.60E-07,3.688853457,-0.22177,-0.98984,0.5463,0.128627,38.97,FALSE
1/9/2023,272.2887,270.79102,273.78638,-1.119327085,2.6752401,79640.75,0.000936697,39596.793,0.509433361,5.44E-06,277.1333,0.000838093,2.899965985,-0.8613,-2.35898,0.63638,0.039596793,38.95,FALSE
1/10/2023,274.77893,272.9602,276.59766,-1.24666715,1.820652,79144.375,4.49E-05,62347.51,0.9584008,1.98E-06,277.325195,4.42E-05,2.206570345,1.62893,-0.1898,3.44766,0.06234751,38.93,FALSE
1/11/2023,270.92322,267.74707,274.09937,1.126524615,0.356881405,79245.97,1.84E-06,93580.31,0.463255399,-1.61E-06,277.6272,1.82E-06,1.181703028,-2.22678,-5.40293,0.94937,0.09358031,39,FALSE
1/12/2023,271.142215,269.82886,272.45557,-1.2979164,1.52517555,80320.625,1.14E-05,106726.56,0.8989167,-1.98E-06,277.614015,1.09E-05,2.002685058,-2.007785,-3.32114,-0.69443,0.10672656,39,FALSE
1/13/2023,271.02283,269.04736,272.9983,-1.4800377,1.6324773,80381.0925,0,95258.5,0.9899902,-4.20E-06,277.49902,0,2.203518488,-2.12717,-4.10264,-0.1517,0.0952585,38.97,FALSE
1/14/2023,272.972665,271.2693,274.67603,-1.18793535,2.4477754,79505.97,0.000291247,54247.79,0.976453695,3.40E-07,277.311645,0.000290894,2.720807749,-0.177335,-1.8807,1.52603,0.05424779,38.93,FALSE
1/15/2023,271.55273,268.6162,274.48926,-0.15408565,2.2750445,78464.4375,2.98E-05,139240.62,0.97116895,4.84E-06,277.261355,2.99E-05,2.280256535,-1.59727,-4.5338,1.33926,0.13924062,38.93,FALSE
1/16/2023,267.82434,265.92285,269.72583,-0.52821167,1.087205715,78451.9075,0.000407336,75124,0.71744995,-1.80E-06,277.247065,0.000407143,1.208728189,-5.32566,-7.22715,-3.42417,0.075124,38.94,FALSE
1/17/2023,269.29321,268.68774,269.89868,1.356163,-0.71972458,78374.0325,0.000254622,101473.5,0.9218981,1.04E-06,277.2323,0.000254653,1.535311549,-3.85679,-4.46226,-3.25132,0.1014735,38.98,FALSE
1/18/2023,266.71375,264.5254,268.9021,1.8276043,-0.89428925,79349.375,1.59E-06,128871.44,0.603173375,4.53E-06,277.238285,1.72E-06,2.034672146,-6.43625,-8.6246,-4.2479,0.12887144,39,FALSE
1/19/2023,265.9652,265.385,266.5454,-0.402197065,2.15328355,79488.3125,0.000724884,77906.25,0.9576611,-2.70E-06,277.03052,0.000724592,2.190523345,-7.1848,-7.765,-6.6046,0.07790625,38.99,FALSE
1/20/2023,266.37488,264.1023,268.64746,1.9942732,-2.75127935,79733.47,1.60E-05,123867.19,0.82022169,3.35E-06,276.95935,1.60E-05,3.398038207,-6.77512,-9.0477,-4.50254,0.12386719,39.02,FALSE
1/21/2023,259.78453,255.82248,263.74658,1.3505011,0.039889115,80382.47,2.09E-06,145686.81,0.835736,2.66E-06,276.846435,1.90E-06,1.351090065,-13.36547,-17.32752,-9.40342,0.14568681,39.01,FALSE
1/22/2023,263.548585,262.56787,264.5293,1.10495635,0.33871025,79996.25,8.64E-05,104251.31,0.498353049,3.01E-06,276.524775,8.64E-05,1.15570462,-9.601415,-10.58213,-8.6207,0.10425131,38.98,FALSE
1/23/2023,265.47058,264.1914,266.74976,2.03273435,-4.0247259,79715.125,3.08E-05,141315.06,0.7385237,6.58E-06,276.269775,3.08E-05,4.508927534,-7.67942,-8.9586,-6.40024,0.14131506,39.01,FALSE
1/24/2023,260.464475,258.22485,262.7041,1.6034393,-0.510169983,80325,1.64E-06,159874.94,0.81257653,2.22E-06,276.19946,1.78E-06,1.68264405,-12.685525,-14.92515,-10.4459,0.15987494,39.03,FALSE
1/25/2023,263.220585,261.57837,264.8628,1.6658406,0.004499915,80617.25,7.62E-06,136531.62,0.503850941,2.12E-06,275.978885,7.57E-06,1.665846678,-9.929415,-11.57163,-8.2872,0.13653162,39.03,FALSE
1/26/2023,267.609735,266.8369,268.38257,1.6855769,-1.43134595,80878.7175,8.76E-06,137366.31,0.49944335,3.19E-06,275.88733,8.48E-06,2.211316512,-5.540265,-6.3131,-4.76743,0.13736631,39.03,FALSE
1/27/2023,266.47754,263.03003,269.92505,1.6909995,0.859104213,80613.625,3.07E-06,175120.5,0.966839035,2.50E-07,275.96936,3.04E-06,1.896718049,-6.67246,-10.11997,-3.22495,0.1751205,38.98,FALSE
1/28/2023,268.91931,264.59448,273.24414,1.8185649,0.04534882,79534.31,1.96E-06,155627.31,0.53484631,5.11E-06,275.945675,2.27E-06,1.819130235,-4.23069,-8.55552,0.09414,0.15562731,38.97,FALSE
1/29/2023,265.27405,262.5127,268.0354,0.74483786,1.83962585,79000.31,0.000142577,137797.94,0.27103555,-4.53E-06,275.861085,0.000142605,1.984693101,-7.87595,-10.6373,-5.1146,0.13779794,38.98,FALSE
1/30/2023,262.294315,257.2837,267.30493,-0.133910508,-2.2411542,79233.47,1.61E-06,230745.5,0.69430483,-3.20E-07,275.69238,1.73E-06,2.245151258,-10.855685,-15.8663,-5.84507,0.2307455,39.02,FALSE
1/31/2023,253.59556,248.44478,258.74634,0.47931627,-0.48767905,79973.625,4.77E-07,232329.94,0.302866215,4.03E-07,275.267215,3.86E-07,0.683794518,-19.55444,-24.70522,-14.40366,0.23232994,39.03,FALSE
2/1/2023,259.790405,256.13696,263.44385,-0.213050482,0.831330135,80163.25,0,245934.06,0.235747511,1.18E-06,274.71155,0,0.858195957,-13.359595,-17.01304,-9.70615,0.24593406,39.03,FALSE
2/2/2023,263.74451,259.69507,267.79395,-0.674948485,1.226905385,80364.845,0,261762.81,0.034069203,2.00E-06,274.39672,0,1.400304353,-9.40549,-13.45493,-5.35605,0.26176281,39.04,FALSE
2/3/2023,268.070555,266.24658,269.89453,-1.34710835,1.6826501,80425.0625,0,244892.38,0.78159412,9.54E-07,274.32459,0,2.155461033,-5.079445,-6.90342,-3.25547,0.24489238,39.02,FALSE
2/4/2023,268.588865,263.69458,273.48315,-0.625642,1.49079705,80137.75,0,241986.38,0.92365697,1.29E-06,274.415895,0,1.616757173,-4.561135,-9.45542,0.33315,0.24198638,39.02,FALSE
2/5/2023,271.54431,271.27026,271.81836,-0.1592832,2.0190258,79664.655,0.000389415,251294.44,0.73112045,1.87E-06,274.45349,0.00038837,2.025299069,-1.60569,-1.87974,-1.33164,0.25129444,39.01,FALSE
2/6/2023,269.01086,265.9873,272.03442,1.521640415,-0.006162535,79846.5925,3.75E-06,268448.12,0.71688865,-2.89E-06,274.585935,3.70E-06,1.521652894,-4.13914,-7.1627,-1.11558,0.26844812,39.05,FALSE
2/7/2023,265.3363,259.5813,271.0913,1.74951985,-1.2358912,80496.5325,3.19E-07,237067.75,0.8276712,1.49E-06,274.581915,3.98E-07,2.142019319,-7.8137,-13.5687,-2.0587,0.23706775,39.05,FALSE
2/8/2023,267.462645,264.21753,270.70776,0.8155325,0.695642315,80495.31,0,303030.88,0.508227288,1.07E-06,274.53894,6.27E-08,1.071919535,-5.687355,-8.93247,-2.44224,0.30303088,39.04,FALSE
2/9/2023,269.08911,265.52075,272.65747,0.816634635,0.05455045,80610.3125,6.38E-07,252188.69,0.357756247,-4.58E-06,274.52722,6.82E-07,0.818454567,-4.06089,-7.62925,-0.49253,0.25218869,39.05,FALSE
2/10/2023,265.188845,261.57886,268.79883,-1.20979835,1.2264489,80599.875,6.38E-07,336571.2,0.687232255,-6.18E-06,274.42432,7.82E-07,1.722727184,-7.961155,-11.57114,-4.35117,0.3365712,39.02,FALSE
2/11/2023,270.745365,268.0088,273.48193,-1.7561297,1.44945145,79659.22,0,303057.8,0.7882995,-2.48E-06,274.42028,0,2.277037775,-2.404635,-5.1412,0.33193,0.3030578,39.01,FALSE
2/12/2023,269.62244,265.89136,273.35352,-0.47276816,0.57062161,79589.125,0,360990.25,0.221042185,-3.53E-06,274.410885,0,0.741025475,-3.52756,-7.25864,0.20352,0.36099025,39.03,FALSE
2/13/2023,266.985475,261.95557,272.01538,0.17279342,-0.273345,79658.345,0,391066.88,0.011181101,-8.48E-06,274.24731,0,0.323380666,-6.164525,-11.19443,-1.13462,0.39106688,39,FALSE
2/14/2023,268.664185,265.31665,272.01172,1.5957327,2.24706288,78669.69,6.09E-05,349496.5,0.5,-2.30E-05,274.122065,6.09E-05,2.756021487,-4.485815,-7.83335,-1.13828,0.3494965,39.01,FALSE
2/15/2023,264.909305,264.33008,265.48853,2.62831495,-4.03906965,78966.94,5.13E-05,317128.44,0.7830621,-1.62E-05,274.065185,5.16E-05,4.818933815,-8.240695,-8.81992,-7.66147,0.31712844,39.06,FALSE
2/16/2023,261.57306,255.09192,268.0542,1.280777085,-0.49626255,80133.53,0,374117.12,0.412165195,-1.26E-06,273.9032,1.98E-08,1.373559777,-11.57694,-18.05808,-5.0958,0.37411712,39.06,FALSE
2/17/2023,261.783085,257.3335,266.23267,-1.22596385,1.2152484,80125.75,0,393203.75,0.87135655,7.79E-07,273.572755,0,1.726214365,-11.366915,-15.8165,-6.91733,0.39320375,39.05,FALSE
2/18/2023,264.493045,258.41187,270.57422,-0.1883037,1.054292925,79856.375,0,341639.7,0.82163175,-7.34E-07,273.293945,0,1.070977056,-8.656955,-14.73813,-2.57578,0.3416397,39.04,FALSE
2/19/2023,267.514405,263.40283,271.62598,1.1092243,1.4384427,79719.3125,0,401807.38,0.502177605,-4.23E-06,273.18383,0,1.816451472,-5.635595,-9.74717,-1.52402,0.40180738,39.06,FALSE
2/20/2023,269.6886,264.8684,274.5088,1.48429295,1.2407282,80080.25,0,394446.06,0.7742988,-4.30E-06,273.29761,0,1.93456249,-3.4614,-8.2816,1.3588,0.39444606,39.05,FALSE
2/21/2023,273.32569,270.3108,276.34058,1.8231816,1.068384585,79568.8425,0.000444453,274185.25,0.251808215,-1.40E-05,273.468875,0.000315321,2.113158008,0.17569,-2.8392,3.19058,0.27418525,38.97,FALSE
2/22/2023,269.84155,264.93774,274.74536,2.5679569,-0.965825635,77606,8.72E-05,313565.94,0.8733536,-2.83E-05,273.82019,8.60E-05,2.743578283,-3.30845,-8.21226,1.59536,0.31356594,38.99,FALSE
2/23/2023,264.43531,263.1194,265.75122,2.21742838,2.0669975,78156.2175,3.65E-05,313642.75,0.640220115,-1.61E-05,273.81958,3.66E-05,3.031413414,-8.71469,-10.0306,-7.39878,0.31364275,39.02,FALSE
2/24/2023,264.64331,262.27515,267.01147,-0.47394107,2.28843545,78698.7175,4.08E-05,303155.8,0.501868755,-1.50E-05,273.55188,4.06E-05,2.336997421,-8.50669,-10.87485,-6.13853,0.3031558,39.05,FALSE
2/25/2023,270.88562,270.71558,271.05566,-3.15437275,4.1586494,79172.03,4.42E-06,348748.88,0.95924065,-5.99E-06,273.405035,4.23E-06,5.219619936,-2.26438,-2.43442,-2.09434,0.34874888,39.04,FALSE
2/26/2023,272.657715,271.3811,273.93433,-0.41643285,1.87483455,78720.435,7.79E-05,236427.75,0.91510185,-1.55E-05,273.596315,7.77E-05,1.920526206,-0.492285,-1.7689,0.78433,0.23642775,39.04,FALSE
2/27/2023,270.79688,268.2295,273.36426,0.35116288,3.43307975,78920.625,9.31E-05,258450,0.781659245,-2.42E-05,273.838015,9.32E-05,3.450992892,-2.35312,-4.9205,0.21426,0.25845,39.03,FALSE
2/28/2023,268.57471,265.01514,272.13428,2.0241823,4.2366481,78574.0325,5.53E-05,219908.25,0.478138849,-3.64E-05,273.92798,5.54E-05,4.695370178,-4.57529,-8.13486,-1.01572,0.21990825,39.03,FALSE
3/1/2023,269.1947,268.19336,270.19604,0.282029248,2.3117542,78227.3425,0.000316502,253681.12,0.969291485,-1.71E-05,273.822875,0.000316561,2.328894153,-3.9553,-4.95664,-2.95396,0.25368112,39.04,FALSE
3/2/2023,263.98181,259.83496,268.12866,1.24834307,-2.78261271,79147.44,0,298256.62,0.345005099,-2.31E-06,273.807615,0,3.049802275,-9.16819,-13.31504,-5.02134,0.29825662,39.08,FALSE
3/3/2023,267.39563,266.99194,267.79932,1.1802901,1.01016085,79423.22,9.74E-06,322232,0.93695095,-8.53E-07,273.57605,9.94E-06,1.553547445,-5.75437,-6.15806,-5.35068,0.322232,39.05,FALSE
3/4/2023,270.0559,267.489,272.6228,0.080682365,1.82557965,79037.97,5.30E-05,284373,0.98158613,-1.19E-05,273.4773,5.32E-05,1.827361678,-3.0941,-5.661,-0.5272,0.284373,39.03,FALSE
3/5/2023,268.121705,263.98145,272.26196,0.1738923,2.85842085,78531.8425,0.00055181,173424.5,0.388261255,-5.98E-06,273.48938,0.000548228,2.863705342,-5.028295,-9.16855,-0.88804,0.1734245,39.05,FALSE
3/6/2023,266.91992,263.77832,270.06152,1.30354405,0.169242435,79129.1575,1.75E-05,232740.81,0.83791122,-5.26E-06,273.495485,1.78E-05,1.314484725,-6.23008,-9.37168,-3.08848,0.23274081,39.07,FALSE
3/7/2023,264.812625,261.75098,267.87427,-0.390701555,1.37114415,79524.625,6.59E-06,272321,0.607939325,-5.40E-06,273.525515,6.67E-06,1.425722268,-8.337375,-11.39902,-5.27573,0.272321,39.07,FALSE
3/8/2023,267.436035,265.46533,269.40674,-0.33229372,1.32202258,79350.685,6.36E-05,279497.75,0.533422795,-1.36E-05,273.48377,6.27E-05,1.36314446,-5.713965,-7.68467,-3.74326,0.27949775,39.06,FALSE
3/9/2023,265.57679,260.7339,270.41968,1.854458685,0.884621565,79572.845,0,256529.81,0.158936121,-9.53E-06,273.37586,0,2.054646521,-7.57321,-12.4161,-2.73032,0.25652981,39.06,FALSE
3/10/2023,274.93518,273.96606,275.9043,-1.33938162,4.44882345,78950.78,0.000909756,127182.375,1,2.91E-06,273.31873,0.000209199,4.646070728,1.78518,0.81606,2.7543,0.127182375,39.02,FALSE
3/11/2023,275.18969,273.2141,277.16528,1.3964395,1.352484697,79028.4675,0.000237407,238063.38,0.88260467,-2.29E-06,273.680295,0.000217678,1.944031412,2.03969,0.0641,4.01528,0.23806338,39.06,FALSE
3/12/2023,275.089225,273.69775,276.4807,0.75125386,0.7458586,79474.5,4.74E-05,351783.62,0.407262265,-4.76E-06,274.048095,1.22E-05,1.058625247,1.939225,0.54775,3.3307,0.35178362,39.07,FALSE
3/13/2023,274.97388,272.1045,277.84326,-0.243057665,1.7964997,79698.44,0,519588.5,0.9681263,-1.18E-05,274.288335,0,1.812867397,1.82388,-1.0455,4.69326,0.5195885,39.06,FALSE
3/14/2023,276.29992,273.9204,278.67944,-0.570462015,2.03624875,79492.6575,7.21E-06,399524.2,0.61441517,-8.18E-06,274.44115,0,2.114647933,3.14992,0.7704,5.52944,0.3995242,39.03,FALSE
3/15/2023,276.843385,274.23145,279.45532,0.3989186,3.75821933,78923.155,0.000443792,531813.06,0.632861285,-3.41E-05,274.56177,0.000329641,3.779331764,3.693385,1.08145,6.30532,0.53181306,39.05,FALSE
3/16/2023,270.60949,267.364,273.85498,0.223912032,-2.513059975,79611.935,0,666337.9,0.172623685,-4.92E-05,274.63489,0,2.523015465,-2.54051,-5.786,0.70498,0.6663379,39.08,FALSE
3/17/2023,269.13489,264.4983,273.77148,-1.056281019,-0.35081152,79806.405,0,711528.44,0,-4.04E-05,274.548335,0,1.113013168,-4.01511,-8.6517,0.62148,0.71152844,39.08,FALSE
3/18/2023,269.93836,264.9607,274.91602,-1.26753295,0.395865,79995.8125,0,734182.06,0.4999172,-4.62E-05,274.44226,0,1.327911472,-3.21164,-8.1893,1.76602,0.73418206,39.07,FALSE
3/19/2023,274.8451,272.0923,277.5979,-1.7040515,1.3023889,79697.1875,0.000649911,199186.75,0.608483135,-2.13E-05,274.448245,0.000649962,2.144763008,1.6951,-1.0577,4.4479,0.19918675,39.03,FALSE
3/20/2023,274.022095,272.97534,275.06885,0.00454425,3.2011785,78895.19,0.000553714,526162.7,0.985495565,-5.39E-05,274.56201,0.000549946,3.201181725,0.872095,-0.17466,1.91885,0.5261627,39.03,FALSE
3/21/2023,272.813845,268.36304,277.26465,1.29518895,0.48059547,78825.9375,0.000734017,285675.44,0.591766895,-3.05E-05,274.617065,0.000733875,1.381479794,-0.336155,-4.78696,4.11465,0.28567544,39.02,FALSE
3/22/2023,271.302975,269.48975,273.1162,-0.87942412,0.790344825,78264.5,0.000382568,425101.06,0.96682333,-4.38E-05,274.54334,0.000382477,1.182383916,-1.847025,-3.66025,-0.0338,0.42510106,39.06,FALSE
3/23/2023,271.227295,267.97925,274.47534,2.44231175,0.82385445,79406.1875,0.000158229,495695.2,0.587834245,-4.57E-05,274.56799,0.000152403,2.577522617,-1.922705,-5.17075,1.32534,0.4956952,39.08,FALSE
3/24/2023,270.44385,265.4353,275.4524,1.8285346,1.14512781,79524.2825,9.75E-05,488417.2,0.86021495,-7.94E-05,274.55286,9.55E-05,2.157511642,-2.70615,-7.7147,2.3024,0.4884172,39.08,FALSE
3/25/2023,268.54895,266.07446,271.02344,2.68684675,-1.03859248,79809.375,3.72E-05,550584.2,0.503053525,-5.82E-05,274.37207,3.71E-05,2.880593654,-4.60105,-7.07554,-2.12656,0.5505842,39.07,FALSE
3/26/2023,267.06787,263.40894,270.7268,1.76496238,-0.79797546,79506.375,0.000126,536477.7,0.922466385,-3.73E-05,273.937135,0.0001261,1.936971099,-6.08213,-9.74106,-2.4232,0.5364777,39.07,FALSE
3/27/2023,263.510985,258.67993,268.34204,1.42517773,-0.7603307,79947.125,0,595201.8,0.27788665,-3.94E-05,273.597655,0,1.615312458,-9.639015,-14.47007,-4.80796,0.5952018,39.08,FALSE
3/28/2023,268.33996,266.0642,270.61572,-1.81144285,2.52581025,79845.625,0,504412.44,0.868426385,-5.41E-05,273.21887,0,3.108221777,-4.81004,-7.0858,-2.53428,0.50441244,39.04,FALSE
3/29/2023,275.468875,274.46655,276.4712,-1.026514817,4.7953177,78856.125,0.000768991,221099.06,0.92582562,-2.11E-05,273.305665,0.000672656,4.903958046,2.318875,1.31655,3.3212,0.22109906,39.03,FALSE
3/30/2023,268.869385,265.63843,272.10034,0.60799606,-0.06878365,78718.9375,1.05E-06,378722.38,0.6032565,-2.43E-05,273.51734,1.15E-06,0.611874497,-4.280615,-7.51157,-1.04966,0.37872238,39.05,FALSE
3/31/2023,269.30371,265.73755,272.86987,2.50713205,0.835984983,79280.565,0,427850.88,0.6551453,-9.05E-06,273.4342,0,2.642835978,-3.84629,-7.41245,-0.28013,0.42785088,39.09,FALSE
4/1/2023,272.311885,269.84814,274.77563,0.565064365,2.56179765,79817.94,0,440773.38,0.50690231,-1.23E-05,273.33081,0,2.623376629,-0.838115,-3.30186,1.62563,0.44077338,39.07,FALSE
4/2/2023,273.047485,269.61157,276.4834,1.71154405,2.0689411,79541.4375,1.18E-06,428587.25,0.33234682,-1.20E-05,273.329225,1.21E-06,2.685125753,-0.102515,-3.53843,3.3334,0.42858725,39.05,FALSE
4/3/2023,273.650025,269.7815,277.51855,1.9110899,0.449106345,78760.25,0.0002306,384553.94,0.69975637,-3.82E-05,273.495965,0.000230349,1.963150813,0.500025,-3.3685,4.36855,0.38455394,39.05,FALSE
4/4/2023,266.39892,265.2893,267.50854,4.20407015,-3.22742895,78859.78,0.000165473,434932,0.869649075,-4.89E-05,273.556515,0.000165182,5.300047495,-6.75108,-7.8607,-5.64146,0.434932,39.08,FALSE
4/5/2023,265,260.55444,269.44556,2.0414562,-0.71071575,79593.6875,0,481681.62,0.25474626,-1.18E-05,273.33924,5.69E-08,2.161633709,-8.15,-12.59556,-3.70444,0.48168162,39.09,FALSE
4/6/2023,265.86755,261.19238,270.54272,-0.19911773,0.99120545,79997.5325,0,490672.5,0.175390287,-1.19E-05,273.07263,0,1.011007475,-7.28245,-11.95762,-2.60728,0.4906725,39.08,FALSE
4/7/2023,271.738275,268.65625,274.8203,-1.2507286,1.3492734,79757.9675,0,449746.88,0.52313573,-6.67E-06,272.929325,0,1.839799103,-1.411725,-4.49375,1.6703,0.44974688,39.07,FALSE
4/8/2023,275.252075,273.01025,277.4939,0.325800335,0.203489985,79609.625,0,513595.94,0.943249915,-2.06E-06,273.151975,0,0.384127625,2.102075,-0.13975,4.3439,0.51359594,39.09,FALSE
4/9/2023,276.382815,272.51733,280.2483,0.415952145,1.18373905,80146.625,0,643229.3,0.48896867,-2.31E-06,273.37597,0,1.254692921,3.232815,-0.63267,7.0983,0.6432293,39.11,FALSE
4/10/2023,277.616815,272.6223,282.61133,-0.804360475,1.30886012,80504.375,0,721803,0.174568895,-2.74E-06,273.54383,0,1.536265142,4.466815,-0.5277,9.46133,0.721803,39.08,FALSE
4/11/2023,280.743165,278.73926,282.74707,-0.50875091,2.18823195,79992.5325,0,650541.25,0.005821752,-4.61E-06,273.67529,0,2.246594435,7.593165,5.58926,9.59707,0.65054125,39.07,FALSE
4/12/2023,279.632815,276.344,282.92163,1.0884044,0.67279075,79478.72,0,819963,0.488568697,-3.30E-06,273.770875,0,1.279559116,6.482815,3.194,9.77163,0.819963,39.04,FALSE
4/13/2023,274.404175,268.3855,280.42285,1.1884384,-0.59588035,78910.19,1.20E-06,852928.8,0.315853132,-8.14E-05,273.81983,1.28E-06,1.329458244,1.254175,-4.7645,7.27285,0.8529288,39.06,FALSE
4/14/2023,269.805175,265.28638,274.32397,0.215838065,-0.44982965,79095.4675,0,899148.8,0.39960575,-5.82E-05,273.76405,0,0.498931643,-3.344825,-7.86362,1.17397,0.8991488,39.08,FALSE
4/15/2023,272.95972,267.68848,278.23096,0.885218802,1.30655955,79746.53,0,919857.25,0.078388335,-8.87E-06,273.62316,0,1.578198398,-0.19028,-5.46152,5.08096,0.91985725,39.09,FALSE
4/16/2023,276.266725,271.34082,281.19263,-0.53468358,1.86086465,80067.345,0,943193.1,0.14359474,-1.29E-05,273.56958,0,1.936156961,3.116725,-1.80918,8.04263,0.9431931,39.07,FALSE
4/17/2023,278.917365,274.9944,282.84033,1.30340335,1.60912352,79600.6575,0,586991.8,0.43961225,-1.18E-05,273.56128,0,2.07078217,5.767365,1.8444,9.69033,0.5869918,39.05,FALSE
4/18/2023,275.59266,271.1548,280.03052,2.22498605,1.2051472,78922.625,1.58E-07,919875.94,0.539105175,-0.000138295,273.37317,2.52E-07,2.530403663,2.44266,-1.9952,6.88052,0.91987594,39.06,FALSE
4/19/2023,270.17652,265.82764,274.5254,2.767121175,-0.2600798,79409.1875,2.96E-06,948012.06,0.029973359,-0.00011739,272.894035,3.07E-06,2.779316661,-2.97348,-7.32236,1.3754,0.94801206,39.08,FALSE
4/20/2023,271.13599,266.36304,275.90894,2.4638272,0.034031805,80010.0625,0,1030000,0.240175725,-7.12E-05,272.498535,0,2.464062222,-2.01401,-6.78696,2.75894,1.03,39.1,FALSE
4/21/2023,274.26892,270.49316,278.04468,1.72376585,1.55984115,80416.655,5.13E-05,756203.94,0.424328475,-5.34E-05,272.708985,0,2.32475227,1.11892,-2.65684,4.89468,0.75620394,39.09,FALSE
4/22/2023,277.99121,272.8728,283.10962,1.9261446,-0.4618101,80290.0325,3.80E-05,1090000,0.831125175,-9.22E-05,274.54212,0,1.980732589,4.84121,-0.2772,9.95962,1.09,39.07,FALSE
4/23/2023,277.21423,271.62036,282.8081,0.464829714,0.0984955,79749.7825,3.67E-05,1410000,0.66979665,-0.000169769,276.38586,0,0.475150531,4.06423,-1.52964,9.6581,1.41,39.05,FALSE
4/24/2023,280.03772,273.729,286.34644,1.45018265,1.114981035,79462.22,0,1700000,0.435210135,-0.000310684,278.30628,0,1.829265543,6.88772,0.579,13.19644,1.7,39.06,FALSE
4/25/2023,280.293815,272.5952,287.99243,3.64563465,-1.8946805,79612.5325,0,1620000,0.190771935,-0.000238131,278.742435,0,4.108584452,7.143815,-0.5548,14.84243,1.62,39.09,FALSE
4/26/2023,278.761725,273.7151,283.80835,1.12018995,-1.085034,80088.6575,0,1710000,0.47695795,-0.000271776,278.75561,0,1.559526949,5.611725,0.5651,10.65835,1.71,39.09,FALSE
4/27/2023,282.17273,275.7627,288.58276,1.2882104,-1.0060954,80113.9075,0,1740000,0.29911444,-0.000325874,281.28418,0,1.634537852,9.02273,2.6127,15.43276,1.74,39.08,FALSE
4/28/2023,286.212165,280.7068,291.71753,1.05243675,-1.7740432,80147.905,0,1770000,0.362772405,-0.00031298,282.432005,0,2.062729354,13.062165,7.5568,18.56753,1.77,39.09,FALSE
4/29/2023,286.06946,277.86084,294.27808,0.25582507,1.63915775,80289.6575,0,1550000,0.000914977,-0.000313035,284.27234,0,1.659001084,12.91946,4.71084,21.12808,1.55,39.08,FALSE
4/30/2023,288.394775,279.68823,297.10132,1.82276965,1.25247005,79961.375,3.65E-07,1760000,0.61043223,-0.00037995,285.76966,0,2.211599065,15.244775,6.53823,23.95132,1.76,39.05,FALSE
5/1/2023,289.50745,281.4502,297.5647,-0.1301799,2.1693873,79112.0925,3.39E-05,1720000,0.256415245,-0.000371975,285.96264,0,2.173289687,16.35745,8.3002,24.4147,1.72,39.03,FALSE
5/2/2023,286.36719,279.84888,292.8855,-1.26489925,6.04718625,78643.875,0,1730000,0.198858884,-0.000343463,284.41919,0,6.178060509,13.21719,6.69888,19.7355,1.73,39.06,FALSE
5/3/2023,283.212405,277.82715,288.59766,-3.3540215,4.1041174,79130.44,5.90E-06,1230000,0.143157968,-0.000250224,282.78125,0,5.300305638,10.062405,4.67715,15.44766,1.23,39.06,FALSE
5/4/2023,283.51245,277.58716,289.43774,-1.30317495,3.59786462,78956.065,0.000140867,1470000,0.671639065,-0.000183166,282.12085,0,3.826603556,10.36245,4.43716,16.28774,1.47,39.06,FALSE
5/5/2023,278.141115,275.47705,280.80518,1.3588548,2.4085884,79064.125,4.11E-05,1210000,0.68708462,-0.000167834,281.75977,3.94E-06,2.765462791,4.991115,2.32705,7.65518,1.21,39.08,FALSE
5/6/2023,277.48804,275.05176,279.92432,1.09674215,-1.00595565,79453.345,0.0001375,1550000,0.97406688,-0.000194385,280.039425,4.34E-05,1.488217092,4.33804,1.90176,6.77432,1.55,39.08,FALSE
5/7/2023,275.974365,272.27295,279.67578,2.18222455,0.66155508,79632.5625,1.91E-06,1230000,0.248096915,-0.000205078,279.87659,4.56E-07,2.280298031,2.824365,-0.87705,6.52578,1.23,39.09,FALSE
5/8/2023,280.31042,275.18164,285.4392,2.54924485,0.154822175,79640.2175,8.27E-05,1550000,0.336502375,-0.000269878,280.92212,0,2.553941897,7.16042,2.03164,12.2892,1.55,39.08,FALSE
5/9/2023,279.733885,272.45703,287.01074,2.89252992,0.54916625,79615.75,2.32E-06,1220000,0.7833239,-0.000182947,281.36047,0,2.944199876,6.583885,-0.69297,13.86074,1.22,39.08,FALSE
5/10/2023,281.01355,276.33325,285.69385,0.932075075,-1.72847985,79487.375,0.000565832,1450000,0.916487915,-0.000225161,282.605465,0,1.963773545,7.86355,3.18325,12.54385,1.45,39.08,FALSE
5/11/2023,280.044185,274.2019,285.88647,1.93796805,-0.7613114,79747.7825,0,840815.5,0.30271205,-0.000159648,283.00501,0,2.082141977,6.894185,1.0519,12.73647,0.8408155,39.1,FALSE
5/12/2023,283.272215,277.83496,288.70947,0.14578232,-2.187469,80027.625,0,1870000,0.4663874,-0.000259095,282.99915,0,2.192321398,10.122215,4.68496,15.55947,1.87,39.1,FALSE
5/13/2023,285.824465,279.88135,291.76758,-0.3423613,-2.78450155,80247.8425,2.94E-07,1670000,0.069082819,-0.000201154,285.646115,0,2.805469683,12.674465,6.73135,18.61758,1.67,39.09,FALSE
5/14/2023,284.451295,278.51392,290.38867,-0.87103448,-1.8394879,79945.4075,0.000176062,1340000,0.491619835,-0.000156818,285.977785,0,2.035292804,11.301295,5.36392,17.23867,1.34,39.09,FALSE
5/15/2023,285.013675,280.30762,289.71973,-0.569531125,2.9460072,80316.19,1.18E-05,1660000,0.307121575,-0.000222648,287.04321,0,3.00055397,11.863675,7.15762,16.56973,1.66,39.1,FALSE
5/16/2023,288.0205,280.989,295.052,2.596931975,1.23875765,80444.78,1.95E-05,1600000,0.294223949,-0.000193782,288.55615,0,2.877251501,14.8705,7.839,21.902,1.6,39.1,FALSE
5/17/2023,289.729615,282.94727,296.51196,1.5852512,0.703884622,80193.22,1.62E-06,1570000,0.358258275,-0.000175869,290.703125,0,1.734495583,16.579615,9.79727,23.36196,1.57,39.08,FALSE
5/18/2023,290.09449,283.6421,296.54688,2.3896428,0.3725728,79869,0,1730000,0.192819178,-0.000154732,290.3584,0,2.418512601,16.94449,10.4921,23.39688,1.73,39.09,FALSE
5/19/2023,290.25403,283.78662,296.72144,0.74358699,-1.29761925,80094.4675,0,1610000,0.18828866,-0.000125209,292.17261,0,1.495572576,17.10403,10.63662,23.57144,1.61,39.1,FALSE
5/20/2023,291.40698,284.01953,298.79443,-0.420645555,-1.28037237,80277.28,0,1850000,0.08846995,-9.94E-05,293.717035,0,1.347700296,18.25698,10.86953,25.64443,1.85,39.1,FALSE
5/21/2023,292.531375,285.25415,299.8086,-0.60470617,-0.66399715,80221.8425,0,1800000,0.125486299,-8.51E-05,295.34326,0,0.898087839,19.381375,12.10415,26.6586,1.8,39.09,FALSE
5/22/2023,292.460565,286.04053,298.8806,1.2893906,0.26509122,79941.69,1.43E-05,1290000,0.6895429,-7.25E-05,297.274415,0,1.316359174,19.310565,12.89053,25.7306,1.29,39.08,FALSE
5/23/2023,290.240725,283.85547,296.62598,1.34990556,1.01409712,79730.47,0.001265919,853793.75,0.569521845,-9.29E-05,295.5188,0,1.688383247,17.090725,10.70547,23.47598,0.85379375,39.07,FALSE
5/24/2023,285.980465,281.36987,290.59106,0.351222015,-0.07182515,79608.7825,0.001023123,1170000,0.9142737,-0.000184356,292.77026,0,0.358490943,12.830465,8.21987,17.44106,1.17,39.06,FALSE
5/25/2023,282.86023,280.21143,285.50903,1.13115564,0.5412638,79528.125,0.000318866,1330000,0.425630985,-0.000219647,290.031615,0,1.25398548,9.71023,7.06143,12.35903,1.33,39.07,FALSE
5/26/2023,284.38074,279.33472,289.42676,0.86001622,0.101399915,79468.0625,0.00020273,1090000,0.946371105,-0.000171335,289.99182,0,0.865973349,11.23074,6.18472,16.27676,1.09,39.08,FALSE
5/27/2023,283.020385,278.8833,287.15747,1.5360751,1.0224757,79695.5625,1.10E-05,1860000,0.507178791,-0.000273186,288.07275,0,1.845259675,9.870385,5.7333,14.00747,1.86,39.09,FALSE
5/28/2023,285.79272,280.51,291.07544,1.237231655,0.98275395,79732.75,8.09E-05,1300000,0.170773265,-0.000190738,289.45337,0,1.580046675,12.64272,7.36,17.92544,1.3,39.09,FALSE
5/29/2023,286.25048,281.05566,291.4453,-0.430712135,0.04443735,79704.0625,6.95E-06,1440000,0.9626272,-0.000208699,290.22168,0,0.432998408,13.10048,7.90566,18.2953,1.44,39.09,FALSE
5/30/2023,288.02661,281.81396,294.23926,0.839881875,2.1098661,79638.72,9.36E-06,1800000,0.80948612,-0.000202418,290.883785,0,2.270888928,14.87661,8.66396,21.08926,1.8,39.09,FALSE
5/31/2023,288.02625,281.4524,294.6001,1.4342656,1.908329345,79488.5,0.001217466,1290000,0.49687846,-0.000138819,291.5348,0,2.387224057,14.87625,8.3024,21.4501,1.29,39.09,FALSE
6/1/2023,285.314575,280.33447,290.29468,1.56757583,0.36768781,79421.25,0.000122731,1380000,0.821924225,-0.000199819,292.11914,0,1.610120588,12.164575,7.18447,17.14468,1.38,39.1,FALSE
6/2/2023,285.45715,279.68066,291.23364,0.83776009,0.39088805,79664.435,0,1950000,0.86987563,-0.000245771,290.83239,0,0.924464946,12.30715,6.53066,18.08364,1.95,39.11,FALSE
6/3/2023,285.95642,279.14404,292.7688,2.9940225,0.04293675,79928,8.18E-07,1930000,0.062368095,-0.000189562,289.972415,0,2.994330358,12.80642,5.99404,19.6188,1.93,39.11,FALSE
6/4/2023,287.20325,281.4004,293.0061,0.34087199,-1.36740607,80007.405,8.39E-06,1640000,0.309681265,-0.000149483,291.355225,0,1.409252665,14.05325,8.2504,19.8561,1.64,39.11,FALSE
6/5/2023,288.778075,282.42798,295.12817,0.056750952,-0.8459363,79913.94,4.95E-06,1220000,0.591870125,-0.000109229,292.74231,0,0.847837776,15.628075,9.27798,21.97817,1.22,39.1,FALSE
6/6/2023,289.720335,284.64453,294.79614,-1.07817315,0.357281575,79690.375,2.80E-05,1790000,0.453887182,-0.000157734,294.38379,0,1.135828977,16.570335,11.49453,21.64614,1.79,39.09,FALSE
6/7/2023,288.05542,282.17358,293.93726,0.00399255,0.67505034,79518.78,7.26E-05,1540000,0.04433915,-0.000116602,292.5614,0,0.675062147,14.90542,9.02358,20.78726,1.54,39.11,FALSE
6/8/2023,287.03601,280.75366,293.31836,-1.098192985,2.21247005,79761.8125,0.000165988,1520000,0.81489988,-7.84E-05,292.95801,0,2.470030679,13.88601,7.60366,20.16836,1.52,39.11,FALSE
6/9/2023,287.4828,282.8672,292.0984,0.97707125,2.4066696,79870.625,2.53E-05,1510000,0.633859725,-0.000128518,294.661745,0,2.597446206,14.3328,9.7172,18.9484,1.51,39.11,FALSE
6/10/2023,286.811165,281.9922,291.63013,0.445812675,0.9886287,79892.155,0.000175408,1090000,0.60275345,-0.000103593,293.052855,0,1.084497878,13.661165,8.8422,18.48013,1.09,39.1,FALSE
6/11/2023,286.780525,281.1089,292.45215,0.56846092,1.48274575,79662.75,0.000309558,1160000,0.987586175,-0.000126957,293.755495,0,1.587980723,13.630525,7.9589,19.30215,1.16,39.1,FALSE
6/12/2023,284.27613,280.2527,288.29956,0.57488495,0.69980185,79689,0.000115398,1580000,0.820346115,-0.000218779,291.188595,0,0.905657405,11.12613,7.1027,15.14956,1.58,39.11,FALSE
6/13/2023,286.557375,282.66235,290.4524,1.45383735,-0.05392868,79840.125,0.003307972,1180000,0.5277806,-0.000215439,291.429445,0,1.454837222,13.407375,9.51235,17.3024,1.18,39.11,FALSE
6/14/2023,286.42835,283.6963,289.1604,1.36393165,-0.42539059,79875.435,4.95E-05,1530000,0.86739872,-0.000261291,291.535525,0,1.428729051,13.27835,10.5463,16.0104,1.53,39.09,FALSE
6/15/2023,288.2052,283.29297,293.11743,2.417192935,-1.186166165,79592.03,0,2020000,0.252563221,-0.00026376,290.551635,0,2.692547466,15.0552,10.14297,19.96743,2.02,39.11,FALSE
6/16/2023,285.724115,278.22803,293.2202,2.03973435,-1.826639103,79991.2175,0,1990000,0.15915555,-0.000205109,289.7168,0,2.738088134,12.574115,5.07803,20.0702,1.99,39.12,FALSE
6/17/2023,287.147705,280.26953,294.02588,1.2787614,-1.11197995,80099.095,0,1970000,0.11324191,-0.000155288,291.51087,0,1.694617989,13.997705,7.11953,20.87588,1.97,39.11,FALSE
6/18/2023,293.223635,287.62207,298.8252,2.42208915,1.62287185,79642.125,2.92E-06,1530000,0.031419848,-6.02E-05,294.96093,0,2.915515202,20.073635,14.47207,25.6752,1.53,39.08,FALSE
6/19/2023,291.568235,285.0935,298.04297,3.44659135,1.484273058,79076.125,0,2040000,0.21966958,-4.15E-05,294.83776,0,3.752606886,18.418235,11.9435,24.89297,2.04,39.1,FALSE
6/20/2023,285.741585,277.2798,294.20337,4.054697,-1.4027772,79484.03,0,2080000,8.28E-05,-5.59E-05,292.778935,0,4.2904955,12.591585,4.1298,21.05337,2.08,39.13,FALSE
6/21/2023,283.43359,276.41064,290.45654,2.4558927,-0.951903,79997.815,0,1840000,0,-7.32E-05,291.55432,0,2.633918806,10.28359,3.26064,17.30654,1.84,39.12,FALSE
6/22/2023,287.79456,280.75952,294.8296,-1.03069318,0.44592658,79781.405,0,1400000,0.400630535,-7.15E-05,294.32507,0,1.123022238,14.64456,7.60952,21.6796,1.4,39.1,FALSE
6/23/2023,290.588135,283.05737,298.1189,0.540339,2.952370925,79373.75,2.72E-07,1850000,0.84101325,-6.03E-05,294.074705,0,3.001409721,17.438135,9.90737,24.9689,1.85,39.12,FALSE
6/24/2023,288.83374,283.3623,294.30518,2.02695328,0.324737059,79984.31,0,1010000,0.051733139,-4.87E-05,294.28955,0,2.052801441,15.68374,10.2123,21.15518,1.01,39.13,FALSE
6/25/2023,289.911255,282.57666,297.24585,0.4326542,3.2926589,79996.8425,0,1450000,0.687952465,-5.13E-05,293.0354,0,3.320962555,16.761255,9.42666,24.09585,1.45,39.12,FALSE
6/26/2023,292.43335,284.7329,300.1338,2.1896138,0.9961763,79796.6575,0.001073689,1070000,0.37280818,-8.73E-05,295.719485,0,2.405571827,19.28335,11.5829,26.9838,1.07,39.12,FALSE
6/27/2023,287.48511,282.54834,292.42188,0.512201481,-1.0316569,79704.25,0,1790000,0.383154335,-0.000126181,295.335085,0,1.151810017,14.33511,9.39834,19.27188,1.79,39.11,FALSE
6/28/2023,289.72522,283.90576,295.54468,2.24677665,0.285436002,79749.685,2.72E-07,1710000,0.89557775,-8.89E-05,294.30993,0,2.26483532,16.57522,10.75576,22.39468,1.71,39.12,FALSE
6/29/2023,288.9779,282.7351,295.2207,0.81721901,-0.52637082,79981.595,3.68E-06,1890000,0.4087024,-0.000122332,295.99841,0,0.972066433,15.8279,9.5851,22.0707,1.89,39.13,FALSE
6/30/2023,292.22962,286.9673,297.49194,0.99896905,-1.64259117,80238.345,0,2000000,0.071303678,-8.94E-05,295.939815,0,1.922510056,19.07962,13.8173,24.34194,2,39.13,FALSE
7/1/2023,294.554315,287.63403,301.4746,-0.177208125,-1.04793165,80308.845,0,1990000,0,-8.36E-05,299.51405,0,1.062809232,21.404315,14.48403,28.3246,1.99,39.13,FALSE
7/2/2023,298.557615,291.55615,305.55908,1.10912605,-0.5123587,80294,6.42E-06,1840000,0.01874503,-5.09E-05,302.041505,0,1.221749578,25.407615,18.40615,32.40908,1.84,39.13,FALSE
7/3/2023,298.48181,290.67627,306.28735,2.53750705,-0.3151319,80117.56,0,1740000,0.21618128,-4.57E-05,302.321655,0,2.557000224,25.33181,17.52627,33.13735,1.74,39.12,FALSE
7/4/2023,299.3335,293.59766,305.06934,3.43839715,-1.10088405,79891,2.45E-06,1910000,0.238466055,-5.87E-05,301.77942,0,3.610335255,26.1835,20.44766,31.91934,1.91,39.12,FALSE
7/5/2023,295.9657,288.59668,303.33472,1.40691025,-1.6371052,80034.47,7.90E-05,1700000,0.055945946,-5.71E-05,301.994875,0,2.158589791,22.8157,15.44668,30.18472,1.7,39.13,FALSE
7/6/2023,297.67993,292.69043,302.66943,0.4956627,-0.315888195,79949.81,0,1580000,0.282292875,-5.94E-05,302.312985,0,0.587764293,24.52993,19.54043,29.51943,1.58,39.12,FALSE
7/7/2023,297.29712,291.93628,302.65796,1.65834945,0.067780835,79635.435,4.80E-06,1630000,0.230333175,-4.48E-05,300.947025,0,1.659734057,24.14712,18.78628,29.50796,1.63,39.12,FALSE
7/8/2023,297.41528,290.93774,303.89282,0.56681562,-0.753884375,79605.375,0,1240000,0.379558592,-4.91E-05,301.97424,0,0.943197539,24.26528,17.78774,30.74282,1.24,39.12,FALSE
7/9/2023,297.43506,289.7041,305.16602,0.52644718,1.6589694,79685.5625,0,2050000,0.40937,-4.98E-05,302.01539,0,1.740495936,24.28506,16.5541,32.01602,2.05,39.13,FALSE
7/10/2023,297.03015,288.844,305.2163,0.6361603,4.00683785,79846.4375,0,2040000,0.00993672,-4.85E-05,301.3313,0,4.057024708,23.88015,15.694,32.0663,2.04,39.13,FALSE
7/11/2023,297.303225,289.61475,304.9917,1.77666175,1.2354858,80055.8425,0,2040000,0,-4.13E-05,302.1709,0,2.16401297,24.153225,16.46475,31.8417,2.04,39.14,FALSE
7/12/2023,297.615,290.1565,305.0735,2.02138892,-0.1899544,80105.53,0,2020000,0,-4.13E-05,302.71728,0,2.030294521,24.465,17.0065,31.9235,2.02,39.13,FALSE
7/13/2023,297.471685,289.52417,305.4192,2.7424746,-0.11846105,80137.4675,0,2050000,0,-4.34E-05,302.54627,0,2.745031867,24.321685,16.37417,32.2692,2.05,39.14,FALSE
7/14/2023,297.558835,291.1394,303.97827,2.34774495,-0.73831105,80279.6575,0,2020000,0,-4.75E-05,302.236205,0,2.461099258,24.408835,17.9894,30.82827,2.02,39.14,FALSE
7/15/2023,298.70276,292.04712,305.3584,0.116902172,-0.2669592,80427.19,0,2000000,0,-5.24E-05,303.87329,0,0.291433238,25.55276,18.89712,32.2084,2,39.14,FALSE
7/16/2023,300.96595,292.8816,309.0503,1.8051133,0.11593435,80361.6875,0,1860000,0,-4.52E-05,305.39795,0,1.808832441,27.81595,19.7316,35.9003,1.86,39.13,FALSE
7/17/2023,303.33581,296.7246,309.94702,2.08716105,-0.56261269,80250.5625,0,1570000,0.600356755,-4.01E-05,306.13611,0,2.161660077,30.18581,23.5746,36.79702,1.57,39.13,FALSE
7/18/2023,300.53747,294.0996,306.97534,2.642809625,1.09437372,80202.2825,0.00023255,1150000,0.502552335,-4.37E-05,305.28821,0,2.860436427,27.38747,20.9496,33.82534,1.15,39.14,FALSE
7/19/2023,297.53418,290.84888,304.21948,0.667691562,-0.51202395,80333.44,0.000767593,1330000,0.68402775,-0.000147457,304.585205,0,0.841415799,24.38418,17.69888,31.06948,1.33,39.14,FALSE
7/20/2023,295.100835,290.0691,300.13257,-0.196616025,0.724934,80487.2825,0,1700000,0.34716797,-0.000166058,301.8302,0,0.751123935,21.950835,16.9191,26.98257,1.7,39.14,FALSE
7/21/2023,297.42602,289.5559,305.29614,0.557654076,0.474726115,80446.625,0,1870000,0.353699863,-9.92E-05,302.3125,0,0.73235439,24.27602,16.4059,32.14614,1.87,39.14,FALSE
7/22/2023,300.453985,292.70557,308.2024,1.108432335,-0.1802039,80285,3.65E-07,1480000,0.065078423,-4.72E-05,304.38452,0,1.122985168,27.303985,19.55557,35.0524,1.48,39.13,FALSE
7/23/2023,300.40734,291.9348,308.87988,0.39242395,0.777153375,80202.94,2.58E-06,1260000,0.500165541,-3.79E-05,304.672115,0,0.870611236,27.25734,18.7848,35.72988,1.26,39.14,FALSE
7/24/2023,301.12732,295.36914,306.8855,1.08748225,2.999012,80275.4675,0,1770000,0.98472145,-5.88E-05,305.048585,0,3.190092572,27.97732,22.21914,33.7355,1.77,39.15,FALSE
7/25/2023,296.550415,290.22705,302.87378,2.075357499,1.22048118,80498.8125,2.96E-06,1550000,0.073884073,-4.18E-05,301.458495,0,2.407630175,23.400415,17.07705,29.72378,1.55,39.14,FALSE
7/26/2023,298.26489,290.03906,306.49072,2.13011025,0.352524015,80354.4675,0,1630000,0.339206027,-4.09E-05,303.195685,0,2.159083801,25.11489,16.88906,33.34072,1.63,39.13,FALSE
7/27/2023,298.770875,291.27393,306.26782,3.0063315,1.427231775,80088.53,0,1970000,0.258475682,-3.92E-05,304.07996,0,3.327915207,25.620875,18.12393,33.11782,1.97,39.13,FALSE
7/28/2023,297.85583,290.08276,305.6289,3.33090195,0.56815985,80189.9075,0,1850000,0,-3.61E-05,302.834235,0,3.379010716,24.70583,16.93276,32.4789,1.85,39.14,FALSE
7/29/2023,299.13647,291.8579,306.41504,2.40331524,-0.166137535,80301.375,0,1660000,0.157565255,-3.43E-05,303.68225,0,2.409050814,25.98647,18.7079,33.26504,1.66,39.14,FALSE
7/30/2023,298.2716,289.9287,306.6145,2.7963418,0.313099035,80279.5625,0,1290000,0.167119533,-3.12E-05,303.30603,0,2.813815642,25.1216,16.7787,33.4645,1.29,39.14,FALSE
7/31/2023,297.84924,290.17798,305.5205,1.4104301,0.73466603,80231.315,5.48E-05,1340000,0.699489325,-3.37E-05,304.236815,0,1.590297847,24.69924,17.02798,32.3705,1.34,39.14,FALSE
8/1/2023,299.022825,292.9851,305.06055,1.159957603,1.210451,80157.47,5.25E-05,1200000,0.896932475,-4.25E-05,305.253295,0,1.676512232,25.872825,19.8351,31.91055,1.2,39.15,FALSE
8/2/2023,295.981205,290.20557,301.75684,-0.900429805,1.003423788,80294,0.000587842,929357.1,0.858789,-9.19E-05,302.88611,0,1.348196251,22.831205,17.05557,28.60684,0.9293571,39.14,FALSE
8/3/2023,291.37903,287.53882,295.21924,0.3584968,0.84929055,80247.9075,1.92E-05,1540000,0.73944592,-0.000169225,298.999635,0,0.921853781,18.22903,14.38882,22.06924,1.54,39.14,FALSE
8/4/2023,293.28186,285.68237,300.88135,-0.21910909,0.0007765,80198.4075,1.36E-07,1780000,0.20402804,-0.000106932,298.44092,0,0.219110466,20.13186,12.53237,27.73135,1.78,39.14,FALSE
8/5/2023,294.5597,286.8545,302.2649,0.77320512,0.00517225,80189.8425,2.72E-06,1700000,0.2881699,-5.90E-05,300.44348,0,0.773222419,21.4097,13.7045,29.1149,1.7,39.14,FALSE
8/6/2023,295.78198,288.802,302.76196,2.607985,0.30675545,80201.375,0,1850000,0.16945389,-4.87E-05,300.307495,0,2.625963569,22.63198,15.652,29.61196,1.85,39.15,FALSE
8/7/2023,294.22815,285.9485,302.5078,2.34370347,-0.83594494,80334.47,0,1860000,0.037556678,-4.08E-05,300.552735,0,2.488322708,21.07815,12.7985,29.3578,1.86,39.14,FALSE
8/8/2023,294.80688,286.09326,303.5205,2.780690744,-1.25714225,80121.625,0,1850000,0.118814735,-3.36E-05,301.469605,0,3.051663095,21.65688,12.94326,30.3705,1.85,39.14,FALSE
8/9/2023,295.06396,288.73022,301.3977,1.6934258,-0.3727281,80046.875,0,1650000,0.003178898,-4.26E-05,300.95056,0,1.73395997,21.91396,15.58022,28.2477,1.65,39.14,FALSE
8/10/2023,296.11755,288.5896,303.6455,2.66411875,0.52812324,79878.5925,0,1390000,0.412935968,-3.73E-05,301.371825,0,2.715960764,22.96755,15.4396,30.4955,1.39,39.14,FALSE
8/11/2023,296.70215,289.3755,304.0288,0.152709455,0.7478912,79961.095,0.000347874,974718.4,0.71393772,-3.55E-05,302.87561,0,0.763322622,23.55215,16.2255,30.8788,0.9747184,39.15,FALSE
8/12/2023,295.54407,289.2461,301.84204,0.52546405,0.03557804,80243.5,9.94E-06,1590000,0.477849237,-0.000110284,301.2566,0,0.526667129,22.39407,16.0961,28.69204,1.59,39.15,FALSE
8/13/2023,295.43835,288.8457,302.031,0.456219039,-0.9874492,80318.5,0,1750000,0.23521572,-7.84E-05,300.95068,0,1.087746172,22.28835,15.6957,28.881,1.75,39.15,FALSE
8/14/2023,295.851815,288.3423,303.36133,0.043587635,-0.90558765,80331.47,0.000184858,764768.9,0.033857791,-3.87E-05,302.09314,0,0.906636021,22.701815,15.1923,30.21133,0.7647689,39.16,FALSE
8/15/2023,295.182615,288.74658,301.61865,0.811423075,1.697921525,80551,0,1470000,0.38114968,-0.000105576,300.875365,0,1.881846145,22.032615,15.59658,28.46865,1.47,39.16,FALSE
8/16/2023,296.54724,292.01196,301.08252,-0.263496105,-1.0246698,80517.875,1.36E-06,1300000,0.42573937,-7.27E-05,300.568235,0,1.058006804,23.39724,18.86196,27.93252,1.3,39.15,FALSE
8/17/2023,296.879765,291.01685,302.74268,-0.268616325,-1.651616861,80286.065,0.000970935,1410000,0.509666415,-0.000104153,301.33777,0,1.673317957,23.729765,17.86685,29.59268,1.41,39.14,FALSE
8/18/2023,293.774045,287.04785,300.50024,1.7507288,1.23731565,80050.405,0,1430000,0.170347247,-8.85E-05,299.94665,0,2.143828666,20.624045,13.89785,27.35024,1.43,39.14,FALSE
8/19/2023,294.97595,287.469,302.4829,-0.631396465,3.9267411,79977.3125,1.36E-07,1100000,0.527595575,-6.61E-05,299.5293,0,3.977179549,21.82595,14.319,29.3329,1.1,39.15,FALSE
8/20/2023,292.44043,285.90894,298.97192,-1.3160806,1.05383449,79929.845,0.001609845,375492,1,-0.000153603,298.96082,0,1.686011648,19.29043,12.75894,25.82192,0.375492,39.12,FALSE
8/21/2023,290.35205,289.29834,291.40576,-3.07402895,4.75084775,79695.625,0.00096309,1430000,1,-0.000340166,291.961175,0,5.658640148,17.20205,16.14834,18.25576,1.43,39.13,FALSE
8/22/2023,288.56482,284.58252,292.54712,-1.027892,3.42521525,80205,5.11E-05,1360000,0.52480739,-0.000295657,291.279295,0,3.576123806,15.41482,11.43252,19.39712,1.36,39.15,FALSE
8/23/2023,288.65345,282,295.3069,0.985272745,2.3873978,80266.03,4.28E-06,1560000,0.144164295,-0.00032164,290.7135,0,2.582717684,15.50345,8.85,22.1569,1.56,39.15,FALSE
8/24/2023,292.156615,284.52783,299.7854,0.727041965,1.74393605,80199.5325,0,1260000,0.025959337,-0.000268964,292.47302,0,1.889418685,19.006615,11.37783,26.6354,1.26,39.15,FALSE
8/25/2023,293.59289,287.53418,299.6516,0.435206075,2.4334354,80218.4375,9.68E-06,1280000,0.448678564,-0.000220874,292.93323,0,2.472046151,20.44289,14.38418,26.5016,1.28,39.15,FALSE
8/26/2023,293.67627,286.90918,300.44336,0.08397265,2.745985,80305.22,0,1580000,0.149661655,-0.000181421,293.873535,0,2.747268648,20.52627,13.75918,27.29336,1.58,39.15,FALSE
8/27/2023,293.86694,285.31323,302.42065,0.68350646,3.16049715,80302.25,0,1670000,0.008141984,-0.00011103,295.59204,0,3.233562017,20.71694,12.16323,29.27065,1.67,39.16,FALSE
8/28/2023,293.820675,284.87988,302.76147,0.03197819,1.12956991,80374.4375,0,1640000,0,-7.50E-05,297.789305,0,1.130022472,20.670675,11.72988,29.61147,1.64,39.16,FALSE
8/29/2023,294.841915,285.82983,303.854,-1.049770925,1.9293494,80281.5,0,1620000,0,-5.29E-05,298.864745,0,2.196453528,21.691915,12.67983,30.704,1.62,39.15,FALSE
8/30/2023,295.53979,286.30518,304.7744,3.2605425,0.517106535,80169.94,0,1620000,0,-4.61E-05,297.929075,0,3.301293165,22.38979,13.15518,31.6244,1.62,39.15,FALSE
8/31/2023,294.89672,286.94824,302.8452,1.135366674,-0.4072652,79955.5925,0,1430000,0,-3.33E-05,298.94836,0,1.206201652,21.74672,13.79824,29.6952,1.43,39.13,FALSE
9/1/2023,295.5249,287.3523,303.6975,2.601092635,3.061064965,79395.4375,0.000194922,1240000,0.464568518,-4.20E-05,297.92676,0,4.016939334,22.3749,14.2023,30.5475,1.24,39.14,FALSE
9/2/2023,291.923095,286.88623,296.95996,-2.2465925,4.6802555,79807.2825,0.000349982,989312.3,0.858559765,-9.49E-05,297.163695,0,5.191528619,18.773095,13.73623,23.80996,0.9893123,39.16,FALSE
9/3/2023,289.84851,287.14966,292.54736,-1.0278597,3.50767565,80094.19,0.00115444,783159.56,0.5186868,-0.000111973,294.17297,0,3.65517223,16.69851,13.99966,19.39736,0.78315956,39.14,FALSE
9/4/2023,285.51074,282.06128,288.9602,3.01459085,-1.067247718,79839,0,882449.44,0.54936767,-0.000165053,290.969605,0,3.197933033,12.36074,8.91128,15.8102,0.88244944,39.15,FALSE
9/5/2023,286.31872,280.36914,292.2683,0.02084208,0.1129285,79928.6875,0,1210000,0.16599095,-0.000190787,288.755125,0,0.114835702,13.16872,7.21914,19.1183,1.21,39.15,FALSE
9/6/2023,289.51843,282.00024,297.03662,1.26680764,0.81317345,79985.06,5.44E-06,1280000,0.11142239,-0.000154189,290.56824,0,1.505341375,16.36843,8.85024,23.88662,1.28,39.16,FALSE
9/7/2023,289.91321,282.33838,297.48804,0.6106764,2.38444425,80087.625,0,1340000,0.024253719,-9.45E-05,292.04211,0,2.461402049,16.76321,9.18838,24.33804,1.34,39.16,FALSE
9/8/2023,291.901115,283.1516,300.65063,0.64358276,3.7714405,80172.5,0,1470000,0.05612299,-7.87E-05,294.141845,0,3.825958993,18.751115,10.0016,27.50063,1.47,39.17,FALSE
9/9/2023,293.025265,284.29443,301.7561,1.819929035,2.03437945,80426.0925,0.000507403,658193.3,0.044204918,-5.53E-05,295.516845,0,2.729622948,19.875265,11.14443,28.6061,0.6581933,39.17,FALSE
9/10/2023,290.8551,285.4834,296.2268,1.21439176,1.14361365,80531.315,9.46E-05,1370000,0.54421348,-8.85E-05,295.56262,0,1.668112564,17.7051,12.3334,23.0768,1.37,39.16,FALSE
9/11/2023,291.116085,283.7019,298.53027,0.73921652,-0.43830395,80316.625,0.000517851,695798.9,0.054039425,-7.71E-05,295.49817,0,0.859390142,17.966085,10.5519,25.38027,0.6957989,39.16,FALSE
9/12/2023,288.76282,283.40454,294.1211,-0.47572345,2.14917185,80202.4075,0,1210000,0.326499734,-0.00010757,294.748655,0,2.201193413,15.61282,10.25454,20.9711,1.21,39.16,FALSE
9/13/2023,290.542485,283.917,297.16797,0.84035767,-0.20398995,80004.5925,4.80E-06,1150000,0.333673655,-7.45E-05,294.2417,0,0.864761767,17.392485,10.767,24.01797,1.15,39.15,FALSE
9/14/2023,289.824585,282.50464,297.14453,1.31436495,-2.1560513,80084.28,0,1370000,0.29334,-6.44E-05,294.068725,0,2.525096519,16.674585,9.35464,23.99453,1.37,39.15,FALSE
9/15/2023,289.7926,282.92822,296.65698,0.046953547,-1.9150467,80249.6575,0,1340000,0,-5.60E-05,293.65649,0,1.915622222,16.6426,9.77822,23.50698,1.34,39.15,FALSE
9/16/2023,290.248415,282.76587,297.73096,-1.43279075,0.48947505,80325.6575,0,1300000,0.07015733,-3.14E-05,295.133055,0,1.514092189,17.098415,9.61587,24.58096,1.3,39.15,FALSE
9/17/2023,290.00549,281.23315,298.77783,-1.19881058,2.134531,80277.655,5.94E-05,1140000,0.039689257,-3.73E-05,295.11901,0,2.448135902,16.85549,8.08315,25.62783,1.14,39.14,FALSE
9/18/2023,291.31897,284.01904,298.6189,-0.031721735,1.3133078,80116.125,2.62E-05,1030000,0.71423285,-5.28E-05,295.6023,0,1.313690849,18.16897,10.86904,25.4689,1.03,39.14,FALSE
9/19/2023,290.52734,283.35693,297.69775,1.46699361,1.3629203,79871.5925,9.05E-07,1140000,0.280664795,-5.43E-05,294.37916,0,2.002404054,17.37734,10.20693,24.54775,1.14,39.13,FALSE
9/20/2023,289.743285,282.28784,297.19873,2.266047075,0.903625355,79740.2175,0.000415544,892441.8,0.45126572,-3.85E-05,294.371575,0,2.4395713,16.593285,9.13784,24.04873,0.8924418,39.125,TRUE
9/21/2023,286.42334,278.58594,294.26074,2.1852959,0.193437275,79303.7175,0.000276795,616818.9,0.53255069,-3.26E-05,292.734615,0,2.193840502,13.27334,5.43594,21.11074,0.6168189,39.12,FALSE
9/22/2023,280.43006,276.02002,284.8401,1.7896018,-0.149540305,79659.375,0,1230000,0.51323004,-6.63E-05,288.53454,0,1.795838775,7.28006,2.87002,11.6901,1.23,39.15,FALSE
9/23/2023,281.911985,274.59863,289.22534,1.19475915,-0.1993408,80069.6575,0,1200000,0,-7.56E-05,287.141485,0,1.21127461,8.761985,1.44863,16.07534,1.2,39.14,FALSE
9/24/2023,286.91053,278.5171,295.30396,0.119952685,1.7602873,80024.75,0,1170000,0.15120515,-4.38E-05,290.713135,0,1.764369583,13.76053,5.3671,22.15396,1.17,39.15,FALSE
9/25/2023,288.56506,279.7976,297.33252,0.2581992,2.91326665,80133.25,0,1170000,0.36296675,-3.04E-05,291.56848,0,2.924686206,15.41506,6.6476,24.18252,1.17,39.15,FALSE
9/26/2023,289.918085,281.72607,298.1101,0.424923915,3.7446909,80159.47,0,1150000,0.18767807,-2.24E-05,292.11645,0,3.768722631,16.768085,8.57607,24.9601,1.15,39.15,FALSE
9/27/2023,289.32043,279.32056,299.3203,1.97155475,1.4780445,80091.5,0,1120000,0.001834311,-1.76E-05,292.885495,0,2.46407055,16.17043,6.17056,26.1703,1.12,39.14,FALSE
9/28/2023,289.22071,281.6067,296.83472,1.887847965,-0.9459721,79868.2175,0,1110000,0.04312423,-2.51E-05,292.477055,0,2.111594931,16.07071,8.4567,23.68472,1.11,39.13,FALSE
9/29/2023,287.7782,280.0608,295.4956,1.778572965,-0.5058379,79640.0925,5.48E-07,867478.06,0.115382465,-3.14E-05,291.595335,0,1.849106209,14.6282,6.9108,22.3456,0.86747806,39.12,FALSE
9/30/2023,289.872685,282.9004,296.84497,2.0611601,1.77954915,79079.9375,0.000709685,427609.5,0.678128,-7.42E-05,292.7063,0,2.723082102,16.722685,9.7504,23.69497,0.4276095,39.11,FALSE
10/1/2023,279.948975,278.71973,281.17822,0.9448493,0.337832865,79095.375,0.001137787,652220,0.997878,-0.000131832,285.73291,0,1.003429741,6.798975,5.56973,8.02822,0.65222,39.12,FALSE
10/2/2023,279.721435,277.89673,281.54614,0.73483088,-1.49725095,79589.375,0.000190816,586046.7,0.878000705,-0.000130899,285.00586,0,1.667853959,6.571435,4.74673,8.39614,0.5860467,39.14,FALSE
10/3/2023,279.30871,276.4348,282.18262,1.55700735,-0.787478725,79958.3425,4.93E-05,369324.06,0.94979705,-7.89E-05,283.517945,0,1.744819369,6.15871,3.2848,9.03262,0.36932406,39.15,FALSE
10/4/2023,280.952395,276.41553,285.48926,0.894836435,-1.53132455,80300.2825,0,980747.5,0.71803815,-0.000150321,282.85926,0,1.773608503,7.802395,3.26553,12.33926,0.9807475,39.16,FALSE
10/5/2023,283.684445,277.67407,289.69482,-0.18546054,-1.1909096,80592.5,0,968717.44,0,-0.000157266,284.72632,0,1.205263991,10.534445,4.52407,16.54482,0.96871744,39.16,FALSE
10/6/2023,287.376095,281.23364,293.51855,-0.7835603,-0.88609165,80684.28,0,956453.5,0,-0.000151031,286.16735,0,1.18284621,14.226095,8.08364,20.36855,0.9564535,39.15,FALSE
10/7/2023,287.36975,279.23413,295.50537,-1.23405136,0.560795735,80464.75,0,942450.3,0,-0.000135969,286.86621,0,1.355497922,14.21975,6.08413,22.35537,0.9424503,39.15,FALSE
10/8/2023,287.83728,279.53638,296.13818,-0.50713551,1.19250261,80300.25,0,879608.1,0,-0.000121161,287.533445,0,1.295858364,14.68728,6.38638,22.98818,0.8796081,39.14,FALSE
10/9/2023,288.23181,278.77734,297.68628,-0.307858925,1.41548272,79995.9675,0,565293.6,0.01500395,-9.66E-05,287.978035,0,1.448574626,15.08181,5.62734,24.53628,0.5652936,39.12,FALSE
10/10/2023,287.969485,280.67383,295.26514,1.28387975,1.7582544,79399.75,0,805893.56,0.69172862,-6.22E-05,287.76269,0,2.177109494,14.819485,7.52383,22.11514,0.80589356,39.11,FALSE
10/11/2023,285.961795,279.42676,292.49683,4.09010455,-0.91948388,78936.125,6.39E-05,785483.94,0.236280822,-5.90E-05,288.183835,0,4.192183898,12.811795,6.27676,19.34683,0.78548394,39.13,FALSE
10/12/2023,277.653195,273.72827,281.57812,2.5115957,-2.669620275,79438,0,692250.25,0.36392185,-5.89E-05,282.30383,1.19E-07,3.665376566,4.503195,0.57827,8.42812,0.69225025,39.15,FALSE
10/13/2023,276.807985,270.5857,283.03027,-0.96899715,-0.8237791,79832.6875,0,737078.94,0.36373228,-6.25E-05,281.121465,0,1.271836264,3.657985,-2.5643,9.88027,0.73707894,39.15,FALSE
10/14/2023,282.10034,276.40308,287.7976,-0.341611415,2.61898425,79969.565,0,806237.75,0.12442112,-7.04E-05,283.35949,0,2.641169601,8.95034,3.25308,14.6476,0.80623775,39.17,FALSE
10/15/2023,284.1289,275.9453,292.3125,-0.12114745,1.86720325,80486.5925,0,762636.1,0.37193095,-6.88E-05,285.74524,0,1.871129253,10.9789,2.7953,19.1625,0.7626361,39.17,FALSE
10/16/2023,285.79358,275.9353,295.65186,-1.02121485,1.9791012,80545.125,0,777517.75,0.43551255,-5.69E-05,286.738775,0,2.227043181,12.64358,2.7853,22.50186,0.77751775,39.15,FALSE
10/17/2023,288.224365,279.48877,296.95996,1.48006535,0.59892506,80258.7825,0,770688,0,-4.44E-05,288.43774,0,1.59665421,15.074365,6.33877,23.80996,0.770688,39.15,FALSE
10/18/2023,286.977665,278.72266,295.23267,0.96516447,-0.5100913,80380.2175,0,746614.5,0,-3.57E-05,287.798335,0,1.091666427,13.827665,5.57266,22.08267,0.7466145,39.16,FALSE
10/19/2023,287.586675,279.0276,296.14575,-0.678318705,-0.2007294,80546.1575,0,736992.3,0,-4.24E-05,288.43848,0,0.707395616,14.436675,5.8776,22.99575,0.7369923,39.16,FALSE
10/20/2023,288.574345,278.81104,298.33765,-0.0559288,0.66511225,80409.155,0,684655.44,0,-4.44E-05,289.475705,0,0.667459614,15.424345,5.66104,25.18765,0.68465544,39.15,FALSE
10/21/2023,288.90723,280.8501,296.96436,1.24810035,0.283729235,80025.78,0,702253.8,0.161654933,-4.05E-05,289.07507,0,1.279944047,15.75723,7.7001,23.81436,0.7022538,39.14,FALSE
10/22/2023,287.91565,279.80396,296.02734,0.08222865,1.27871903,79547.2175,0.000197176,380175.2,0.7395142,-3.53E-05,289.23291,0,1.281360179,14.76565,6.65396,22.87734,0.3801752,39.12,FALSE
10/23/2023,284.413815,277.95605,290.87158,1.94382335,-0.291309985,79103,6.47E-06,510491.8,0.71762189,-4.22E-05,287.70655,0,1.965530647,11.263815,4.80605,17.72158,0.5104918,39.14,FALSE
10/24/2023,281.10168,275.27026,286.9331,1.46601345,-1.761979,79558.375,0,637154.6,0.41938105,-5.45E-05,284.22058,0,2.292109385,7.95168,2.12026,13.7831,0.6371546,39.15,FALSE
10/25/2023,285.3402,281.1621,289.5183,1.88502835,2.3146634,79406.2825,4.08E-07,320387.2,0.43110692,-2.75E-05,285.212765,0,2.985129568,12.1902,8.0121,16.3683,0.3203872,39.14,FALSE
10/26/2023,280.67028,273.35156,287.989,3.6978789,-1.54658555,79481.22,0.000272321,636715.9,0.94119083,-3.26E-05,284.42627,0.000236591,4.008270852,7.52028,0.20156,14.839,0.6367159,39.16,FALSE
10/27/2023,273.708,267.8208,279.5952,0.49868375,1.3785491,79885.065,0,612902.9,0,-4.13E-05,280.15625,0,1.465975137,0.558,-5.3292,6.4452,0.6129029,39.16,FALSE
10/28/2023,276.54175,269.27222,283.81128,1.856668875,-1.19102533,79792.5325,0,591977.9,0,-2.51E-05,279.78821,0,2.205846923,3.39175,-3.87778,10.66128,0.5919779,39.17,FALSE
10/29/2023,269.972415,264.48145,275.46338,0.785809,-3.0679716,80314.5,0,603463.56,0.014462238,-2.44E-05,276.3396,0,3.167008924,-3.177585,-8.66855,2.31338,0.60346356,39.18,FALSE
10/30/2023,271.57348,265.2932,277.85376,-0.10590893,-1.0934484,80656.8425,0,582796.94,0,-3.17E-05,276.37183,0,1.098565476,-1.57652,-7.8568,4.70376,0.58279694,39.17,FALSE
10/31/2023,276.105465,269.05713,283.1538,-0.179531493,-0.59704355,80612.6575,0,559115.8,0,-2.91E-05,278.137335,0,0.623452129,2.955465,-4.09287,10.0038,0.5591158,39.16,FALSE
11/1/2023,279.462035,271.25073,287.67334,0.28505541,1.1717477,80409.845,0,447746.25,0.55656784,-3.48E-05,279.89539,0,1.205922576,6.312035,-1.89927,14.52334,0.44774625,39.16,FALSE
11/2/2023,280.05505,272.43237,287.67773,0.862360725,0.1866722,80325.53,0,486214.75,0.99337865,-2.85E-05,281.003905,0,0.882333571,6.90505,-0.71763,14.52773,0.48621475,39.17,FALSE
11/3/2023,283.47546,276.34814,290.60278,1.31849365,0.1448269,80372.3425,0,514702.12,0.96852094,-2.31E-05,283.049565,0,1.32642389,10.32546,3.19814,17.45278,0.51470212,39.17,FALSE
11/4/2023,283.55481,275.55615,291.55347,0.55678539,0.37071135,80347.81,0,488048.38,0.40653342,-2.68E-05,284.18322,0,0.668907225,10.40481,2.40615,18.40347,0.48804838,39.16,FALSE
11/5/2023,286.158935,280.80444,291.51343,1.19188215,1.65277385,80008.9675,0,461139.94,0.194616495,-1.57E-05,284.37378,0,2.037705685,13.008935,7.65444,18.36343,0.46113994,39.14,FALSE
11/6/2023,283.298465,276.9275,289.66943,1.4647208,1.5446065,79535.8425,0,375278,0.9488908,-3.89E-06,283.292115,0,2.128665371,10.148465,3.7775,16.51943,0.375278,39.14,FALSE
11/7/2023,281.40381,275.9458,286.86182,2.869590615,-0.491487545,79421.375,0.000404806,393080.5,0.687482385,-2.59E-05,283.236085,0.000164506,2.911376016,8.25381,2.7958,13.71182,0.3930805,39.16,FALSE
11/8/2023,273.64343,269.02148,278.26538,1.56962485,-3.2237978,80076.7825,0,481723.56,0.67824657,-2.64E-05,278.47522,1.19E-07,3.585609352,0.49343,-4.12852,5.11538,0.48172356,39.19,FALSE
11/9/2023,272.07837,265.40137,278.75537,-0.0837785,-0.99202875,80508.155,0,483417.3,0,-3.17E-05,276.869135,0,0.995560083,-1.07163,-7.74863,5.60537,0.4834173,39.17,FALSE
11/10/2023,274.759155,268.50024,281.01807,-0.675615555,1.26953462,80154.0625,0,426082.25,0.470134164,-3.16E-05,277.25586,0,1.438114922,1.609155,-4.64976,7.86807,0.42608225,39.16,FALSE
11/11/2023,276.442135,269.2019,283.68237,0.683947635,0.39007425,80130.72,0,432283.38,0.09094548,-2.01E-05,277.606075,0,0.787364139,3.292135,-3.9481,10.53237,0.43228338,39.18,FALSE
11/12/2023,276.700925,268.48145,284.9204,0.56748965,0.991759744,80320.845,0,416958.75,0.053028148,-2.14E-05,278.202765,0,1.142642504,3.550925,-4.66855,11.7704,0.41695875,39.16,FALSE
11/13/2023,280.11072,274.0503,286.17114,-1.3112367,3.3786735,79956.125,0,321753.75,0.94260372,-1.15E-05,279.314335,0,3.624193193,6.96072,0.9003,13.02114,0.32175375,39.16,FALSE
11/14/2023,277.85828,271.2317,284.48486,-0.68424737,2.96519565,79888.25,0,420900.7,0.3987093,-8.63E-06,278.28894,0,3.043120061,4.70828,-1.9183,11.33486,0.4209007,39.17,FALSE
11/15/2023,279.61792,272.50928,286.72656,-0.586096666,2.52763895,79916.6875,0,307478.8,0.775970725,-9.89E-06,279.67518,0,2.594699976,6.46792,-0.64072,13.57656,0.3074788,39.16,FALSE
11/16/2023,280.68262,275.72632,285.63892,-0.67438803,2.8392615,79702.375,2.05E-05,371023.3,0.63390376,-1.27E-05,280.692625,0,2.918253772,7.53262,2.57632,12.48892,0.3710233,39.17,FALSE
11/17/2023,278.926515,272.802,285.05103,-0.53590885,0.536959425,79919.685,0,355496.75,0.29220173,-1.50E-05,280.42505,0,0.758632796,5.776515,-0.348,11.90103,0.35549675,39.17,FALSE
11/18/2023,279.747805,276.02515,283.47046,-1.0289379,2.61565925,79695.7825,0.000163624,158080.81,0.608022895,-2.02E-05,280.23242,0,2.810762621,6.597805,2.87515,10.32046,0.15808081,39.15,FALSE
11/19/2023,279.38135,275.83057,282.93213,2.11441325,1.49562184,79505.375,0.000480444,297666,0.9061231,-2.16E-05,280.26416,0.000412745,2.589908894,6.23135,2.68057,9.78213,0.297666,39.18,FALSE
11/20/2023,270.53784,266.70703,274.36865,2.3069377,-3.32224905,80427.185,0,336050.75,0.270469425,-1.55E-05,275.479975,0,4.044663188,-2.61216,-6.44297,1.21865,0.33605075,39.185,TRUE
11/21/2023,270.79797,265.69434,275.9016,-0.707568105,-0.4771891,81085.72,0,329158.12,0.009725549,-1.30E-05,274.508545,0,0.853441305,-2.35203,-7.45566,2.7516,0.32915812,39.19,FALSE
11/22/2023,273.544555,267.30664,279.78247,-0.1457477,1.0155804,80819.9075,0,288658.12,0.480007675,-1.89E-05,275.77075,0,1.025985351,0.394555,-5.84336,6.63247,0.28865812,39.16,FALSE
11/23/2023,277.630735,272.8435,282.41797,1.0021438,-0.5733951,79860.595,0.000138599,143062.5,0.9958812,-1.13E-05,277.7074,0.000136776,1.154588297,4.480735,-0.3065,9.26797,0.1430625,39.13,FALSE
11/24/2023,271.57605,269.20386,273.94824,2.1390238,-2.42601775,79269.845,5.46E-05,155141.94,0.851735325,-1.54E-05,275.431885,5.47E-05,3.234344592,-1.57395,-3.94614,0.79824,0.15514194,39.16,FALSE
11/25/2023,270.528925,269.5891,271.46875,0.8351271,-2.4796362,79742.655,8.18E-07,278999.7,0.89485575,-7.86E-06,274.44665,6.13E-07,2.616492491,-2.621075,-3.5609,-1.68125,0.2789997,39.18,FALSE
11/26/2023,268.407105,264.00708,272.80713,-0.093420085,-0.9632919,80172.1575,0,281523.06,0,-6.23E-06,272.61036,0,0.96781124,-4.742895,-9.14292,-0.34287,0.28152306,39.18,FALSE
11/27/2023,268.13855,262.54517,273.73193,-0.748599085,0.02977215,80244.25,0,282801.12,0,-5.57E-06,271.471675,0,0.749190878,-5.01145,-10.60483,0.58193,0.28280112,39.19,FALSE
11/28/2023,268.72949,261.96118,275.4978,-1.28246107,0.905600435,80337.875,0,270851.3,0,-4.79E-06,271.28723,0,1.569974058,-4.42051,-11.18882,2.3478,0.2708513,39.17,FALSE
11/29/2023,272.45374,265.9502,278.95728,-0.69453435,1.52170275,79832,0,220924.56,0.339111185,-7.81E-06,272.92774,0,1.672709545,-0.69626,-7.1998,5.80728,0.22092456,39.15,FALSE
11/30/2023,271.315795,265.88696,276.74463,0.9126692,-0.33412075,79311.5925,3.16E-07,189572.88,0.442376762,-6.43E-06,272.76465,1.38E-07,0.971906242,-1.834205,-7.26304,3.59463,0.18957288,39.15,FALSE
12/1/2023,272.71508,270.33276,275.0974,2.0586801,-0.0476594,79134.2175,0.000246981,108663.19,0.6716356,-9.67E-06,273.099855,0.000247104,2.059231695,-0.43492,-2.81724,1.9474,0.10866319,39.17,FALSE
12/2/2023,272.93054,271.875,273.98608,2.58083535,0.73291333,79626.3425,0.000116736,124242.625,0.783614335,-2.14E-05,273.60608,0.000116052,2.682885211,-0.21946,-1.275,0.83608,0.124242625,39.18,FALSE
12/3/2023,277.519165,277.07886,277.95947,4.1587328,1.0937629,79864.0325,1.82E-05,153624.5,0.989439725,-1.39E-05,275.7511,3.58E-06,4.300159972,4.369165,3.92886,4.80947,0.1536245,39.18333333,TRUE
12/4/2023,275.52832,270.8291,280.22754,1.8639913,0.5937956,80364.3125,0,260260.31,0.499855035,-8.57E-06,276.234865,0,1.956286477,2.37832,-2.3209,7.07754,0.26026031,39.18666667,TRUE
12/5/2023,276.973015,271.29663,282.6494,-0.5306909,0.18466805,80630.935,0,282448.3,0,-6.89E-06,276.71033,0,0.561903123,3.823015,-1.85337,9.4994,0.2824483,39.19,FALSE
12/6/2023,278.697385,271.1394,286.25537,-1.2043915,1.78931235,80386.155,0,284227,0.55641252,-3.58E-05,276.46509,0,2.156895355,5.547385,-2.0106,13.10537,0.284227,39.16,FALSE
12/7/2023,279.19812,274.74976,283.64648,1.70783299,2.32101135,79513.5625,7.59E-05,158414.31,0.134735285,-2.85E-05,277.02698,4.35E-05,2.881629263,6.04812,1.59976,10.49648,0.15841431,39.17,FALSE
12/8/2023,273.90271,269.81396,277.99146,2.87651395,0.36762855,79712.345,2.83E-05,236443.19,0.81394558,-2.14E-05,275.22815,2.67E-05,2.899910905,0.75271,-3.33604,4.84146,0.23644319,39.19,FALSE
12/9/2023,268.47962,264.16504,272.7942,0.89898889,-1.511605697,80336.7825,0,281635.44,0.165909825,-1.32E-05,271.158815,0,1.758730453,-4.67038,-8.98496,-0.3558,0.28163544,39.19,TRUE
12/10/2023,270.52539,267.5227,273.52808,-0.316494763,1.803278,80730.0925,0,241543,0.480038595,-2.45E-06,271.60193,0,1.830841468,-2.62461,-5.6273,0.37808,0.241543,39.19,FALSE
12/11/2023,273.92737,266.97266,280.88208,0.243944374,0.808553925,80171.97,0,259087.44,0.50436719,-1.26E-05,273.08337,0,0.844552134,0.77737,-6.17734,7.73208,0.25908744,39.16,FALSE
12/12/2023,272.44409,268.09253,276.79565,0.49834489,-1.34658293,79675.31,5.39E-05,175830.06,0.5145437,-8.19E-06,273.28064,5.38E-05,1.435838855,-0.70591,-5.05747,3.64565,0.17583006,39.17,FALSE
12/13/2023,272.926145,271.44824,274.40405,0.12029603,-2.7467475,79941.5625,3.81E-06,262374.7,0.658990785,-1.41E-05,273.79272,3.81E-06,2.749380469,-0.223855,-1.70176,1.25405,0.2623747,39.19,FALSE
12/14/2023,269.814935,264.2932,275.33667,-0.03198042,-0.50058655,80179.5925,5.45E-07,268531.3,0.329068559,-4.16E-06,272.670535,6.41E-07,0.501607059,-3.335065,-8.8568,2.18667,0.2685313,39.19,TRUE
12/15/2023,271.920775,267.0769,276.76465,-0.48420211,-0.14192245,80519.03,0,245710.94,0.68931143,-6.40E-06,272.384885,0,0.504572755,-1.229225,-6.0731,3.61465,0.24571094,39.19,TRUE
12/16/2023,273.773435,267.885,279.66187,-1.15352518,0.819996295,80506,0,313727.38,0.97589125,-4.65E-06,272.83789,0,1.415278865,0.623435,-5.265,6.51187,0.31372738,39.19,FALSE
12/17/2023,277.322625,271.5183,283.12695,0.09651998,0.05686927,80439.0325,0,212879.31,0.131335522,-6.42E-06,272.93201,0,0.112027766,4.172625,-1.6317,9.97695,0.21287931,39.18,FALSE
12/18/2023,275.38257,272.9065,277.85864,-1.53378205,0.9793448,80051.0625,3.81E-06,296179.25,0.994454815,-2.40E-05,273.83801,0,1.8197812,2.23257,-0.2435,4.70864,0.29617925,39.15,FALSE
12/19/2023,278.902345,276.13574,281.66895,-1.15263845,2.1699047,79382.72,1.36E-06,200900.81,0.54953964,-2.47E-05,275.417845,3.95E-08,2.457043305,5.752345,2.98574,8.51895,0.20090081,39.16,FALSE
12/20/2023,277.47815,274.02954,280.92676,-0.95396175,1.74338855,79308.7175,5.46E-05,259609.56,0.504679635,-2.48E-05,276.12231,7.25E-06,1.987321478,4.32815,0.87954,7.77676,0.25960956,39.17,FALSE
12/21/2023,277.15845,272.66187,281.65503,-1.0019494,1.85591275,79748.5,0,173299.44,0.8472062,-1.61E-05,276.08776,0,2.109102827,4.00845,-0.48813,8.50503,0.17329944,39.19,FALSE
12/22/2023,277.55225,272.81348,282.29102,-0.612431705,2.01906585,79943.25,6.50E-06,304409.8,0.9381356,-2.06E-05,276.326535,0,2.109905093,4.40225,-0.33652,9.14102,0.3044098,39.17,FALSE
12/23/2023,277.560185,273.44067,281.6797,1.26630177,-0.2281189,79487,7.68E-05,327272.44,0.610622735,-1.88E-05,276.399415,6.18E-05,1.286685045,4.410185,0.29067,8.5297,0.32727244,39.18,FALSE
12/24/2023,268.8578,264.0027,273.7129,1.08206765,-1.2640634,79953.375,0,244576.12,0.007246608,-8.29E-06,271.59082,0,1.663949121,-4.2922,-9.1473,0.5629,0.24457612,39.19,FALSE
12/25/2023,272.313235,270.38965,274.23682,0.662410726,-0.484999355,80139.25,1.22E-06,335320.94,0.95432893,-1.55E-05,272.7826,1.28E-06,0.820982548,-0.836765,-2.76035,1.08682,0.33532094,39.19,FALSE
12/26/2023,273.99109,270.74268,277.2395,0.189677775,-0.27245283,80255.25,0.000163862,342621.75,0.685342,-9.45E-06,273.88537,0.000155387,0.331976208,0.84109,-2.40732,4.0895,0.34262175,39.19,FALSE
12/27/2023,274.515015,269.44507,279.58496,-1.0425653,-0.0318747,80175.9075,3.19E-07,183550.5,0.658522965,-2.77E-06,274.990845,3.19E-07,1.043052444,1.365015,-3.70493,6.43496,0.1835505,39.19,FALSE
12/28/2023,275.962405,272.31177,279.61304,-1.147371365,1.102984025,80147.375,0.000321941,351802.38,0.98334047,-1.10E-05,274.83605,0,1.59155107,2.812405,-0.83823,6.46304,0.35180238,39.185,TRUE
12/29/2023,276.58545,269.73926,283.43164,-1.304667,0.959769114,80302.25,0,323141.94,0.58873015,-3.22E-05,275.906375,0,1.619664389,3.43545,-3.41074,10.28164,0.32314194,39.18,FALSE
12/30/2023,279.17004,275.52563,282.81445,-1.8775482,2.9775653,79780.81,0,385475.75,0.939607335,-2.05E-05,276.250125,0,3.520096925,6.02004,2.37563,9.66445,0.38547575,39.17,FALSE
12/31/2023,275.85925,270.14453,281.57397,0.349128715,0.9754845,79646.3125,0,314077.94,0.22565815,-1.20E-05,275.52674,0,1.036079567,2.70925,-3.00547,8.42397,0.31407794,39.19,FALSE
1/1/2024,273.413695,267.84912,278.97827,-0.48483723,1.004955715,79900.5,0,391556.56,0.962792585,-1.54E-05,274.63366,0,1.115797082,0.263695,-5.30088,5.82827,0.39155656,39.19,TRUE
1/2/2024,272.79113,266.8911,278.69116,0.060276185,0.41589785,80103.75,5.45E-07,231645.06,0.036204428,-1.24E-05,273.683105,5.45E-07,0.420243073,-0.35887,-6.2589,5.54116,0.23164506,39.19,FALSE
1/3/2024,276.547975,274.80103,278.29492,-0.63741675,2.04663035,79586.125,0.0006478,93640.75,0.9999172,-7.25E-06,274.46435,0.000647415,2.143594155,3.397975,1.65103,5.14492,0.09364075,39.16,FALSE
1/4/2024,270.906865,270.61353,271.2002,2.0585742,-1.3329878,79429.905,4.62E-05,180128.19,0.99034527,-1.10E-08,273.38281,4.60E-05,2.452464926,-2.243135,-2.53647,-1.9498,0.18012819,39.19,FALSE
1/5/2024,266.87622,263.8894,269.86304,1.5912752,-0.013432,79989.78,0.000174686,150127,0.6324837,3.01E-06,272.86976,0.000174601,1.591331889,-6.27378,-9.2606,-3.28696,0.150127,39.17,TRUE
1/6/2024,265.168705,262.03516,268.30225,1.34389062,0.36461975,80007.19,0.000496861,64277.68,0.61872339,-1.32E-05,271.300175,0.000497028,1.392476054,-7.981295,-11.11484,-4.84775,0.06427768,39.15,FALSE
1/7/2024,267.568,264.3667,270.7693,1.99856325,0.1767902,78776.53,5.04E-05,87613.31,0.752667515,1.17E-05,272.723015,5.06E-05,2.006367324,-5.582,-8.7833,-2.3807,0.08761331,39.16,FALSE
1/8/2024,259.4454,254.67693,264.21387,2.204103,-1.269244365,79393.7175,1.39E-05,81329.44,0.494363695,3.24E-06,272.19506,1.41E-05,2.543432974,-13.7046,-18.47307,-8.93613,0.08132944,39.165,TRUE
1/9/2024,261.523925,261.2832,261.76465,0.79342852,1.88181528,80015.375,1.73E-06,91354.375,0.87227575,-1.89E-05,271.892455,1.91E-06,2.042243268,-11.626075,-11.8668,-11.38535,0.091354375,39.17,FALSE
1/10/2024,271.13525,266.8684,275.4021,3.72504755,1.427699747,79150.75,0.000534583,52473.137,0.472303595,-1.73E-05,272.442505,0.000493265,3.989273846,-2.01475,-6.2816,2.2521,0.052473137,39.14,FALSE
1/11/2024,265.386355,258.16675,272.60596,4.5068779,-0.1875968,78515.1875,2.25E-06,102518,0.99571264,6.60E-06,272.69995,2.38E-06,4.510780527,-7.763645,-14.98325,-0.54404,0.102518,39.18,FALSE
1/12/2024,259.714845,258.44214,260.98755,2.00054935,1.95143605,79334.125,5.07E-05,48914.855,0.479581367,-2.62E-05,272.67578,5.09E-05,2.79469146,-13.435155,-14.70786,-12.16245,0.048914855,39.18,FALSE
1/13/2024,271.889765,269.59473,274.1848,2.44120835,1.279620135,79428.185,0.001086061,32389.879,0.9934083,3.12E-06,272.88623,0.001017452,2.756252147,-1.260235,-3.55527,1.0348,0.032389879,39.16,FALSE
1/14/2024,275.947385,275.30444,276.59033,3.2190976,1.0673589,79128.25,0.000265978,94450.125,0.9786594,-1.09E-05,273.198245,0.000225777,3.39143692,2.797385,2.15444,3.44033,0.094450125,39.18,FALSE
1/15/2024,272.300415,268.58887,276.01196,1.82166435,0.483127125,79720.845,1.09E-05,94085.375,0.92046815,3.54E-06,273.575195,1.09E-05,1.884641298,-0.849585,-4.56113,2.86196,0.094085375,39.18,TRUE
1/16/2024,267.49561,262.93872,272.0525,0.121806915,0.56127747,80004.75,1.14E-06,124961.125,0.70506462,-7.40E-07,273.644535,1.10E-06,0.574342514,-5.65439,-10.21128,-1.0975,0.124961125,39.18,FALSE
1/17/2024,273.540525,273.50903,273.57202,-0.118711104,2.42487625,79398.94,0.00020219,147939.94,0.6360479,-6.18E-06,273.63464,0.000119005,2.427780294,0.390525,0.35903,0.42202,0.14793994,39.16,FALSE
1/18/2024,270.085695,264.76587,275.40552,1.479403,1.07954747,79681.25,0,135396.62,0.52789426,1.80E-06,273.78528,0,1.831408195,-3.064305,-8.38413,2.25552,0.13539662,39.17,TRUE
1/19/2024,272.065185,269.75415,274.37622,-0.87195382,1.28666078,80123.94,0,123298.25,1,-3.01E-06,273.498415,0,1.554284217,-1.084815,-3.39585,1.22622,0.12329825,39.18,FALSE
1/20/2024,275.416265,275.08643,275.7461,-1.4880009,1.7515583,79471.6875,1.82E-05,150573.62,1,-5.94E-06,273.72656,1.75E-05,2.298282654,2.266265,1.93643,2.5961,0.15057362,39.16,FALSE
1/21/2024,275.670655,274.08618,277.25513,-0.79244885,1.5748496,79036.1875,0.000119117,204337.25,0.98305525,7.40E-07,274.04675,0.000114395,1.76298793,2.520655,0.93618,4.10513,0.20433725,39.16,FALSE
1/22/2024,275.205935,274.51392,275.89795,-1.08220082,2.3883395,79007.97,0.000558543,89014.44,0.96030815,-2.51E-06,274.277585,0.000558432,2.622083939,2.055935,1.36392,2.74795,0.08901444,39.16,FALSE
1/23/2024,274.214355,273.47095,274.95776,0.01998565,0.817057635,79034.75,6.89E-05,140723.12,0.9784694,-2.28E-06,274.49829,6.88E-05,0.817302028,1.064355,0.32095,1.80776,0.14072312,39.18,FALSE
1/24/2024,272.694095,269.40552,275.98267,0.728358545,0.25950715,79660.685,0.0001072,129233.31,0.686301,-1.20E-05,274.66761,0.0001075,0.773207689,-0.455905,-3.74448,2.83267,0.12923331,39.19,FALSE
1/25/2024,273.04895,270.77515,275.32275,0.691444975,1.560802,79654.9375,0.000566341,194460.12,0.9209328,-2.69E-06,274.589355,0.000566257,1.707102527,-0.10105,-2.37485,2.17275,0.19446012,39.19,FALSE
1/26/2024,270.482425,266.20728,274.75757,1.3735147,-0.19988015,80194.78,1.58E-05,153928.56,0.6380107,-3.08E-06,274.34705,1.56E-05,1.387982242,-2.667575,-6.94272,1.60757,0.15392856,39.19,TRUE
1/27/2024,272.09363,270.24634,273.94092,0.039036005,1.29881335,80700.25,0,226309.69,0.926869335,8.08E-07,274.193485,0,1.299399834,-1.05637,-2.90366,0.79092,0.22630969,39.19,TRUE
1/28/2024,274.737425,270.90283,278.57202,-0.481044085,0.94360727,80815.9675,0,276770.38,0.705138415,1.81E-06,274.186155,0,1.059149702,1.587425,-2.24717,5.42202,0.27677038,39.19,TRUE
1/29/2024,273.37537,268.32178,278.42896,-0.51286106,1.1712041,80741.1575,0,290772.62,0.051854101,7.60E-07,274.06543,0,1.278571668,0.22537,-4.82822,5.27896,0.29077262,39.19,FALSE
1/30/2024,272.24121,267.45776,277.02466,-1.29890725,1.02645332,80434.6875,8.42E-07,319011.94,0.161747049,1.14E-06,273.963255,6.74E-07,1.655526038,-0.90879,-5.69224,3.87466,0.31901194,39.17,FALSE
1/31/2024,274.36706,270.8767,277.85742,-1.7299013,1.9654193,79896.25,1.58E-07,213599.5,0.388185212,-1.77E-05,273.75647,0,2.618287901,1.21706,-2.2733,4.70742,0.2135995,39.15,FALSE
2/1/2024,280.131225,279.0603,281.20215,-1.906899,4.94185685,79011.25,0.000337214,118655.5,0.98904585,-2.19E-05,273.81409,0.000227888,5.29700037,6.981225,5.9103,8.05215,0.1186555,39.13,FALSE
2/2/2024,273.59156,271.3213,275.86182,0.7288086,1.16179384,78557.25,0.000128879,245186.44,1,-1.68E-05,274.191655,0.000128993,1.371468885,0.44156,-1.8287,2.71182,0.24518644,39.15,FALSE
2/3/2024,270.042485,266.05127,274.0337,1.3836789,0.744405035,79010.31,1.17E-05,212810.12,0.068431937,-6.31E-06,273.89099,1.14E-05,1.571211684,-3.107515,-7.09873,0.8837,0.21281012,39.17,FALSE
2/4/2024,266.68506,263.96362,269.4065,0.0053368,0.72960621,79359.44,0.00010679,130730.375,0.65901685,-1.13E-05,273.254035,0.00010681,0.729625728,-6.46494,-9.18638,-3.7435,0.130730375,39.16,FALSE
2/5/2024,274.52893,273.09106,275.9668,-2.6445203,3.8595571,79001.75,0.000253753,138009.88,0.826123565,-6.71E-06,273.245605,0.000235724,4.678639613,1.37893,-0.05894,2.8168,0.13800988,39.15,FALSE
2/6/2024,274.993045,274.01343,275.97266,-1.333738,1.362634165,78846.78,0.000448345,134501.88,1,-1.96E-06,273.65577,0.0004454,1.906732525,1.843045,0.86343,2.82266,0.13450188,39.13,FALSE
2/7/2024,273.302975,271.75903,274.84692,1.45138185,0.68772249,78303.405,3.02E-05,233304.19,0.97374515,-1.47E-05,273.960695,2.99E-05,1.606073316,0.152975,-1.39097,1.69692,0.23330419,39.15,FALSE
2/8/2024,270.73327,266.8933,274.57324,0.40218411,1.14395095,78637.6575,8.92E-06,222123.88,0.522173255,-1.03E-05,273.878415,9.02E-06,1.212590547,-2.41673,-6.2567,1.42324,0.22212388,39.17,FALSE
2/9/2024,271.60547,270.61182,272.59912,1.1697931,-0.1060697,79208.875,0.000363095,175964.44,0.97701362,-2.26E-05,273.594235,0.000353678,1.174592133,-1.54453,-2.53818,-0.55088,0.17596444,39.18,FALSE
2/10/2024,268.465335,265.95947,270.9712,1.31594225,-2.3120437,79422.22,2.99E-05,240328.44,0.7666964,-1.51E-05,273.46216,2.99E-05,2.660310147,-4.684665,-7.19053,-2.1788,0.24032844,39.18,TRUE
2/11/2024,264.749875,258.42285,271.0769,0.87088705,-0.6963706,79982.9675,0,321828.38,0.469744265,-2.39E-06,273.1493,2.53E-07,1.11506783,-8.400125,-14.72715,-2.0731,0.32182838,39.18,TRUE
2/12/2024,267.42651,263.14062,271.7124,0.123972065,0.84362861,80036.125,0,290732.8,0.443796777,-3.18E-06,272.932125,0,0.852688867,-5.72349,-10.00938,-1.4376,0.2907328,39.18,FALSE
2/13/2024,269.295775,264.1206,274.47095,-0.27027645,1.081577955,79696.28,1.92E-05,194447.38,0.580144765,-8.71E-06,272.85376,1.92E-05,1.114836415,-3.854225,-9.0294,1.32095,0.19444738,39.17,FALSE
2/14/2024,271.826045,266.87646,276.77563,0.6984556,1.124329725,79463.095,0,359394.94,0.83077767,-1.67E-05,272.82019,0,1.323615335,-1.323955,-6.27354,3.62563,0.35939494,39.18,FALSE
2/15/2024,274.482665,273.49585,275.46948,0.29612445,2.23010445,79566.125,0.000858307,310619.25,0.774028835,-5.31E-06,272.95764,0.000856399,2.249678988,1.332665,0.34585,2.31948,0.31061925,39.19,FALSE
2/16/2024,271.38391,267.17285,275.59497,1.2542586,0.722519965,79955.94,9.54E-07,373151.25,0.99340565,-4.58E-06,273.14258,8.12E-07,1.447480478,-1.76609,-5.97715,2.44497,0.37315125,39.19,FALSE
2/17/2024,271.84057,268.13574,275.5454,0.1600463,0.1790778,80049.8425,0.000101515,167451.56,0.75942552,-1.32E-05,273.188115,9.96E-05,0.240174263,-1.30943,-5.01426,2.3954,0.16745156,39.18,FALSE
2/18/2024,274.95093,273.44946,276.4524,-1.20506113,2.42263315,79476.0625,4.96E-06,439317.8,0.537153505,4.43E-06,273.2406,3.49E-06,2.705794469,1.80093,0.29946,3.3024,0.4393178,39.17,FALSE
2/19/2024,274.21546,270.07202,278.3589,-1.63757905,1.9633598,79388.2175,0.000159562,301708.7,0.528949862,-3.00E-08,273.18542,0.000110424,2.55664758,1.06546,-3.07798,5.2089,0.3017087,39.16,FALSE
2/20/2024,274.83459,272.47778,277.1914,-0.7497908,2.12918565,79601.4075,2.41E-05,298318.12,0.540941265,4.50E-07,273.230595,1.79E-05,2.257347509,1.68459,-0.67222,4.0414,0.29831812,39.17,FALSE
2/21/2024,274.51904,272.854,276.18408,0.24307332,1.70522405,79517.7175,0.000133885,398662.3,0.674539435,-1.42E-05,273.34265,0.000132608,1.722461523,1.36904,-0.296,3.03408,0.3986623,39.18,FALSE
2/22/2024,270.24463,263.61133,276.87793,0.438311894,0.606630669,80049.2825,1.00E-06,343969.2,0.436534485,-2.11E-05,273.27539,7.44E-07,0.748410372,-2.90537,-9.53867,3.72793,0.3439692,39.185,TRUE
2/23/2024,270.94543,267.3977,274.49316,-0.75845059,0.463244168,80394.47,3.78E-06,391808.2,0.720977325,-1.15E-05,273.160035,3.52E-06,0.888730812,-2.20457,-5.7523,1.34316,0.3918082,39.19,FALSE
2/24/2024,269.479615,263.90283,275.0564,-0.07208205,0.974286462,80275.4375,2.68E-06,568497.4,0.88704162,-7.16E-06,273.05481,2.53E-06,0.976949298,-3.670385,-9.24717,1.9064,0.5684974,39.18,FALSE
2/25/2024,272.07116,265.85742,278.2849,0.414346735,1.86947585,79923.845,0,651679.75,0.005048614,-3.41E-05,272.750855,0,1.914842858,-1.07884,-7.29258,5.1349,0.65167975,39.17,FALSE
2/26/2024,274.69409,269.61572,279.77246,1.2607956,2.1813135,79525.905,7.05E-06,647899.9,0.01278005,-6.63E-05,273.33142,0,2.519471002,1.54409,-3.53428,6.62246,0.6478999,39.15,FALSE
2/27/2024,273.80188,268.59326,279.0105,3.7229123,0.1277275,79044.375,5.50E-05,673283.06,0.560577335,-8.47E-05,274.2356,5.54E-05,3.725102724,0.65188,-4.55674,5.8605,0.67328306,39.18,FALSE
2/28/2024,268.878165,264.19653,273.5598,0.4561372,-0.22976445,79833.81,0,738104.3,0.11080891,-6.20E-05,272.47351,0,0.510737553,-4.271835,-8.95347,0.4098,0.7381043,39.18,FALSE
2/29/2024,275.00354,271.15723,278.84985,0.240797628,2.79495905,79570.44,0,789668.6,0.3254734,-9.88E-05,273.95862,0,2.805312743,1.85354,-1.99277,5.69985,0.7896686,39.16,FALSE
3/1/2024,278.30347,274.31348,282.29346,0.942608635,3.91630025,79054.25,8.03E-05,831620.2,0.49500832,-0.000103593,274.6637,0,4.028140847,5.15347,1.16348,9.14346,0.8316202,39.15,FALSE
3/2/2024,278.206175,276.24243,280.16992,1.32356115,5.612144,78420.25,0.000252833,573718.56,0.769565555,-9.01E-05,275.57153,0.000191999,5.766105652,5.056175,3.09243,7.01992,0.57371856,39.14,FALSE
3/3/2024,269.250365,268.77856,269.72217,2.7557898,0.49067843,78562.06,0.000414425,320707.5,0.73396135,-4.09E-05,273.805415,0.000414245,2.799132498,-3.899635,-4.37144,-3.42783,0.3207075,39.16,FALSE
3/4/2024,268.694825,267.25928,270.13037,1.46441315,-0.538653975,79042.72,0.000249863,314355.12,0.60423941,-3.59E-05,272.83349,0.000249935,1.560337777,-4.455175,-5.89072,-3.01963,0.31435512,39.19,FALSE
3/5/2024,270.73449,268.64648,272.8225,0.7804417,0.87638146,79463.53,3.86E-06,428982.12,0.832342625,-3.14E-05,272.98157,3.71E-06,1.173513404,-2.41551,-4.50352,-0.3275,0.42898212,39.18,FALSE
3/6/2024,273.431885,267.97412,278.88965,1.2238231,1.9367833,79278.435,0,464651.44,0.502362285,-2.27E-05,273.06811,0,2.2910418,0.281885,-5.17588,5.73965,0.46465144,39.17,FALSE
3/7/2024,272.95545,268.8047,277.1062,0.2667784,-0.4921186,79047.095,3.98E-06,617583,0.590754015,-5.43E-05,273.788575,4.38E-06,0.55977802,-0.19455,-4.3453,3.9562,0.617583,39.19,FALSE
3/8/2024,268.711065,263.13623,274.2859,1.4454155,-1.574462665,79763.25,0,790510.44,0.378359765,-5.86E-05,272.92236,1.19E-07,2.137325116,-4.438935,-10.01377,1.1359,0.79051044,39.185,TRUE
3/9/2024,268.64564,263.79688,273.4944,-1.1088395,-0.17672585,80144.595,0,864899.7,0.001057685,-0.000108719,272.570675,0,1.122834388,-4.50436,-9.35312,0.3444,0.8648997,39.18,FALSE
3/10/2024,274.8739,270.7788,278.969,0.12790213,3.37353705,79749.7825,0,765685.9,0.78951975,-0.000100795,273.70776,0,3.375960779,1.7239,-2.3712,5.819,0.7656859,39.17,FALSE
3/11/2024,277.53247,273.41528,281.64966,0.99416315,2.45394025,79454.7825,8.63E-07,1150000,0.6727189,-0.000144722,274.79651,9.23E-07,2.64767504,4.38247,0.26528,8.49966,1.15,39.17,FALSE
3/12/2024,277.57825,274.5105,280.646,1.7925855,1.6823328,79486.1875,0.001032823,854102.75,0.554231135,-9.15E-05,276.304935,0.000593388,2.458374753,4.42825,1.3605,7.496,0.85410275,39.18,FALSE
3/13/2024,272.44433,267.7119,277.17676,2.2115283,-0.47358682,79587.72,0.000231985,810849.3,0.563601225,-0.000101719,276.098145,0.000232284,2.261667946,-0.70567,-5.4381,4.02676,0.8108493,39.19,FALSE
3/14/2024,268.629265,264.0056,273.25293,1.14159345,-4.3158884,79814.75,1.28E-05,652687.94,0.4813012,-9.06E-05,273.95056,1.28E-05,4.464317225,-4.520735,-9.1444,0.10293,0.65268794,39.19,FALSE
3/15/2024,269.774535,265.39404,274.15503,-0.7414417,-4.0439171,79689,3.80E-06,658911.9,0.400229705,-8.89E-05,273.692625,3.04E-06,4.111325979,-3.375465,-7.75596,1.00503,0.6589119,39.18,FALSE
3/16/2024,275.22034,271.43262,279.00806,-0.98409922,-2.1822791,79524.375,0,1110000,0.3628031,-0.000132991,274.412845,0,2.393907547,2.07034,-1.71738,5.85806,1.11,39.19,FALSE
3/17/2024,278.45056,273.5166,283.38452,0.20745348,-2.41299142,79818.5625,0,1270000,0.297957035,-0.000174603,276.296865,0,2.42189276,5.30056,0.3666,10.23452,1.27,39.18666667,TRUE
3/18/2024,278.053475,272.55005,283.5569,-1.1210361,-1.04306084,80205.78,0,1370000,0.12616864,-0.000192013,276.82227,0,1.531240626,4.903475,-0.59995,10.4069,1.37,39.18333333,TRUE
3/19/2024,279.084725,271.9214,286.24805,-0.91530805,0.12540055,80141.8125,5.81E-06,1390000,0.062125205,-0.000208326,278.6272,0,0.923858282,5.934725,-1.2286,13.09805,1.39,39.18,FALSE
3/20/2024,278.99451,271.09888,286.89014,1.03208065,-0.2754555,79863.3425,0.000120326,1410000,0.3272275,-0.000234001,279.41565,0,1.068207003,5.84451,-2.05112,13.74014,1.41,39.18,FALSE
3/21/2024,281.458005,275.27246,287.64355,2.29083395,0.286022395,79776.9075,0,1450000,0.76562275,-0.000221797,279.917725,0,2.308620583,8.308005,2.12246,14.49355,1.45,39.19,FALSE
3/22/2024,279.39477,273.3662,285.42334,1.288232935,0.07306385,79883.75,1.13E-05,1260000,0.485532375,-0.000210895,279.669435,0,1.290303228,6.24477,0.2162,12.27334,1.26,39.17,FALSE
3/23/2024,282.206665,276.77808,287.63525,0.8221879,3.63298235,79087.5325,0.000102185,1200000,0.41276113,-0.000156531,279.34729,1.46E-05,3.724856198,9.056665,3.62808,14.48525,1.2,39.14,FALSE
3/24/2024,274.525015,270.80273,278.2473,3.6651101,-1.17939831,78526.47,0.000486635,821528.3,0.38891244,-9.37E-05,277.1864,0.000434244,3.850196413,1.375015,-2.34727,5.0973,0.8215283,39.16,FALSE
3/25/2024,272.765505,269.35498,276.17603,2.4845028,-1.81037827,78864.47,6.29E-05,932827.2,0.620532065,-0.000125706,275.76355,3.93E-05,3.074121605,-0.384495,-3.79502,3.02603,0.9328272,39.17,FALSE
3/26/2024,274.47413,271.2881,277.66016,3.51509715,-1.552252914,79129.25,0.000234556,947288.8,0.86120674,-0.00010681,275.81995,0.0001055,3.842576881,1.32413,-1.8619,4.51016,0.9472888,39.19,FALSE
3/27/2024,273.58301,269.62207,277.54395,2.48040626,0.57236245,79704.375,0,1170000,0.599197595,-0.000179493,275.86829,0,2.54558716,0.43301,-3.52793,4.39395,1.17,39.19,FALSE
3/28/2024,279.739865,275.10986,284.36987,1.324986525,3.433259,79403.4075,0.000264879,1230000,0.6857553,-0.00018158,277.92236,2.54E-06,3.680062045,6.589865,1.95986,11.21987,1.23,39.17,FALSE
3/29/2024,275.177735,271.31567,279.0398,2.23599402,-1.08777435,79184.75,0.000554491,376924.25,0.417054835,-6.32E-05,277.56934,0.000465141,2.486548269,2.027735,-1.83433,5.8898,0.37692425,39.15,FALSE
3/30/2024,275.15869,272.90112,277.41626,-1.46045355,2.21265555,78693.5925,0.000275736,925125.9,0.73587165,-0.000122368,276.31836,3.80E-05,2.651182595,2.00869,-0.24888,4.26626,0.9251259,39.15,FALSE
3/31/2024,274.23413,270.4956,277.97266,-0.86756325,2.44361445,78509.065,0.000341887,660447.5,0.9145799,-6.62E-05,276.6145,0.000314127,2.593051788,1.08413,-2.6544,4.82266,0.6604475,39.16,FALSE
4/1/2024,269.34717,264.11768,274.57666,1.96718265,-1.116524615,79079.2825,7.71E-07,974922.56,0.948347515,-0.00014412,275.22241,1.02E-06,2.261953756,-3.80283,-9.03232,1.42666,0.97492256,39.16333333,TRUE
4/2/2024,276.450435,271.44727,281.4536,1.54980705,-2.32911495,80162.3425,0,1370000,0.389342359,-0.000167154,276.110595,0,2.797620121,3.300435,-1.70273,8.3036,1.37,39.16666667,TRUE
4/3/2024,280.3468,273.5066,287.187,0.786451125,0.6281539,80501.97,0,1450000,0,-0.000255108,279.429935,0,1.006520091,7.1968,0.3566,14.037,1.45,39.17,FALSE
4/4/2024,284.549435,280.26147,288.8374,0.32743545,4.74414155,79190.75,0.000158333,1170000,0.451485485,-0.000247006,281.20825,0,4.755427743,11.399435,7.11147,15.6874,1.17,39.12,FALSE
4/5/2024,277.07922,269.5288,284.62964,0.06602869,4.778589302,78254.345,0.000370983,769715.75,0.73388497,-0.000117428,279.444825,0.000331046,4.77904546,3.92922,-3.6212,11.47964,0.76971575,39.15,FALSE
4/6/2024,269.03467,267.13086,270.93848,3.0625601,0.55697544,79118.595,7.71E-05,699680.1,0.866739005,-0.000118938,276.322755,7.72E-05,3.112795529,-4.11533,-6.01914,-2.21152,0.6996801,39.165,TRUE
4/7/2024,271.213375,267.7517,274.67505,2.63238205,-0.10755685,79893.75,4.53E-05,1160000,0.48164385,-0.000142494,275.11609,2.04E-05,2.634578474,-1.936625,-5.3983,1.52505,1.16,39.18,FALSE
4/8/2024,272.345215,266.80933,277.8811,0.26696817,-1.9813471,79736.47,1.11E-05,765574.9,0.28784105,-0.000127837,276.12439,1.10E-05,1.999251944,-0.804785,-6.34067,4.7311,0.7655749,39.19,FALSE
4/9/2024,273.899295,268.27686,279.52173,0.70632508,-1.86707925,80100,0,1520000,0.4780005,-0.000198026,275.629025,0,1.996216432,0.749295,-4.87314,6.37173,1.52,39.19,TRUE
4/10/2024,278.568485,271.43237,285.7046,1.20205713,-1.0509872,80290.9075,0,1570000,0.05104235,-0.00023462,278.674435,0,1.596720213,5.418485,-1.71763,12.5546,1.57,39.19,FALSE
4/11/2024,281.682615,274.20093,289.1643,1.000414615,-0.09262565,80154.3425,8.57E-06,1520000,0.0710085,-0.000276329,281.13648,0,1.004693442,8.532615,1.05093,16.0143,1.52,39.17,FALSE
4/12/2024,284.02832,276.36914,291.6875,0.97342945,2.32344625,79530,0.000104198,1120000,0.462399125,-0.000263981,282.639405,0,2.519120357,10.87832,3.21914,18.5375,1.12,39.16,FALSE
4/13/2024,284.68896,277.70532,291.6726,-0.73831618,4.2406664,79318.5925,0,1550000,0.75823158,-0.000283233,281.914185,0,4.304458421,11.53896,4.55532,18.5226,1.55,39.16,FALSE
4/14/2024,284.213135,278.20435,290.22192,-2.6839004,5.75701535,79176.78,0.000680278,891875.94,0.296438046,-0.000153757,282.547485,7.52E-05,6.35189319,11.063135,5.05435,17.07192,0.89187594,39.17,FALSE
4/15/2024,276.230225,272.20215,280.2583,2.26843735,-0.5551768,79483.4075,8.35E-06,1010000,0.458091685,-0.000144861,279.84973,0,2.335386326,3.080225,-0.94785,7.1083,1.01,39.19,FALSE
4/16/2024,277.737185,272.06177,283.4126,2.1967478,-1.3554354,80021.2825,0,1630000,0.472818723,-0.000222059,279.61719,0,2.581260549,4.587185,-1.08823,10.2626,1.63,39.19,FALSE
4/17/2024,282.43969,275.90918,288.9702,2.8872529,0.48081495,79915.4075,0,1460000,0.17794031,-0.000182162,282.67151,0,2.927014234,9.28969,2.75918,15.8202,1.46,39.18,FALSE
4/18/2024,280.00708,271.86646,288.1477,2.088645775,-1.8368387,79997.53,1.58E-07,1440000,0.454436865,-0.000187474,281.82129,0,2.781441638,6.85708,-1.28354,14.9977,1.44,39.18,FALSE
4/19/2024,282.62744,275.78174,289.47314,1.90678678,-0.25288972,79754.25,1.19E-05,1370000,0.511474402,-0.000166037,284.0719,0,1.923483568,9.47744,2.63174,16.32314,1.37,39.18,FALSE
4/20/2024,283.451295,276.65723,290.24536,2.031545,-0.1581321,79799.72,0,1650000,0.214621583,-0.000174583,284.908935,0,2.037690077,10.301295,3.50723,17.09536,1.65,39.19,FALSE
4/21/2024,284.413575,276.4292,292.39795,2.18638285,-0.04760125,80181.4675,1.28E-06,1670000,0.087730705,-0.000158182,285.88953,0,2.186900968,11.263575,3.2792,19.24795,1.67,39.18,FALSE
4/22/2024,286.869995,278.16382,295.57617,2.63602232,-0.3835541,79896.125,0.000103622,1400000,0.187431725,-0.000123488,287.50159,0,2.663780663,13.719995,5.01382,22.42617,1.4,39.17,FALSE
4/23/2024,287.4436,280.81445,294.07275,1.7602072,-0.118316505,79545.095,5.33E-06,1230000,0.36694035,-9.46E-05,288.66785,0,1.764179181,14.2936,7.66445,20.92275,1.23,39.17,FALSE
4/24/2024,287.59461,280.9297,294.25952,2.322578735,0.3256667,79533.69,0.000429771,1170000,0.497019475,-8.92E-05,289.34094,0,2.345299721,14.44461,7.7797,21.10952,1.17,39.17,FALSE
4/25/2024,284.20691,278.49902,289.9148,2.22209405,0.085475453,79444.8125,0.000216807,1300000,0.494591669,-0.00015545,289.166135,0,2.223737399,11.05691,5.34902,16.7648,1.3,39.16,FALSE
4/26/2024,280.48413,276.71802,284.25024,2.4747672,-0.99047987,79245.5925,0.000439009,1260000,0.9417401,-0.000165206,286.00671,1.84E-05,2.665618702,7.33413,3.56802,11.10024,1.26,39.15,FALSE
4/27/2024,277.07776,275.95532,278.2002,2.76557205,-2.3479207,79213.6875,1.01E-05,969242.1,0.726457895,-0.000170515,281.788205,1.98E-07,3.627825847,3.92776,2.80532,5.0502,0.9692421,39.18,FALSE
4/28/2024,279.699585,275.80542,283.59375,2.6434307,-1.18620875,79750.44,1.18E-05,988257.3,0.891940575,-0.000167844,281.3617,0,2.89738107,6.549585,2.65542,10.44375,0.9882573,39.18,FALSE
4/29/2024,280.556275,275.12305,285.9895,2.71810575,-0.03684168,79705.0325,0,1810000,0.537136075,-0.000238533,281.74732,0,2.718355418,7.406275,1.97305,12.8395,1.81,39.17,FALSE
4/30/2024,280.602415,272.37207,288.83276,3.31875883,0.50338657,79610,0,1810000,0.03204304,-0.0001942,282.6416,0,3.356718369,7.452415,-0.77793,15.68276,1.81,39.17,FALSE
5/1/2024,280.749265,273.30566,288.19287,3.55903765,-0.778381425,79577.3125,0,1840000,0.193810285,-0.000128338,283.52893,0,3.643161627,7.599265,0.15566,15.04287,1.84,39.18,FALSE
5/2/2024,277.97009,271.19946,284.74072,1.4183649,-0.16657305,79699.19,0,1420000,0,-9.02E-05,282.95032,0,1.42811259,4.82009,-1.95054,11.59072,1.42,39.17,FALSE
5/3/2024,282.19458,275.08472,289.30444,3.8045144,-0.47671203,79486.22,0,1830000,0.79347585,-6.32E-05,285.326905,0,3.83426449,9.04458,1.93472,16.15444,1.83,39.17,FALSE
5/4/2024,283.83484,277.9043,289.76538,-0.465192675,0.79208789,79356.9675,7.52E-06,601658.3,0.128112922,-1.95E-05,289,0,0.918589925,10.68484,4.7543,16.61538,0.6016583,39.13,FALSE
5/5/2024,281.494505,272.69653,290.29248,3.3309627,4.6009452,78498.905,8.81E-05,1260000,0.8104576,-0.0001001,285.34387,5.66E-05,5.680141657,8.344505,-0.45347,17.14248,1.26,39.16,FALSE
5/6/2024,275.876095,273.93774,277.81445,3.80659015,-0.08918,79325.565,2.59E-06,1640000,0.58898308,-0.000137204,281.34607,2.34E-06,3.807634652,2.726095,0.78774,4.66445,1.64,39.18,FALSE
5/7/2024,280.156125,274.90112,285.41113,4.2663046,-1.02517015,79551.5625,0,1600000,0.24759328,-0.000117892,282.847165,1.59E-07,4.387747574,7.006125,1.75112,12.26113,1.6,39.18,FALSE
5/8/2024,276.50537,270.33667,282.67407,3.21250045,-2.88503493,79773.2825,1.99E-05,832590.94,0.0765318,-6.46E-05,280.59851,3.89E-06,4.317821869,3.35537,-2.81333,9.52407,0.83259094,39.19,FALSE
5/9/2024,276.51562,272.6787,280.35254,-0.03295758,-3.6042881,79953.72,3.25E-05,1580000,0.60872438,-0.000121061,279.95361,0,3.604438779,3.36562,-0.4713,7.20254,1.58,39.19,FALSE
5/10/2024,280.85352,275.47144,286.2356,-0.92130656,-2.57501985,80107.28,5.11E-06,1590000,0.392620014,-0.000119555,283.620115,0,2.73487349,7.70352,2.32144,13.0856,1.59,39.18,FALSE
5/11/2024,282.302365,275.6018,289.00293,-0.82055975,-2.0444249,79987.875,0,1850000,0.189994215,-0.000121654,285.43616,0,2.202950629,9.152365,2.4518,15.85293,1.85,39.18,FALSE
5/12/2024,285.42578,278.44702,292.40454,0.826644225,-1.51245115,79885.595,0,1880000,0.34505847,-0.000107295,288.16101,0,1.723615141,12.27578,5.29702,19.25454,1.88,39.17,FALSE
5/13/2024,288.9519,280.76562,297.13818,1.31718705,-0.47687625,79819.81,2.33E-05,1630000,0.089924485,-5.96E-05,291.35535,0,1.400854269,15.8019,7.61562,23.98818,1.63,39.17,FALSE
5/14/2024,290.455685,284.44775,296.46362,2.5456228,-0.38077479,79771.7175,1.83E-07,1850000,0.129321338,-6.07E-05,292.96106,0,2.573943449,17.305685,11.29775,23.31362,1.85,39.17,FALSE
5/15/2024,287.7948,279.01025,296.57935,1.6171651,-2.84765005,79836.4375,0,1900000,0.01945012,-6.57E-05,292.6134,0,3.274802859,14.6448,5.86025,23.42935,1.9,39.18,FALSE
5/16/2024,288.635015,281.84863,295.4214,1.1575109,-2.38440635,79886.25,0,1900000,0,-6.26E-05,291.64343,0,2.650514125,15.485015,8.69863,22.2714,1.9,39.17,FALSE
5/17/2024,291.708005,285.62866,297.78735,2.8434019,-0.29583265,79681.625,0,1880000,0,-4.69E-05,294.44055,0,2.858749958,18.558005,12.47866,24.63735,1.88,39.17,FALSE
5/18/2024,289.99146,282.13892,297.844,2.50328363,-1.330607665,79751,0,1750000,0.010822246,-6.74E-05,293.00965,0,2.834950739,16.84146,8.98892,24.694,1.75,39.17,FALSE
5/19/2024,289.861325,282.88452,296.83813,3.8678323,0.726777725,79622.7175,3.99E-05,1380000,0.118703948,-3.63E-05,293.836185,0,3.935521892,16.711325,9.73452,23.68813,1.38,39.17,FALSE
5/20/2024,284.630365,277.3098,291.95093,3.45530161,-1.3522252,79559.0625,0,1860000,0.7655645,-3.95E-05,290.44434,0,3.710474661,11.480365,4.1598,18.80093,1.86,39.17,FALSE
5/21/2024,280.703735,274.29932,287.10815,2.7443204,-2.58054275,79805.53,0,1970000,0.111548305,-9.08E-05,287.71533,0,3.767027388,7.553735,1.14932,13.95815,1.97,39.18,FALSE
5/22/2024,282.542715,275.9348,289.15063,1.4472556,0.62292725,79742.565,0,1890000,0.000692974,-6.37E-05,289.98474,0,1.575622775,9.392715,2.7848,16.00063,1.89,39.16,FALSE
5/23/2024,284.876345,276.58374,293.16895,4.11326628,-1.03791188,79441.125,0,1970000,0.366617915,-3.31E-05,290.277825,0,4.242195253,11.726345,3.43374,20.01895,1.97,39.17,FALSE
5/24/2024,283.62463,278.32104,288.92822,-0.111274245,-1.6346556,79608.095,0,971679.4,0.458734125,-3.81E-05,290.82336,0,1.638438552,10.47463,5.17104,15.77822,0.9716794,39.15,FALSE
5/25/2024,288.79993,284.91138,292.68848,3.3827686,0.38850875,79145.565,1.13E-05,1370000,0.850383425,-7.15E-05,291.981205,0,3.405005499,15.64993,11.76138,19.53848,1.37,39.17,FALSE
5/26/2024,285.277835,279.73682,290.81885,3.17339427,-0.5924439,79684.9375,0,1920000,0.4561428,-7.75E-05,288.632935,0,3.228222571,12.127835,6.58682,17.66885,1.92,39.18,FALSE
5/27/2024,289.198115,282.73633,295.6599,0.5318378,-0.66577828,80013.25,0,1620000,0,-5.97E-05,294.005495,0,0.852122153,16.048115,9.58633,22.5099,1.62,39.18,FALSE
5/28/2024,291.805785,284.91333,298.69824,0.49102575,2.3565092,80048.935,0,1570000,0.289181885,-3.69E-05,295.85022,0,2.407123158,18.655785,11.76333,25.54824,1.57,39.17,FALSE
5/29/2024,291.244025,283.6194,298.86865,2.58226635,1.6456546,79912.345,0,1940000,0.27252946,-2.64E-05,296.322515,0,3.06207096,18.094025,10.4694,25.71865,1.94,39.18,FALSE
5/30/2024,287.20532,278.87744,295.5332,2.018148095,-2.5848217,80187.78,0,1900000,0.25426078,-3.45E-05,293.99378,0,3.279363498,14.05532,5.72744,22.3832,1.9,39.18,FALSE
5/31/2024,288.71423,280.79272,296.63574,0.91395543,-1.82437755,80024,0,1660000,0.3517276,-3.55E-05,296.438485,0,2.040506793,15.56423,7.64272,23.48574,1.66,39.16,FALSE
6/1/2024,293.53601,287.99585,299.07617,1.268266065,-0.33377184,79731.56,0,1390000,0.549888765,-2.32E-05,297.74096,0,1.311450515,20.38601,14.84585,25.92617,1.39,39.16,FALSE
6/2/2024,293.525395,287.14185,299.90894,3.3808627,-0.94181078,79543.1875,0,1940000,0.59754158,-3.13E-05,297.88147,0,3.509592589,20.375395,13.99185,26.75894,1.94,39.16,FALSE
6/3/2024,292.62292,287.3369,297.90894,3.68130815,-0.32121135,79678.435,0,837049.4,0.8103548,-1.96E-05,297.876465,0,3.695295174,19.47292,14.1869,24.75894,0.8370494,39.16,FALSE
6/4/2024,288.400025,282.59985,294.2002,4.439044,-0.720685725,79778,0,1940000,0.4908669,-4.55E-05,292.10791,0,4.497165724,15.250025,9.44985,21.0502,1.94,39.18,FALSE
6/5/2024,292.680785,285.75293,299.60864,1.1538897,-0.658987,80174.625,0,1910000,0,-6.79E-05,297.5343,0,1.32880597,19.530785,12.60293,26.45864,1.91,39.18,FALSE
6/6/2024,297.335335,290.88257,303.7881,-0.21537149,-0.582433,80150.595,8.71E-06,1610000,0.038359955,-4.66E-05,301.1095,0,0.620977518,24.185335,17.73257,30.6381,1.61,39.17,FALSE
6/7/2024,297.43762,289.59644,305.2788,1.89366499,0.104918212,79965.78,0.00018677,1400000,0.524763615,-9.35E-05,301.56568,0,1.896569251,24.28762,16.44644,32.1288,1.4,39.16,FALSE
6/8/2024,293.44409,286.37158,300.5166,1.330069675,0.32872073,79807.78,5.45E-07,1450000,0.195118737,-5.51E-05,300.30676,0,1.370088559,20.29409,13.22158,27.3666,1.45,39.16,FALSE
6/9/2024,296.827395,288.87012,304.78467,-2.38570315,1.43162564,79802.595,4.08E-07,1800000,0.73584105,-3.48E-05,302.150275,0,2.782288895,23.677395,15.72012,31.63467,1.8,39.16,FALSE
6/10/2024,295.23071,286.6831,303.77832,2.4830323,0.93797542,79891.375,6.81E-06,1800000,0.32826441,-3.54E-05,300.61524,0,2.654288472,22.08071,13.5331,30.62832,1.8,39.17,FALSE
6/11/2024,295.439825,288.95215,301.9275,1.264556,-1.023371525,80065.78,0,1900000,0.19006142,-4.26E-05,301.55066,0,1.626773234,22.289825,15.80215,28.7775,1.9,39.17,FALSE
6/12/2024,297.52966,290.10107,304.95825,2.0243837,-0.3498435,80006.185,0,1680000,0.137693375,-3.44E-05,302.42041,0,2.054390381,24.37966,16.95107,31.80825,1.68,39.16,FALSE
6/13/2024,297.0321,287.9397,306.1245,2.6042228,0.852262541,79936,0,1500000,0.151944642,-3.03E-05,301.911865,0,2.740132813,23.8821,14.7897,32.9745,1.5,39.16,FALSE
6/14/2024,297.24829,288.43115,306.06543,2.3541551,1.2847756,79949.5925,0,1980000,0.34655171,-3.84E-05,302.593505,0,2.681919942,24.09829,15.28115,32.91543,1.98,39.16,FALSE
6/15/2024,295.147705,286.19067,304.10474,3.74797285,0.22816734,79851.03,0,1740000,0.28775992,-2.81E-05,301.560185,0,3.754911559,21.997705,13.04067,30.95474,1.74,39.15,FALSE
6/16/2024,291.588135,282.7124,300.46387,2.77561532,-1.54715635,79647.4375,0,2000000,0.498280645,-2.89E-05,298.78003,0,3.177693059,18.438135,9.5624,27.31387,2,39.14,FALSE
6/17/2024,292.61523,286.2373,298.99316,4.5729794,-0.361006575,79204.155,0,2070000,0.299126265,-1.45E-05,298.92382,0,4.587206812,19.46523,13.0873,25.84316,2.07,39.15,FALSE
6/18/2024,281.894655,276.23926,287.55005,1.794678015,-1.84126947,79669.4675,0,2010000,0,-3.85E-05,290.623775,0,2.571214195,8.744655,3.08926,14.40005,2.01,39.16,FALSE
6/19/2024,286.34815,280.2693,292.427,-0.76703031,-0.35396749,79666.75,0,1600000,0.423604801,-2.91E-05,295.175535,0,0.84476534,13.19815,7.1193,19.277,1.6,39.16,FALSE
6/20/2024,293.061525,286.92505,299.198,0.580199235,0.3390492,79717.75,0,1070000,0.596961725,-2.83E-05,297.67285,0,0.672001125,19.911525,13.77505,26.048,1.07,39.16,FALSE
6/21/2024,295.56043,289.89746,301.2234,0.437615095,2.0013779,79680.3125,2.56E-05,1550000,0.935780975,-4.08E-05,299.119135,0,2.048663093,22.41043,16.74746,28.0734,1.55,39.16,FALSE
6/22/2024,295.711665,289.2539,302.16943,1.658409615,0.595344295,79905.0325,0,2030000,0.2384797,-3.98E-05,300.248165,0,1.762032145,22.561665,16.1039,29.01943,2.03,39.16,FALSE
6/23/2024,298.369635,289.9297,306.80957,1.4449318,2.2510457,80042.845,0,1900000,0.026477188,-3.21E-05,303.0155,0,2.674889652,25.219635,16.7797,33.65957,1.9,39.16,FALSE
6/24/2024,298.519655,290.25513,306.78418,2.85358475,-1.2671472,80041.405,0,1800000,0.226594385,-3.09E-05,303.16113,0,3.122276085,25.369655,17.10513,33.63418,1.8,39.16,FALSE
6/25/2024,297.461915,289.82788,305.09595,2.26080003,-0.52827749,80052.8425,2.13E-05,1430000,0.326442475,-3.83E-05,303.3103,0,2.321700644,24.311915,16.67788,31.94595,1.43,39.16,FALSE
6/26/2024,297.265015,290.02466,304.50537,0.720511115,1.83519025,80168.72,4.01E-05,1350000,0.739198615,-9.27E-05,303.93079,0,1.97156271,24.115015,16.87466,31.35537,1.35,39.15,FALSE
6/27/2024,295.194215,288.87183,301.5166,2.11372225,1.33374933,79941.5,0,1830000,0.442272927,-8.05E-05,300.83838,0,2.499341718,22.044215,15.72183,28.3666,1.83,39.14,FALSE
6/28/2024,294.01977,287.5808,300.45874,3.17871896,-0.595423165,79660.095,0,2000000,0.000914977,-5.07E-05,299.460085,0,3.23400417,20.86977,14.4308,27.30874,2,39.14,FALSE
6/29/2024,297.111455,290.56104,303.66187,0.851094515,-0.4578033,79746.9675,0,1860000,0.021191469,-3.29E-05,302.39551,0,0.966408679,23.961455,17.41104,30.51187,1.86,39.15,FALSE
6/30/2024,297.34436,288.53027,306.15845,2.1797738,2.446269965,79899.28,1.65E-05,1770000,0.36506795,-2.74E-05,302.2085,0,3.276530262,24.19436,15.38027,33.00845,1.77,39.15,FALSE
7/1/2024,295.35742,287.55078,303.16406,2.72849155,-1.3671427,80060.125,0,1940000,0.18260774,-3.39E-05,301.82825,0,3.051842935,22.20742,14.40078,30.01406,1.94,39.15,FALSE
7/2/2024,293.665645,285.44067,301.89062,2.6168693,-1.50949652,80102.94,0,2040000,0,-4.45E-05,300.664175,0,3.02102378,20.515645,12.29067,28.74062,2.04,39.16,FALSE
7/3/2024,295.43579,288.03613,302.83545,1.6211815,-1.28673949,80196.4675,0,2060000,0,-3.08E-05,301.794675,0,2.069765197,22.28579,14.88613,29.68545,2.06,39.16,FALSE
7/4/2024,297.00293,290.125,303.88086,2.15833377,-1.63604378,80461.905,0,2070000,0,-3.09E-05,300.94677,0,2.70832862,23.85293,16.975,30.73086,2.07,39.17,FALSE
7/5/2024,297.84362,290.58984,305.0974,0.9516334,-1.77033613,80598.5325,0,2050000,0,-3.73E-05,301.97046,0,2.009899535,24.69362,17.43984,31.9474,2.05,39.16,FALSE
7/6/2024,298.759765,291.21118,306.30835,1.43860865,-2.34034638,80468.935,0,2070000,0,-3.23E-05,302.852295,0,2.747146888,25.609765,18.06118,33.15835,2.07,39.15,FALSE
7/7/2024,298.55249,289.71802,307.38696,2.80508755,-0.98099815,80308.0925,0,2080000,0,-3.11E-05,303.263425,0,2.971678572,25.40249,16.56802,34.23696,2.08,39.15,FALSE
7/8/2024,300.4137,292.5691,308.2583,1.88614074,-2.3691114,80276.3425,0,2040000,0,-3.23E-05,302.79676,0,3.028236404,27.2637,19.4191,35.1083,2.04,39.15,FALSE
7/9/2024,299.59058,292.2859,306.89526,0.007998025,-0.9801512,80102.875,0,1970000,0,-3.35E-05,305.39344,0,0.980183831,26.44058,19.1359,33.74526,1.97,39.15,FALSE
7/10/2024,301.86242,294.0288,309.69604,1.7912545,-1.13183971,80133.78,0,1690000,0.429963014,-2.87E-05,306.329345,0,2.118880321,28.71242,20.8788,36.54604,1.69,39.15,FALSE
7/11/2024,301.16919,292.58936,309.74902,2.1490164,-0.49754735,80268.2825,0,1410000,0.44547358,-2.64E-05,305.992425,0,2.205861476,28.01919,19.43936,36.59902,1.41,39.15,FALSE
7/12/2024,301.99353,295.44653,308.54053,2.0568056,-0.2117705,80364.31,0,1380000,0.361302825,-2.74E-05,304.93103,0,2.067678897,28.84353,22.29653,35.39053,1.38,39.15,FALSE
7/13/2024,302.74719,297.82104,307.67334,-0.191808215,-1.129221057,80321.5925,2.89E-06,1570000,0.61738858,-2.94E-05,306.97009,0,1.145395385,29.59719,24.67104,34.52334,1.57,39.15,FALSE
7/14/2024,300.006955,294.65234,305.36157,-1.083037905,3.040284535,80455,1.11E-05,1480000,0.9077462,-4.05E-05,306.77613,0,3.227429497,26.856955,21.50234,32.21157,1.48,39.15,FALSE
7/15/2024,294.61987,286.96094,302.2788,3.11344185,-0.434845675,80540.5,0,1850000,0.089319328,-0.00010104,303.20923,0,3.143662023,21.46987,13.81094,29.1288,1.85,39.15,FALSE
7/16/2024,295.344485,289.81885,300.87012,2.0862849,-0.730599265,80339.9675,0,1880000,0.15195471,-7.04E-05,301.78662,0,2.210511246,22.194485,16.66885,27.72012,1.88,39.15,FALSE
7/17/2024,297.543585,290.21777,304.8694,0.2640967,-0.02601547,80237.935,0,1700000,0.229998654,-3.22E-05,304.641715,0,0.265374964,24.393585,17.06777,31.7194,1.7,39.15,FALSE
7/18/2024,298.93555,292.031,305.8401,2.29483075,0.881042815,80280.19,0.000224545,1310000,0.471576966,-4.76E-05,304.4519,0,2.458146581,25.78555,18.881,32.6901,1.31,39.15,FALSE
7/19/2024,297.3811,290.8894,303.8728,0.9237936,0.49006501,80435.28,5.45E-07,1530000,0.426537415,-3.33E-05,303.95508,0,1.045733393,24.2311,17.7394,30.7228,1.53,39.15,FALSE
7/20/2024,298.22522,291.41284,305.0376,0.94986797,1.0146893,80476.625,3.16E-07,1770000,0.226914675,-3.69E-05,305.7782,0,1.389907744,25.07522,18.26284,31.8876,1.77,39.15,FALSE
7/21/2024,298.791625,291.44482,306.13843,1.33725706,0.0468273,80384.94,0.000312563,1420000,0.57890126,-6.54E-05,307.51758,0,1.338076695,25.641625,18.29482,32.98843,1.42,39.14,FALSE
7/22/2024,299.02222,292.9585,305.08594,-0.383655395,-0.47904412,80318.935,1.36E-07,1410000,0.277684897,-8.01E-05,305.18628,0,0.613738325,25.87222,19.8085,31.93594,1.41,39.155,TRUE
7/23/2024,297.97033,291.40796,304.5327,0.05502788,-0.4789386,80312.685,0,1750000,0.60671525,-4.48E-05,304.51502,0,0.482089463,24.82033,18.25796,31.3827,1.75,39.17,FALSE
7/24/2024,299.75842,292.60742,306.90942,0.89226995,-1.20481065,80444.56,0.000220988,1020000,0.74424978,-3.66E-05,307.067385,0,1.499237928,26.60842,19.45742,33.75942,1.02,39.17,FALSE
7/25/2024,295.846195,289.70093,301.99146,0.43440111,2.24508145,80644.75,0.000763009,933078.2,0.491368087,-9.38E-05,305.25012,0,2.286721461,22.696195,16.55093,28.84146,0.9330782,39.16,FALSE
7/26/2024,293.971315,287.417,300.52563,1.9477227,2.02240655,80397.095,0,1780000,0.451642487,-0.000166187,301.61828,0,2.807801982,20.821315,14.267,27.37563,1.78,39.14,FALSE
7/27/2024,296.74121,290.2312,303.25122,2.1760335,0.811120163,79812.4375,0,1880000,0.295315992,-6.78E-05,301.441775,0,2.322291479,23.59121,17.0812,30.10122,1.88,39.13,FALSE
7/28/2024,293.43848,284.6814,302.19556,3.7280864,1.02610825,79681.5325,0,1970000,0,-3.20E-05,299.973755,0,3.866720361,20.28848,11.5314,29.04556,1.97,39.15,FALSE
7/29/2024,294.56567,286.47314,302.6582,1.90758224,0.49340875,79894.5625,0,1930000,0.00462918,-2.35E-05,301.542725,0,1.970360931,21.41567,13.32314,29.5082,1.93,39.15,FALSE
7/30/2024,294.15149,284.6731,303.62988,2.58072485,1.028469625,80030.2825,0,1930000,0,-2.19E-05,301.8496,0,2.778109163,21.00149,11.5231,30.47988,1.93,39.15,FALSE
7/31/2024,296.30615,288.9685,303.6438,2.096094535,-0.904552625,80109.375,0,1920000,0,-2.63E-05,302.513675,0,2.282942783,23.15615,15.8185,30.4938,1.92,39.16,FALSE
8/1/2024,297.43384,289.4419,305.42578,0.201828925,0.737240725,80321.5,0,1920000,0,-2.89E-05,304.93615,0,0.764368237,24.28384,16.2919,32.27578,1.92,39.17,FALSE
8/2/2024,300.67688,293.56543,307.78833,0.484241065,1.428052625,80582.5,3.81E-06,1050000,0.283574395,-1.99E-05,305.733275,0,1.507920326,27.52688,20.41543,34.63833,1.05,39.16,FALSE
8/3/2024,302.679445,296.38892,308.96997,-1.025938685,1.05067903,80442,4.51E-06,1620000,0.676647365,-2.38E-05,306.840455,0,1.468494675,29.529445,23.23892,35.81997,1.62,39.15,FALSE
8/4/2024,298.574215,289.92065,307.22778,2.7399784,0.678078265,80206.845,0,1710000,0.23512748,-2.55E-05,305.16614,0,2.822635606,25.424215,16.77065,34.07778,1.71,39.15,FALSE
8/5/2024,300.081175,293.2998,306.86255,0.554560693,0.10793815,80185.0925,2.72E-07,1520000,0.450654,-2.45E-05,306.88184,0,0.564967438,26.931175,20.1498,33.71255,1.52,39.15,FALSE
8/6/2024,298.65197,289.91284,307.3911,2.0279894,0.896697325,80290.185,0,1770000,0.364229984,-2.58E-05,305.292115,0,2.217387449,25.50197,16.76284,34.2411,1.77,39.16,FALSE
8/7/2024,299.51087,291.3484,307.67334,2.25773,-0.37298102,80390.8125,0,1690000,0.166619823,-2.26E-05,305.82788,0,2.288331181,26.36087,18.1984,34.52334,1.69,39.15,FALSE
8/8/2024,299.591675,292.25635,306.927,1.97847605,-0.316737225,80253.875,1.68E-06,1570000,0.3332313,-2.54E-05,305.55603,0,2.003669122,26.441675,19.10635,33.777,1.57,39.15,FALSE
8/9/2024,298.401375,291.14795,305.6548,2.28721045,-0.2190137,80140.7175,0,1510000,0.55677303,-2.27E-05,304.9043,0,2.29767244,25.251375,17.99795,32.5048,1.51,39.15,FALSE
8/10/2024,296.75415,289.2749,304.2334,2.83074095,-7.58E-05,80120.065,0,1820000,0.151835843,-3.25E-05,303.413695,0,2.830740951,23.60415,16.1249,31.0834,1.82,39.15,FALSE
8/11/2024,296.911135,288.80835,305.01392,3.57701998,0.5723023,80136.935,0,1430000,0.063170142,-2.17E-05,303.194945,0,3.622513197,23.761135,15.65835,31.86392,1.43,39.15,FALSE
8/12/2024,300.222415,294.26343,306.1814,3.4632001,-1.420228,79980.31,0,940925.9,0.525089975,-1.95E-05,304.465575,0,3.743100654,27.072415,21.11343,33.0314,0.9409259,39.14,FALSE
8/13/2024,295.730715,288.9043,302.55713,3.0882019,0.196876265,79844.5925,3.54E-06,1840000,0.405558375,-2.41E-05,302.23438,0,3.094471076,22.580715,15.7543,29.40713,1.84,39.15,FALSE
8/14/2024,293.012695,285.19995,300.82544,3.01192105,0.10027475,80038.5,0,1810000,0,-2.28E-05,300.46802,0,3.013589792,19.862695,12.04995,27.67544,1.81,39.15,FALSE
8/15/2024,295.03747,287.0327,303.04224,2.5175118,-0.312877728,80110.1875,0,1800000,0,-1.79E-05,302.015865,0,2.536879606,21.88747,13.8827,29.89224,1.8,39.15,FALSE
8/16/2024,293.526365,285.2207,301.83203,2.81459033,0.62359656,80053.095,0,1790000,0,-1.95E-05,300.427005,0,2.882844324,20.376365,12.0707,28.68203,1.79,39.14,FALSE
8/17/2024,296.051635,287.07593,305.02734,1.73681985,1.2301865,79895.345,0.000287727,1370000,0,-0.000190509,301.4762,0,2.128356647,22.901635,13.92593,31.87734,1.37,39.14,FALSE
8/18/2024,294.555295,287.96606,301.14453,0.46682685,3.62662518,79849.595,0,1750000,0.229269535,-4.54E-05,297.737305,0,3.656547211,21.405295,14.81606,27.99453,1.75,39.15,FALSE
8/19/2024,296.07702,287.83594,304.3181,1.23857975,4.09823795,80072.875,0,1780000,0,-2.80E-05,299.978515,0,4.281312193,22.92702,14.68594,31.1681,1.78,39.16,FALSE
8/20/2024,296.28295,286.8391,305.7268,2.46328065,2.49742985,80224.095,0,1760000,0.009657178,-2.51E-05,300.10059,0,3.507835147,23.13295,13.6891,32.5768,1.76,39.15,FALSE
8/21/2024,295.43555,285.9668,304.9043,3.18603035,1.202568435,80121.9075,0,1740000,0,-1.96E-05,300.74329,0,3.405430991,22.28555,12.8168,31.7543,1.74,39.15,FALSE
8/22/2024,293.32044,284.71118,301.9297,0.59295375,1.2604141,79889.155,0,1740000,0,-1.89E-05,300.284785,0,1.392924209,20.17044,11.56118,28.7797,1.74,39.13,FALSE
8/23/2024,296.12317,289.55957,302.68677,0.39269785,5.283576,79474.875,0,1470000,0,-1.34E-05,299.86719,0,5.298149389,22.97317,16.40957,29.53677,1.47,39.13,FALSE
8/24/2024,293.12561,286.81714,299.43408,2.2100185,0.27266365,79574.595,5.18E-05,1340000,0.95269405,-1.24E-05,298.244635,0,2.226775075,19.97561,13.66714,26.28408,1.34,39.15,FALSE
8/25/2024,283.00439,276.9497,289.05908,1.45191825,-1.40781493,80053.405,0.000874357,703926.94,0.794294235,-0.000192153,294.535275,0,2.022377185,9.85439,3.7997,15.90908,0.70392694,39.15,FALSE
8/26/2024,282.40491,276.43628,288.37354,0.92400136,-0.6170974,80592.405,0,1660000,0.005566027,-0.000232226,287.72656,0,1.111120027,9.25491,3.28628,15.22354,1.66,39.16,FALSE
8/27/2024,287.26623,280.26636,294.2661,-0.433056237,0.89917262,80587.625,0,1640000,0,-0.000203323,291.884765,0,0.998022597,14.11623,7.11636,21.1161,1.64,39.15,FALSE
8/28/2024,291.21216,281.74976,300.67456,1.67799565,1.06769608,80247.0925,0,1610000,0,-0.000116316,294.38623,0,1.988880167,18.06216,8.59976,27.52456,1.61,39.15,FALSE
8/29/2024,292.74755,284.2478,301.2473,1.59400188,-1.80747813,80267.9075,0,1610000,0,-4.70E-05,296.05993,0,2.409941739,19.59755,11.0978,28.0973,1.61,39.16,FALSE
8/30/2024,293.49658,285.34766,301.6455,0.927250225,-1.270251825,80463.625,0,1590000,0,-3.53E-05,297.39624,0,1.572683273,20.34658,12.19766,28.4955,1.59,39.16,FALSE
8/31/2024,296.10547,288.75708,303.45386,0.4474771,-0.8193681,80480.1875,0,1370000,0.049619919,-2.48E-05,299.76123,0,0.933595115,22.95547,15.60708,30.30386,1.37,39.15,FALSE
9/1/2024,296.19323,288.2495,304.13696,-0.1591987,1.5335865,80378.6575,0,1280000,0.8422183,-1.90E-05,301.71937,0,1.541827415,23.04323,15.0995,30.98696,1.28,39.15,FALSE
9/2/2024,295.988525,289.01953,302.95752,0.11017673,2.7095332,80238.5,1.91E-06,1330000,0.14346477,-1.78E-05,300.11633,0,2.711772312,22.838525,15.86953,29.80752,1.33,39.15,FALSE
9/3/2024,295.602415,288.36328,302.84155,2.76920745,1.69310399,80171.095,0,1500000,0.523212985,-3.90E-05,299.49402,0,3.245783576,22.452415,15.21328,29.69155,1.5,39.15,FALSE
9/4/2024,293.191895,285.20947,301.17432,2.20197065,-1.416131495,80426.75,0,1520000,0.05434978,-4.91E-05,297.967405,0,2.618034216,20.041895,12.05947,28.02432,1.52,39.17,FALSE
9/5/2024,292.74023,284.48486,300.9956,0.2363942,-1.1141466,80770.155,0,1510000,0,-3.71E-05,297.78174,0,1.138949017,19.59023,11.33486,27.8456,1.51,39.16,FALSE
9/6/2024,294.073485,285.1123,303.03467,-0.9037544,-0.5072684,80701.53,0,1080000,0,-2.28E-05,299.38769,0,1.036384699,20.923485,11.9623,29.88467,1.08,39.15,FALSE
9/7/2024,295.68421,286.9319,304.43652,1.3944747,0.43285725,80392.7825,0,1270000,0.6100222,-2.43E-05,300.686775,0,1.460111327,22.53421,13.7819,31.28652,1.27,39.14,FALSE
9/8/2024,294.605465,286.73633,302.4746,1.043296835,1.3575449,80140.435,0.000251558,1010000,0.459639365,-2.83E-05,299.863035,0,1.712132133,21.455465,13.58633,29.3246,1.01,39.14,FALSE
9/9/2024,294.2036,286.5869,301.8203,1.83196585,0.1758068,80133.5625,0,1360000,0.4552378,-2.30E-05,298.881715,0,1.840382272,21.0536,13.4369,28.6703,1.36,39.14,FALSE
9/10/2024,294.314335,285.79297,302.8357,1.80901412,0.599609165,80078.595,5.99E-06,1330000,0.53122371,-2.08E-05,299.814945,0,1.905797271,21.164335,12.64297,29.6857,1.33,39.13,FALSE
9/11/2024,294.413935,286.1538,302.67407,2.4615364,1.55228188,79542.7175,0,1430000,0.43009418,-1.57E-05,298.964355,0,2.910110047,21.263935,13.0038,29.52407,1.43,39.12,FALSE
9/12/2024,289.264035,280.34814,298.17993,4.43459895,0.51332423,79226.78,0,1400000,0.30087695,-4.02E-05,295.9845,0,4.464209853,16.114035,7.19814,25.02993,1.4,39.135,TRUE
9/13/2024,285.151855,278.72827,291.57544,0.2893953,-1.3970874,79696.0625,0,1370000,0,-3.69E-05,292.32336,0,1.426745542,12.001855,5.57827,18.42544,1.37,39.15,FALSE
9/14/2024,289.3125,281.0769,297.5481,1.14764904,0.23838235,79817.625,0,1350000,0,-2.94E-05,294.930915,0,1.17214524,16.1625,7.9269,24.3981,1.35,39.15,FALSE
9/15/2024,291.923705,282.81787,301.02954,0.65542825,3.07282495,79587.405,6.61E-05,891918.75,0.377338974,-1.95E-05,296.21399,0,3.141948339,18.773705,9.66787,27.87954,0.89191875,39.13,FALSE
9/16/2024,289.580325,283.35425,295.8064,1.6460867,2.02215155,79056.44,9.19E-05,838375.6,0.7372455,-7.45E-05,294.87574,0,2.607431363,16.430325,10.20425,22.6564,0.8383756,39.13,FALSE
9/17/2024,280.94141,278.5547,283.32812,2.64774135,-0.01204155,79265.78,0.000160856,485945.8,0.834254125,-8.19E-05,290.04639,0,2.647768731,7.79141,5.4047,10.17812,0.4859458,39.15,FALSE
9/18/2024,282.62976,280.54175,284.71777,2.45211772,0.642057865,79677.8125,3.76E-05,621706.5,0.9946393,-0.00010018,286.450805,0,2.534781966,9.47976,7.39175,11.56777,0.6217065,39.15,FALSE
9/19/2024,284.620115,281.2146,288.02563,-0.391736625,0.05309424,79757,1.64E-06,1010000,0.8480784,-0.000142271,288.95825,0,0.39531833,11.470115,8.0646,14.87563,1.01,39.15,FALSE
9/20/2024,286.778565,280.00317,293.55396,-0.57337825,1.15549049,79738.345,7.29E-05,1100000,0.70522585,-0.000107159,289.78602,0,1.289930576,13.628565,6.85317,20.40396,1.1,39.15,FALSE
9/21/2024,287.54419,280.31445,294.77393,1.3383403,-1.22722618,79861.5925,0,1140000,0.14243269,-6.69E-05,290.64514,0,1.815830073,14.39419,7.16445,21.62393,1.14,39.16,FALSE
9/22/2024,287.08838,279.2854,294.89136,1.47396705,-1.517453735,80100.375,0,1210000,0.16429898,-2.87E-05,290.7605,0,2.115477417,13.93838,6.1354,21.74136,1.21,39.17,FALSE
9/23/2024,288.02954,279.48828,296.5708,1.26558495,-1.25541385,80196.53,0,1180000,0.13719371,-2.87E-05,292.450075,0,1.782629855,14.87954,6.33828,23.4208,1.18,39.17,FALSE
9/24/2024,289.54651,281.4065,297.68652,0.272481632,-0.5862293,80210.5,0,1160000,0.008204909,-4.71E-05,293.14599,0,0.646460387,16.39651,8.2565,24.53652,1.16,39.16,FALSE
9/25/2024,291.58643,282.42188,300.75098,-0.8874223,1.554247675,79982.75,0,1160000,0,-2.59E-05,294.75696,0,1.789749752,18.43643,9.27188,27.60098,1.16,39.15,FALSE
9/26/2024,292.00903,282.52783,301.49023,1.64466255,2.95500375,79832.2175,0,1130000,0,-1.96E-05,294.29114,0,3.381857783,18.85903,9.37783,28.34023,1.13,39.16,FALSE
9/27/2024,292.65832,284.5952,300.72144,0.49541158,0.279602365,80206.47,0,1130000,0,-2.50E-05,295.64136,0,0.568867398,19.50832,11.4452,27.57144,1.13,39.16,FALSE
9/28/2024,292.90478,283.2119,302.59766,-0.85372675,1.6625104,80125.0325,0,1080000,0,-2.19E-05,295.91028,0,1.868900798,19.75478,10.0619,29.44766,1.08,39.16,FALSE
9/29/2024,293.277465,283.05176,303.50317,0.076745224,3.91701795,80005.125,0,1090000,0,-1.72E-05,295.79675,0,3.917769704,20.127465,9.90176,30.35317,1.09,39.16,FALSE
9/30/2024,292.254885,282.6023,301.90747,2.20218538,-1.01666275,80221.595,0,1060000,0,-1.43E-05,295.16748,0,2.425535734,19.104885,9.4523,28.75747,1.06,39.17,FALSE
10/1/2024,289.981325,281.44263,298.52002,0.075852605,-0.98631,80656.0325,0,1050000,0,-2.50E-05,293.96887,0,0.989222439,16.831325,8.29263,25.37002,1.05,39.16,FALSE
10/2/2024,291.299075,281.4275,301.17065,2.27978035,-0.2814064,80515.125,0,1030000,0,-1.95E-05,294.42358,0,2.297082499,18.149075,8.2775,28.02065,1.03,39.14,FALSE
10/3/2024,290.790775,280.85352,300.72803,2.08112785,-0.1489778,80157.375,0,1020000,0,-1.74E-05,294.06494,0,2.086453334,17.640775,7.70352,27.57803,1.02,39.14,FALSE
10/4/2024,291.453615,282.42383,300.4834,1.70224625,0.6301269,80111.095,0,858708.06,0,-1.39E-05,294.417115,0,1.815131457,18.303615,9.27383,27.3334,0.85870806,39.15,FALSE
10/5/2024,291.25635,283.87427,298.63843,4.1912422,1.50896695,80405.1575,0,946634.56,0.07193142,-1.26E-05,293.11975,0,4.45460351,18.10635,10.72427,25.48843,0.94663456,39.16,FALSE
10/6/2024,290.49036,281.9087,299.07202,2.27846422,-0.0262103,80651.0625,0,633533.94,0.145637838,-1.35E-05,293.695685,0,2.27861497,17.34036,8.7587,25.92202,0.63353394,39.15,FALSE
10/7/2024,291.81164,284.86328,298.76,0.99935585,-0.60256795,80521.25,2.45E-06,801499.1,0.594438185,-4.35E-05,293.850465,0,1.166961974,18.66164,11.71328,25.61,0.8014991,39.14,FALSE
10/8/2024,289.644895,281.68945,297.60034,0.151584838,1.62360285,80252.9075,0,759780.75,0.41912621,-4.29E-05,293.74964,0,1.630663723,16.494895,8.53945,24.45034,0.75978075,39.13,FALSE
10/9/2024,288.787715,280.0537,297.52173,1.230775135,1.277033865,80159.25,0,888477.94,0.270585925,-5.69E-05,292.39441,0,1.773590405,15.637715,6.9037,24.37173,0.88847794,39.14,FALSE
10/10/2024,289.9751,280.7688,299.1814,0.74069188,2.18906785,80231.185,0,652443.56,0.72494003,-3.26E-05,292.50525,0,2.310983019,16.8251,7.6188,26.0314,0.65244356,39.14,FALSE
10/11/2024,288.519285,279.3269,297.71167,0.915896389,2.50135275,80297.72,0,865796,0.4869911,-3.05E-05,291.229855,0,2.66376271,15.369285,6.1769,24.56167,0.865796,39.14,FALSE
10/12/2024,289.152465,279.6001,298.70483,0.885956735,2.35733515,80268.625,0,848867.3,0.0572301,-2.19E-05,291.56335,0,2.518322526,16.002465,6.4501,25.55483,0.8488673,39.14,FALSE
10/13/2024,289.568605,281.27075,297.86646,1.8667493,0.53450265,80217.5,0,825379,0,-1.91E-05,291.406375,0,1.94176364,16.418605,8.12075,24.71646,0.825379,39.14,FALSE
10/14/2024,286.813595,279.49316,294.13403,0.634373193,-0.203789175,80287.25,0,808974.44,0.020004401,-1.87E-05,290.333,0,0.666302765,13.663595,6.34316,20.98403,0.80897444,39.14,FALSE
10/15/2024,289.184565,281.4077,296.96143,-0.223051705,-0.9909601,80382.47,0,796598.44,0,-2.67E-05,290.73584,0,1.015752914,16.034565,8.2577,23.81143,0.79659844,39.13,FALSE
10/16/2024,288.69007,279.7693,297.61084,0.29844088,1.5799565,80056.3425,0,483436,0.010082172,-1.32E-05,291.21289,0,1.607895986,15.54007,6.6193,24.46084,0.483436,39.11,FALSE
10/17/2024,285.58996,278.79932,292.3806,4.04242465,-0.519393745,79405.0625,0.001996521,348990.44,0.83369785,-3.79E-05,290.348265,0.000267487,4.075655397,12.43996,5.64932,19.2306,0.34899044,39.11,FALSE
10/18/2024,274.388425,270.9497,277.82715,2.9629226,-3.56650115,79490.8425,4.52E-07,626374.7,0.729556665,-4.49E-05,283.639525,5.76E-07,4.636684245,1.238425,-2.2003,4.67715,0.6263747,39.15,FALSE
10/19/2024,274.25403,269.3479,279.16016,1.22496035,-3.0568419,80456.845,0,636092.2,0,-4.99E-05,280.183595,0,3.293145952,1.10403,-3.8021,6.01016,0.6360922,39.15,FALSE
10/20/2024,278.607175,271.00195,286.2124,0.24220381,-1.1772835,80478.25,0,646433.8,0,-6.29E-05,281.605475,0,1.201939734,5.457175,-2.14805,13.0624,0.6464338,39.13,FALSE
10/21/2024,282.80701,275.62476,289.98926,0.98431311,0.87055895,80222.5625,0,661736.56,0.44719825,-7.20E-05,284.0315,0,1.314056766,9.65701,2.47476,16.83926,0.66173656,39.13,FALSE
10/22/2024,283.37939,274.40698,292.3518,1.34583307,1.19582058,80266.375,0,605978.6,0.094958275,-6.39E-05,284.49487,0,1.800348164,10.22939,1.25698,19.2018,0.6059786,39.14,FALSE
10/23/2024,283.84192,275.4231,292.26074,1.0536557,1.2717349,80372.875,0,646818.94,0.40863445,-6.36E-05,285.04028,0,1.651514453,10.69192,2.2731,19.11074,0.64681894,39.13,FALSE
10/24/2024,284.04468,273.0503,295.03906,1.65587565,0.18058395,80175.5625,0,673517.8,0.28418795,-1.34E-05,285.87329,0,1.665693469,10.89468,-0.0997,21.88906,0.6735178,39.13,FALSE
10/25/2024,279.106445,271.73804,286.47485,-0.98944618,0.64416302,80193.905,0,467249.06,0,-2.64E-05,283.8302,0,1.180656487,5.956445,-1.41196,13.32485,0.46724906,39.13,FALSE
10/26/2024,285.11731,276.90552,293.3291,-0.471069658,1.8878312,80349.875,0,614405.1,0.49814935,-2.71E-05,285.86304,0,1.945716645,11.96731,3.75552,20.1791,0.6144051,39.14,FALSE
10/27/2024,288.674435,282.6997,294.64917,-0.13660619,2.6868334,80255.22,0,522150.56,0.96281127,-9.18E-06,288.170655,0,2.690303881,15.524435,9.5497,21.49917,0.52215056,39.11,FALSE
10/28/2024,285.541875,276.83765,294.2461,2.1735649,0.3664324,79503.8425,2.10E-06,323776.3,0.49888012,-1.23E-05,287.14051,0,2.204236167,12.391875,3.68765,21.0961,0.3237763,39.09,FALSE
10/29/2024,276.486205,273.27295,279.69946,2.85177375,-2.57785175,79229.5925,0.0001188,426145.7,0.61599102,-1.52E-05,281.194215,5.75E-05,3.844207742,3.336205,0.12295,6.54946,0.4261457,39.11,FALSE
10/30/2024,270.983645,265.28833,276.67896,1.6123424,-1.59672025,79731.155,0,512506.2,0.3891431,-2.74E-05,277.832035,0,2.269176849,-2.166355,-7.86167,3.52896,0.5125062,39.12,FALSE
10/31/2024,278.24329,274.7837,281.70288,0.6860388,2.7924537,79688.375,6.12E-05,446417.5,0.750106315,-2.58E-05,279.661985,5.11E-08,2.875490724,5.09329,1.6337,8.55288,0.4464175,39.11,FALSE
11/1/2024,274.399655,268.83398,279.96533,1.97832964,-0.1085019,79737.625,0,339190.8,0.64580407,-2.66E-05,278.22754,0,1.98130281,1.249655,-4.31602,6.81533,0.3391908,39.11,FALSE
11/2/2024,280.87329,277.67773,284.06885,1.65318105,1.053959365,79356.97,0.000266487,378701.94,0.98649752,-2.72E-05,281.25256,0.000254024,1.960570817,7.72329,4.52773,10.91885,0.37870194,39.1,FALSE
11/3/2024,276.27673,272.60376,279.9497,3.4902887,-1.95666315,79245.06,8.05E-05,331640.7,0.7398859,-2.29E-05,279.323,3.73E-05,4.001330515,3.12673,-0.54624,6.7997,0.3316407,39.12,FALSE
11/4/2024,272.993165,269.57666,276.40967,2.11278535,-3.309093,79899.5625,6.27E-06,417134.62,0.55916631,-2.36E-05,278.0802,6.50E-06,3.926061438,-0.156835,-3.57334,3.25967,0.41713462,39.13,FALSE
11/5/2024,277.254025,274.38965,280.1184,2.5000925,-0.36125115,79952.405,8.62E-06,327541.62,0.22673285,-2.61E-05,279.45032,8.35E-06,2.526057185,4.104025,1.23965,6.9684,0.32754162,39.11,FALSE
11/6/2024,270.37562,265.4944,275.25684,1.8166785,-3.5631404,79925.4675,0,443154.62,0.52915265,-1.66E-05,276.07459,1.98E-08,3.999536258,-2.77438,-7.6556,2.10684,0.44315462,39.13,FALSE
11/7/2024,270.122565,264.2234,276.02173,0.490474455,-2.10855567,80306.5325,0,438445.38,0.11412978,-1.83E-05,275.40113,0,2.164849234,-3.027435,-8.9266,2.87173,0.43844538,39.13,FALSE
11/8/2024,272.55677,264.91504,280.1985,0.90113847,-1.04063643,80384.4675,0,442539.94,0,-2.31E-05,276.3391,0,1.376580808,-0.59323,-8.23496,7.0485,0.44253994,39.12,FALSE
11/9/2024,275.61853,267.58203,283.65503,0.419354922,0.11368845,80007.405,0,445589.56,0,-2.29E-05,277.666015,0,0.434492363,2.46853,-5.56797,10.50503,0.44558956,39.1,FALSE
11/10/2024,279.841555,271.36597,288.31714,-0.398563805,1.340752,79843.125,0,410917.75,0.363849504,-2.90E-05,279.445675,0,1.398738372,6.691555,-1.78403,15.16714,0.41091775,39.11,FALSE
11/11/2024,281.68384,274.73853,288.62915,-0.30080826,2.0164275,79828.0625,0,203491.56,0.093619375,-2.41E-05,279.71448,0,2.038741149,8.53384,1.58853,15.47915,0.20349156,39.09,FALSE
11/12/2024,279.424315,272.46777,286.38086,3.57208585,-0.0343213,79344.47,2.79E-05,389299.06,0.80998835,-7.07E-06,279.702765,2.77E-05,3.572250729,6.274315,-0.68223,13.23086,0.38929906,39.12,FALSE
11/13/2024,272.260015,267.94263,276.5774,0.13023855,0.13342525,80058.6575,0,371828.56,0.686607655,-1.84E-05,276.449705,0,0.186452078,-0.889985,-5.20737,3.4274,0.37182856,39.11,FALSE
11/14/2024,278.235225,271.8745,284.59595,0.23228851,2.7405205,79778.125,0,379530.38,0.360128092,-1.33E-05,277.92493,0,2.750347353,5.085225,-1.2755,11.44595,0.37953038,39.09,FALSE
11/15/2024,277.02795,270.8098,283.2461,0.65291983,0.97863828,78944.5,0.000262575,179422.25,0.311118652,-8.78E-06,278.170165,0.000242076,1.176451099,3.87795,-2.3402,10.0961,0.17942225,39.07,FALSE
11/16/2024,272.10852,271.18408,273.03296,2.50737285,-2.2862201,79107.7825,5.58E-05,258003.94,0.811318575,-7.71E-06,275.47937,5.57E-05,3.393187433,-1.04148,-1.96592,-0.11704,0.25800394,39.11,FALSE
11/17/2024,269.63672,265.2749,273.99854,1.00343645,-0.997251975,79691.3125,1.95E-05,162110.62,0.264573045,-7.92E-06,274.157105,5.30E-06,1.414707111,-3.51328,-7.8751,0.84854,0.16211062,39.1,FALSE
11/18/2024,275.71435,272.0537,279.375,2.01736651,0.7933117,79258.19,0.000207925,263513.75,0.77150476,-1.34E-05,276.161985,0.000127694,2.167743317,2.56435,-1.0963,6.225,0.26351375,39.1,FALSE
11/19/2024,267.89648,263.00146,272.7915,2.12098075,-0.55108215,79620.28,0,213406.44,0.250929325,-1.25E-05,273.398075,0,2.19140386,-5.25352,-10.14854,-0.3585,0.21340644,39.11,FALSE
11/20/2024,273.593625,271.83813,275.34912,-1.46016885,2.80897855,79883.69,0,278103.5,0.95398905,-2.21E-05,274.36438,0,3.16582589,0.443625,-1.31187,2.19912,0.2781035,39.11,FALSE
11/21/2024,277.36621,273.69702,281.0354,-1.20944405,3.17114255,80030.685,0,283569.8,0.803602935,-1.98E-05,276.40503,0,3.393950498,4.21621,0.54702,7.8854,0.2835698,39.11,FALSE
11/22/2024,279.58484,274.2605,284.90918,-1.1475545,2.40688755,80019.4375,0,292431.56,0.688012095,-2.37E-05,277.646235,0,2.666456264,6.43484,1.1105,11.75918,0.29243156,39.09,FALSE
11/23/2024,282.379025,279.9851,284.77295,-0.790912775,2.8579597,79348.5325,9.42E-05,156023.69,0.994790185,-1.31E-05,279.45728,0,2.965379683,9.229025,6.8351,11.62295,0.15602369,39.08,FALSE
11/24/2024,275.447025,270.9087,279.98535,1.4281521,-0.94794545,79260.25,5.72E-06,308090.44,0.46332693,-6.45E-06,277.369995,5.63E-06,1.71412339,2.297025,-2.2413,6.83535,0.30809044,39.11,FALSE
11/25/2024,272.95569,267.72705,278.18433,-0.0892601,1.140521535,79820.4375,0.000100254,139874,0.007274959,-8.93E-06,275.76795,5.72E-05,1.144009063,-0.19431,-5.42295,5.03433,0.139874,39.1,FALSE
11/26/2024,274.86499,274.54053,275.18945,-1.2454933,2.554398,79644.94,0.000775117,162585.06,0.9951257,-3.80E-06,275.15832,0.000706621,2.84186606,1.71499,1.39053,2.03945,0.16258506,39.09,FALSE
11/27/2024,269.747675,264.9934,274.50195,1.6489377,-0.45446065,79827.905,3.73E-06,201581.38,0.788103975,6.50E-07,275.499275,3.76E-06,1.710418084,-3.402325,-8.1566,1.35195,0.20158138,39.11,FALSE
11/28/2024,268.161615,263.2705,273.05273,-0.382948205,0.117218105,80156.69,0,214239.31,0.382011115,5.51E-07,273.512695,3.98E-08,0.400486469,-4.988385,-9.8795,-0.09727,0.21423931,39.11,FALSE
11/29/2024,269.09595,264.5774,273.6145,-0.32934611,1.48734205,80162.1575,0,217805.44,0.04924953,-4.21E-07,271.94556,0,1.523369697,-4.05405,-8.5726,0.4645,0.21780544,39.11,FALSE
11/30/2024,269.85375,263.2202,276.4873,0.245966893,1.13107058,80254.28,0,228135,8.28E-05,-2.05E-06,271.900515,0,1.157506099,-3.29625,-9.9298,3.3373,0.228135,39.11,FALSE
12/1/2024,271.796755,263.69336,279.90015,0.055433365,0.6209158,80367.1875,0,181191.31,0,-3.72E-06,272.05689,0,0.623385345,-1.353245,-9.45664,6.75015,0.18119131,39.11,FALSE
12/2/2024,272.173585,267.22827,277.1189,-0.328160405,0.84346763,80505.125,0,242469.94,0.954458275,-7.25E-06,272.76465,0,0.905056293,-0.976415,-5.92173,3.9689,0.24246994,39.11,FALSE
12/3/2024,273.81128,267.10034,280.52222,-0.67434663,0.57474455,80492.405,0,255029.62,0.082598083,-8.70E-06,273.50964,0,0.886044398,0.66128,-6.04966,7.37222,0.25502962,39.1,FALSE
12/4/2024,274.22949,268.09863,280.36035,0.06258657,-0.35320353,80498.5325,0,272185.2,0.018559995,-7.48E-06,273.70045,0,0.358705746,1.07949,-5.05137,7.21035,0.2721852,39.11,FALSE
12/5/2024,273.194705,265.09546,281.29395,0.231238025,-0.192449765,80561.125,0,281964,0,-8.07E-06,273.55627,0,0.300845369,0.044705,-8.05454,8.14395,0.281964,39.1,FALSE
12/6/2024,273.4552,266.6411,280.2693,0.052392125,-0.281035915,80565.28,0,292286.62,0,-8.85E-06,273.53113,0,0.285877807,0.3052,-6.5089,7.1193,0.29228662,39.11,FALSE
12/7/2024,272.7312,265.44214,280.02026,0.369587085,-0.08850575,80553.625,0,289314.56,0.017367464,-4.46E-06,273.295175,0,0.380036684,-0.4188,-7.70786,6.87026,0.28931456,39.09,FALSE
12/8/2024,275.85596,270.04492,281.667,1.38180033,0.470452,80116.8425,0,300425.06,0.9664188,-2.97E-05,274.486935,0,1.459690801,2.70596,-3.10508,8.517,0.30042506,39.08,FALSE
12/9/2024,271.73889,264.7915,278.68628,1.782937,-1.6554723,80079.75,0,304480.5,0.016157181,-2.36E-05,273.00281,3.95E-08,2.432992577,-1.41111,-8.3585,5.53628,0.3044805,39.11,FALSE
12/10/2024,266.98669,260.2539,273.71948,1.27279375,-0.303962825,80697.31,0,309361.25,0.2585509,-9.57E-06,269.946655,0,1.308586004,-6.16331,-12.8961,0.56948,0.30936125,39.11,FALSE
12/11/2024,270.688965,264.1167,277.26123,-0.81345585,0.946482045,80627.72,0,304230.3,0.6969659,-1.09E-05,270.89099,0,1.248013895,-2.461035,-9.0333,4.11123,0.3042303,39.08,FALSE
12/12/2024,275.022095,271.03125,279.01294,-1.20438165,1.92877535,79605.5625,3.59E-05,141556,0.7524357,-2.67E-05,272.67236,3.58E-05,2.273919416,1.872095,-2.11875,5.86294,0.141556,39.05,FALSE
12/13/2024,271.30774,267.11865,275.49683,1.9845958,0.66748332,79234.47,3.68E-06,177056.25,0.882776915,-2.61E-05,271.22229,4.34E-06,2.09383726,-1.84226,-6.03135,2.34683,0.17705625,39.09,FALSE
12/14/2024,276.623655,275.28857,277.95874,-0.064563755,2.9011378,79705.78,0.0001242,204757.12,0.996675135,-4.52E-05,273.595465,1.27E-05,2.901856132,3.473655,2.13857,4.80874,0.20475712,39.07,FALSE
12/15/2024,274.31555,270.65234,277.97876,2.96365645,1.84995771,79691.3425,0,297972.38,0.511266412,-1.50E-05,273.946165,6.27E-08,3.493651826,1.16555,-2.49766,4.82876,0.29797238,39.1,FALSE
12/16/2024,274.134155,271.16748,277.10083,-0.082684425,1.60337682,80139.125,0.000226092,126058.5,0.72661034,-1.07E-05,273.33704,1.33E-06,1.605507378,0.984155,-1.98252,3.95083,0.1260585,39.08,FALSE
12/17/2024,276.780395,272.74365,280.81714,-0.0221586,0.895722,79998.25,0,282802.25,0.84413065,-1.55E-05,274.537475,3.98E-08,0.895996041,3.630395,-0.40635,7.66714,0.28280225,39.11,FALSE
12/18/2024,275.58655,271.3789,279.7942,0.515933215,0.518904325,80773.6575,0,294868.38,0.98614977,-2.29E-06,274.677855,0,0.731743658,2.43655,-1.7711,6.6442,0.29486838,39.11,FALSE
12/19/2024,277.003665,270.23438,283.77295,-0.133830335,0.15288065,80618.44,0,328808.06,0.381013105,-4.69E-06,275.05811,0,0.203182312,3.853665,-2.91562,10.62295,0.32880806,39.09,FALSE
12/20/2024,276.507445,269.23242,283.78247,-0.96996695,1.21818276,80550.22,0,302047.7,0.054944395,-5.44E-06,274.78797,0,1.557178577,3.357445,-3.91758,10.63247,0.3020477,39.09,FALSE
12/21/2024,279.009275,272.71045,285.3081,-0.902366025,1.28633178,80369.72,0,250660.62,0.924557685,-2.88E-05,275.43066,0,1.571277789,5.859275,-0.43955,12.1581,0.25066062,39.08,FALSE
12/22/2024,279.6986,276.2932,283.104,0.11932023,2.19343425,80055.9375,0,278644.3,0.98999113,-1.09E-05,276.259885,0,2.196677292,6.5486,3.1432,9.954,0.2786443,39.08,FALSE
12/23/2024,277.487795,274.41626,280.55933,0.32611099,1.47079763,80154.75,8.20E-07,245926.88,0.11788026,-1.15E-05,275.75866,0,1.506517191,4.337795,1.26626,7.40933,0.24592688,39.08,FALSE
12/24/2024,278.730955,274.28198,283.17993,-0.759154591,1.179878497,80112.03,0.000654473,168857.69,0.97271945,-3.00E-05,276.2688,0.000106858,1.403007113,5.580955,1.13198,10.02993,0.16885769,39.05,FALSE
12/25/2024,275.279295,272.45825,278.10034,2.9020662,-0.9265302,79434.6575,8.22E-06,258763.94,0.788652745,-1.71E-05,276.221565,7.81E-06,3.046382517,2.129295,-0.69175,4.95034,0.25876394,39.07,FALSE
12/26/2024,274.307865,274.30273,274.313,0.03874765,1.00383,79721.0625,0.000339482,133986.62,0.92026578,-2.61E-05,275.045775,0.000255948,1.004577548,1.157865,1.15273,1.163,0.13398662,39.06,FALSE
12/27/2024,276.084105,275.12817,277.04004,2.09254626,1.67790215,79294,0.001238852,164681.38,0.9988221,-1.23E-05,275.75525,0.001237763,2.682182968,2.934105,1.97817,3.89004,0.16468138,39.04,FALSE
12/28/2024,276.33887,273.77222,278.90552,3.31295765,1.274804935,79660.8425,0,107928.56,0.62665981,-9.84E-06,276.114875,0,3.549762811,3.18887,0.62222,5.75552,0.10792856,39.07,FALSE
12/29/2024,276.52185,271.34253,281.70117,1.0833871,2.65588385,79818.595,0.000265086,152378.81,0.58863637,-2.69E-05,275.8053,0,2.868352599,3.37185,-1.80747,8.55117,0.15237881,39.05,FALSE
12/30/2024,274.94617,271.87598,278.01636,3.50513365,-0.61409306,79714.875,2.23E-05,256294.5,0.8482458,-1.66E-05,275.401365,2.28E-05,3.558521068,1.79617,-1.27402,4.86636,0.2562945,39.08,FALSE
12/31/2024,270.42444,267.37915,273.46973,-0.0446362,-0.63371963,80053.7175,0,274429.2,0.187477084,-9.53E-06,273.184935,2.39E-07,0.635289666,-2.72556,-5.77085,0.31973,0.2744292,39.07,FALSE
1/1/2025,271.717165,270.60596,272.82837,-0.05628241,1.7525071,79986.25,0,214962.44,0.511772907,-3.17E-05,272.29578,0,1.753410632,-1.432835,-2.54404,-0.32163,0.21496244,39.07,FALSE
1/2/2025,277.7843,274.44238,281.12622,1.9283662,1.9361191,80111,0,258653.38,0.936371625,-9.98E-06,274.42468,0,2.732609261,4.6343,1.29238,7.97622,0.25865338,39.07,FALSE
1/3/2025,279.437745,276.44922,282.42627,-1.2306385,1.6636106,80068.75,0,269858.3,0.96344875,-4.76E-05,275.692385,0,2.069316637,6.287745,3.29922,9.27627,0.2698583,39.04,FALSE
1/4/2025,276.410155,272.40918,280.41113,1.4831487,1.22751322,79431.72,5.25E-06,305965.56,0.76825887,-2.42E-05,274.909665,5.43E-06,1.925232134,3.260155,-0.74082,7.26113,0.30596556,39.07,FALSE
1/5/2025,271.802,268.3213,275.2827,1.9065709,0.081380075,80158.8425,0,286020.38,0.5315091,-1.14E-05,272.886225,1.37E-07,1.908306923,-1.348,-4.8287,2.1327,0.28602038,39.08,FALSE
1/6/2025,274.632685,270.54907,278.7163,0.656552375,0.30711225,80261.5,0.000397728,111130.31,0.601977945,-1.15E-05,273.699465,0.00032092,0.724830294,1.482685,-2.60093,5.5663,0.11113031,39.06,FALSE
1/7/2025,272.38879,269.0227,275.75488,0.257528125,-2.87704465,80156.78,2.34E-06,289853,0.67470226,-8.76E-06,273.86768,2.25E-06,2.888547499,-0.76121,-4.1273,2.60488,0.289853,39.08,FALSE
1/8/2025,265.77295,261.5188,270.0271,-0.51241592,-1.928217235,80693.03,0,301411.38,0.539227595,-9.35E-06,271.505865,0,1.995142045,-7.37705,-11.6312,-3.1229,0.30141138,39.08,FALSE
1/9/2025,268.08374,264.61816,271.54932,1.79598285,-0.7270115,80511.4375,0,306452.06,0.195747672,-6.32E-06,271.26245,3.40E-08,1.93755003,-5.06626,-8.53184,-1.60068,0.30645206,39.08,FALSE
1/10/2025,266.862915,262.90503,270.8208,1.25505763,-0.78203907,80783.31,1.17E-05,267846.44,0.283213255,-1.78E-05,270.533685,0,1.478767988,-6.287085,-10.24497,-2.3292,0.26784644,39.06,FALSE
1/11/2025,273.15186,269.8235,276.48022,1.78297575,-0.1725297,80160.19,9.30E-06,283681.88,0.3631317,-1.74E-05,273.279905,9.09E-06,1.791303721,0.00186,-3.3265,3.33022,0.28368188,39.06,FALSE
1/12/2025,268.416505,264.65186,272.18115,1.37258625,-2.9174485,80097.78,4.68E-05,221943.19,0.710104825,-1.54E-05,271.71936,4.68E-05,3.224205137,-4.733495,-8.49814,-0.96885,0.22194319,39.05,FALSE
1/13/2025,266.050415,261.47485,270.62598,0.619738737,-2.09595485,80170.8425,1.83E-07,331351.2,0.895288135,-1.23E-05,269.99878,4.01E-07,2.185658444,-7.099585,-11.67515,-2.52402,0.3313512,39.07,FALSE
1/14/2025,265.239625,260.79688,269.68237,1.4445639,-1.20134191,80618.0925,0,343635.3,0.016183394,-7.81E-06,269.557495,0,1.878826029,-7.910375,-12.35312,-3.46763,0.3436353,39.07,FALSE
1/15/2025,267.52917,262.65894,272.3994,0.582316553,0.0322089,80764.125,0,376763.5,0.064758476,-8.75E-06,270.10828,0,0.583206636,-5.62083,-10.49106,-0.7506,0.3767635,39.06,FALSE
1/16/2025,269.011115,261.2129,276.80933,-0.90559535,0.804542365,80557.6575,0,416133.25,0.3043689,-1.04E-05,270.78918,0,1.211359301,-4.138885,-11.9371,3.65933,0.41613325,39.04,FALSE
1/17/2025,270.65551,262.0244,279.28662,1.171648675,0.46803905,79780.6875,0,428737.8,0,-3.65E-05,271.029665,0,1.261673955,-2.49449,-11.1256,6.13662,0.4287378,39.04,FALSE
1/18/2025,269.906865,263.313,276.50073,2.3190847,-1.80903575,79972.185,0,412875.7,0.0203311,-1.66E-05,270.660035,0,2.941218147,-3.243135,-9.837,3.35073,0.4128757,39.06,FALSE
1/19/2025,265.993285,260.58594,271.40063,0.81866397,-0.1504941,80201.9675,0,470340.7,0.492721695,-3.24E-05,269.245485,0,0.832381625,-7.156715,-12.56406,-1.74937,0.4703407,39.04,FALSE
1/20/2025,268.411385,261.8318,274.99097,1.15122845,-2.1719933,80059.25,0,504410.2,0.026562562,-1.11E-05,269.32129,0,2.458227377,-4.738615,-11.3182,1.84097,0.5044102,39.07,FALSE
1/21/2025,263.99487,258.12158,269.86816,0.9498479,-0.11582335,80851.8425,0,527225.2,0.355780335,-1.88E-05,267.777715,0,0.956883526,-9.15513,-15.02842,-3.28184,0.5272252,39.07,FALSE
1/22/2025,270.65759,264.51074,276.80444,1.8657465,-0.499671515,80790.5625,0,552005.44,0,-3.71E-05,269.38635,0,1.93149725,-2.49241,-8.63926,3.65444,0.55200544,39.07,FALSE
1/23/2025,269.643315,261.87183,277.4148,1.069211925,-0.96723273,81040.2175,0,560134.25,0,-3.30E-05,269.14502,0,1.441788228,-3.506685,-11.27817,4.2648,0.56013425,39.06,FALSE
1/24/2025,272.625365,266.30835,278.94238,0.71768705,1.8682575,80470.375,0,316976.44,0.30248815,-3.20E-05,270.726435,1.08E-07,2.001364731,-0.524635,-6.84165,5.79238,0.31697644,39.01,FALSE
1/25/2025,275.38696,270.6975,280.07642,0.076988015,-1.5801053,79271.25,0.000322118,187085.94,0.97699575,-2.09E-05,273.02978,0.000322238,1.581979745,2.23696,-2.4525,6.92642,0.18708594,39,FALSE
1/26/2025,268.26391,265.6433,270.88452,-2.2931476,-0.080779405,79297.0325,2.50E-05,521048.94,0.960748025,-2.69E-05,270.62634,2.49E-05,2.294569944,-4.88609,-7.5067,-2.26548,0.52104894,39.04,FALSE
1/27/2025,267.249755,263.14136,271.35815,-1.25100889,-0.70792281,79935.03,0,563796.94,0.144263325,-3.41E-05,269.897465,0,1.437420588,-5.900245,-10.00864,-1.79185,0.56379694,39.04,FALSE
1/28/2025,267.88916,262.2522,273.52612,0.798830605,-1.61758917,79886.44,0,586713.4,0,-3.74E-05,269.481935,0,1.804085657,-5.26084,-10.8978,0.37612,0.5867134,39.03,FALSE
1/29/2025,268.12012,261.5293,274.71094,1.00851995,-0.9229797,79708.22,0,622127,0.005923886,-3.48E-05,269.40589,0,1.367115217,-5.02988,-11.6207,1.56094,0.622127,39.03,FALSE
1/30/2025,270.526245,263.42285,277.62964,1.4759698,-0.2151441,79865.25,0,689048.06,0,-3.44E-05,270.285285,0,1.491567576,-2.623755,-9.72715,4.47964,0.68904806,39.04,FALSE
1/31/2025,273.724855,266.46753,280.98218,-0.30926225,0.68184945,80091.625,0,320298.38,0.46082765,-4.31E-05,271.26099,0,0.74870676,0.574855,-6.68247,7.83218,0.32029838,39.03,FALSE
2/1/2025,278.622075,275.4502,281.79395,0.395014349,2.61530685,79858.9675,0.000524644,123224.69,1,-1.34E-05,274.246585,0.000263201,2.644969991,5.472075,2.3002,8.64395,0.12322469,39.02,FALSE
2/2/2025,278.754635,277.3623,280.14697,0.2082382,2.8796892,79479.155,0,678898.44,0.97147345,-0.00010599,274.15026,0,2.88720852,5.604635,4.2123,6.99697,0.67889844,39.01,FALSE
2/3/2025,282.81799,278.53198,287.104,2.95243789,3.41582775,79367.4375,0,659316.75,0.294670619,-0.000127052,276.69898,0,4.514949469,9.66799,5.38198,13.954,0.65931675,39.01,FALSE
2/4/2025,283.71313,278.8518,288.57446,0.60299875,4.6498622,79066.375,0,719832.56,0.8330939,-0.000128913,277.55225,0,4.688797924,10.56313,5.7018,15.42446,0.71983256,39,FALSE
2/5/2025,282.318975,277.03345,287.6045,1.48140185,4.4309182,78825.375,0.00083577,825441.94,0.585297935,-9.68E-05,278.60754,2.70E-05,4.672000378,9.168975,3.88345,14.4545,0.82544194,39.02,FALSE
2/6/2025,275.625735,270.79224,280.45923,1.37016105,0.83878235,79390.78,4.95E-05,545181.2,0.23626083,-5.45E-05,275.46765,0,1.606517082,2.475735,-2.35776,7.30923,0.5451812,39.01,FALSE
2/7/2025,280.29517,278.58374,282.0066,0.941504215,4.24752045,78918.75,5.52E-05,465495.06,0.407415805,-5.53E-05,275.93017,5.29E-05,4.350616067,7.14517,5.43374,8.8566,0.46549506,39.03,FALSE
2/8/2025,272.76647,268.6223,276.91064,2.970647185,-0.312109,79739,3.66E-07,836516.3,0.506663842,-6.38E-05,273.293455,6.50E-07,2.986997945,-0.38353,-4.5277,3.76064,0.8365163,39.04,FALSE
2/9/2025,270.188235,265.50317,274.8733,1.75646241,-1.068600515,80149.375,0,909736.2,0.186800462,-5.60E-05,271.172125,0,2.055983283,-2.961765,-7.64683,1.7233,0.9097362,39.03,FALSE
2/10/2025,270.49414,264.05518,276.9331,0.234808115,-0.102926396,79822.19,0,912441.3,0,-5.70E-05,271.929815,0,0.256376079,-2.65586,-9.09482,3.7831,0.9124413,39.01,FALSE
2/11/2025,271.26037,265.78784,276.7329,1.3302784,-1.14398831,79262.875,7.83E-06,844880.8,0.20806965,-4.76E-05,272.696165,7.83E-06,1.754522691,-1.88963,-7.36216,3.5829,0.8448808,39,FALSE
2/12/2025,264.34009,259.36353,269.31665,2.409547825,-1.01279165,78924.345,0,957090.44,0.37194855,-5.51E-05,268.76501,0,2.613745903,-8.80991,-13.78647,-3.83335,0.95709044,39,FALSE
2/13/2025,273.41967,271.49414,275.3452,0.2004862,1.88679125,78900.375,0.000135799,619509,0.611071585,-3.95E-05,272.438,0.000132389,1.897412959,0.26967,-1.65586,2.1952,0.619509,38.98,FALSE
2/14/2025,275.511235,274.4026,276.61987,0.08138155,4.3459754,78658.7175,0.0001539,563201.44,0.94506977,-3.37E-05,273.53687,0.0001449,4.346737298,2.361235,1.2526,3.46987,0.56320144,39.01,FALSE
2/15/2025,273.207765,270.8711,275.54443,4.1233144,-1.3081441,79762.8425,1.18E-05,630013.25,0.5492607,-3.80E-05,274.484985,1.17E-05,4.325848197,0.057765,-2.2789,2.39443,0.63001325,39.04,FALSE
2/16/2025,273.22461,270.14697,276.30225,0.88078075,0.9945956,80169.0925,0,540297.06,1,-2.88E-05,274.66418,0,1.328531195,0.07461,-3.00303,3.15225,0.54029706,39.01,FALSE
2/17/2025,276.39686,272.01392,280.7798,1.59180975,1.32630635,79488.9675,0,481041.75,0.161894323,-5.92E-05,274.82397,1.82E-07,2.071942763,3.24686,-1.13608,7.6298,0.48104175,39.01,FALSE
2/18/2025,273.33215,268.24365,278.42065,2.62943315,-1.0992217,79606.845,0,803251.5,0.538461328,-5.35E-05,274.214355,0,2.849948602,0.18215,-4.90635,5.27065,0.8032515,39.03,FALSE
2/19/2025,275.19336,272.9541,277.43262,1.53429893,0.2374649,80074.4375,0.000101429,761898.44,0.86684242,-7.55E-05,275.545045,1.28E-07,1.552566516,2.04336,-0.1959,4.28262,0.76189844,39.01,FALSE
2/20/2025,278.17517,271.60278,284.74756,2.3861232,1.4416089,79725.78,0.000100405,793367.75,0.6846126,-6.00E-05,277.205445,9.99E-05,2.787798441,5.02517,-1.54722,11.59756,0.79336775,39.03,FALSE
2/21/2025,271.52624,265.94678,277.1057,0.927490565,-1.598625555,80237.75,0,898680.9,0.005297789,-5.73E-05,273.95044,0,1.848199776,-1.62376,-7.20322,3.9557,0.8986809,39.03,FALSE
2/22/2025,273.655765,268.2876,279.02393,0.5823128,0.42380665,80366.44,0,950371.3,0.4228296,-8.20E-05,274.850335,0,0.720208493,0.505765,-4.8624,5.87393,0.9503713,39.03,FALSE
2/23/2025,279.72046,274.81982,284.6211,0.695325535,0.63432315,80439.5,0,793163.06,0.429502815,-8.60E-05,276.782105,0,0.941192572,6.57046,1.66982,11.4711,0.79316306,39.02,FALSE
2/24/2025,280.41406,275.74487,285.08325,2.37653255,1.4640259,80403.5925,8.17E-07,706739.5,0.51674226,-0.000121606,277.272705,0,2.791286226,7.26406,2.59487,11.93325,0.7067395,39.01,FALSE
2/25/2025,281.22363,273.63306,288.8142,3.27821545,2.50044965,80032.9075,0,1140000,0.484119704,-0.000140188,278.25952,0,4.122977685,8.07363,0.48306,15.6642,1.14,39.01,FALSE
2/26/2025,275.73474,267.5625,283.90698,1.739325152,-1.7142644,80185,0,1150000,0,-0.000111069,277.0918,0,2.442120885,2.58474,-5.5875,10.75698,1.15,39.02,FALSE
2/27/2025,276.20788,268.17236,284.2434,-1.43974115,-0.91583205,80548.7825,0,1180000,0.1903167,-9.96E-05,277.229,0,1.706341971,3.05788,-4.97764,11.0934,1.18,39.02,FALSE
2/28/2025,279.57996,271.12305,288.03687,-0.44054613,0.23914152,80330.155,0,1190000,0,-0.000108072,278.536135,0,0.501267952,6.42996,-2.02695,14.88687,1.19,39,FALSE
3/1/2025,281.32898,273.56104,289.09692,-1.173765825,-0.4260316,79965.5625,0,1150000,0,-9.34E-05,279.5708,0,1.248690969,8.17898,0.41104,15.94692,1.15,38.98,FALSE
3/2/2025,283.34265,276.6333,290.052,-0.791914485,1.305990925,79217.5925,0.001234927,315763.3,0.437609836,-2.80E-05,280.924675,0.001176246,1.527331283,10.19265,3.4833,16.902,0.3157633,38.96,FALSE
3/3/2025,274.003785,271.85474,276.15283,3.13642645,-0.74214162,78805.5625,0.00096707,165457.94,0.9953665,-2.82E-05,277.390375,0.000966707,3.223033518,0.853785,-1.29526,3.00283,0.16545794,38.97,FALSE
3/4/2025,269.988775,265.7527,274.22485,2.4776721,-0.37305165,79681.625,1.14E-06,404379.8,0.85318215,-1.56E-06,275.233885,1.07E-06,2.505599044,-3.161225,-7.3973,1.07485,0.4043798,39,FALSE
3/5/2025,271.10547,266.88306,275.32788,0.418036525,0.629606855,79865.2825,0.000222581,202589.44,0.621702785,-1.11E-05,275.95704,0.00022212,0.755750837,-2.04453,-6.26694,2.17788,0.20258944,38.96,FALSE
3/6/2025,273.96045,272.3501,275.5708,0.5502715,0.941833978,78506.875,0.000597674,229987.94,1,-2.91E-05,276.886355,0.00059202,1.090802441,0.81045,-0.7999,2.4208,0.22998794,38.95,FALSE
3/7/2025,269.02075,265.8723,272.1692,2.48074865,-2.51828865,78846.8425,6.37E-05,255757.5,0.724428775,-3.71E-05,274.78064,6.39E-05,3.534952841,-4.12925,-7.2777,-0.9808,0.2557575,39.01,FALSE
3/8/2025,265.5514,259.3545,271.7483,1.52066515,-1.22808055,80077.8125,1.14E-06,347046.94,0.58567932,-1.40E-05,273.84021,1.24E-06,1.954636625,-7.5986,-13.7955,-1.4017,0.34704694,39.02,FALSE
3/9/2025,265.343505,257.48047,273.20654,-0.89179022,1.42466205,80439.185,0,434485.56,0.24646619,-1.05E-05,273.414915,1.39E-07,1.680759279,-7.806495,-15.66953,0.05654,0.43448556,39,FALSE
3/10/2025,271.318235,265.21167,277.4248,-0.8488152,2.2649383,79904.5,0,513434.12,0.32400128,-1.43E-05,272.976685,0,2.418766782,-1.831765,-7.93833,4.2748,0.51343412,38.97,FALSE
3/11/2025,272.067865,266.2954,277.84033,-0.214255455,1.9874211,79319.97,0,777619,0.9720657,-6.20E-05,273.80615,0,1.998936725,-1.082135,-6.8546,4.69033,0.777619,38.96,FALSE
3/12/2025,274.22901,268.59082,279.8672,-0.427254544,2.89034365,78972.3125,7.60E-06,690384.25,0.195817677,-8.36E-05,275.466795,0,2.921751677,1.07901,-4.55918,6.7172,0.69038425,38.96,FALSE
3/13/2025,278.178825,274.8181,281.53955,-0.004239775,4.825419,78583.31,0.0001586,210809.19,0.56849009,-3.78E-05,276.035765,0.0001587,4.825420863,5.028825,1.6681,8.38955,0.21080919,38.94,FALSE
3/14/2025,265.760255,259.99756,271.52295,1.306054275,0.97116688,78552.25,0.000277647,272376.38,0.771594585,-1.54E-05,273.597905,0.000277779,1.627557335,-7.389745,-13.15244,-1.62705,0.27237638,38.95,FALSE
3/15/2025,267.95984,263.13623,272.78345,1.5321727,2.19731285,78760.0325,2.28E-05,317931.7,0.81706567,-1.25E-05,273.1261,2.26E-05,2.678756604,-5.19016,-10.01377,-0.36655,0.3179317,38.98,FALSE
3/16/2025,270.05456,266.66382,273.4453,0.42160221,2.46123215,79564.9675,0,365638.94,0.6039871,-3.44E-05,273.00073,0,2.497080719,-3.09544,-6.48618,0.2953,0.36563894,38.98,FALSE
3/17/2025,275.3866,271.43677,279.33643,0.11100315,4.2371162,79386.815,0.000894558,214897.44,0.15736951,-9.00E-06,273.062015,0.00071759,4.23856997,2.2366,-1.71323,6.18643,0.21489744,38.96,FALSE
3/18/2025,272.69886,270.0464,275.35132,2.74796625,-2.133265,79205.875,0.000116982,384945.44,0.65013325,-3.39E-05,273.20215,0.000114866,3.478812739,-0.45114,-3.1036,2.20132,0.38494544,39,FALSE
3/19/2025,265.082645,258.37842,271.78687,1.1999993,0.24650095,80413.375,0,341086.7,0.18217167,-3.02E-05,272.859375,0,1.225055525,-8.067355,-14.77158,-1.36313,0.3410867,39,FALSE
3/20/2025,273.4729,272.86694,274.07886,0.03989315,1.7078185,80099.69,5.91E-07,473256,0.613804265,-2.99E-05,272.80383,6.28E-07,1.708284371,0.3229,-0.28306,0.92886,0.473256,38.98,FALSE
3/21/2025,272.694215,269.29663,276.0918,0.8678873,1.05394302,79953.2175,4.46E-05,340232.3,0.5911103,-2.38E-05,272.86316,4.19E-05,1.365292736,-0.455785,-3.85337,2.9418,0.3402323,38.97,FALSE
3/22/2025,275.9115,274.36304,277.45996,1.6264434,0.294295545,79705.655,2.34E-06,798947,0.9760745,-7.89E-05,274.250375,3.86E-07,1.652854501,2.7615,1.21304,4.30996,0.798947,38.98,FALSE
3/23/2025,275.21167,270.49414,279.9292,1.49429335,-0.1994407,80005.125,0,1240000,0.88297835,-0.000137048,275.616325,0,1.507544098,2.06167,-2.65586,6.7792,1.24,38.99,FALSE
3/24/2025,277.51294,269.76685,285.25903,1.396228525,-0.0583873,80440.4075,0,1370000,0.04901886,-0.000186108,277.73413,0,1.397448808,4.36294,-3.38315,12.10903,1.37,38.99,FALSE
3/25/2025,282.13233,275.37476,288.8899,-0.632364435,-0.2128005,80479.22,0,1440000,0,-0.000233766,280.03711,0,0.667209736,8.98233,2.22476,15.7399,1.44,38.98,FALSE
3/26/2025,283.35486,274.89014,291.81958,-1.04786373,2.35681345,80053.125,4.09E-05,1320000,0.16493588,-0.000253721,281.432375,0,2.579261141,10.20486,1.74014,18.66958,1.32,38.96,FALSE
3/27/2025,286.357665,279.78955,292.92578,0.57558563,3.04064465,79600.5,9.47E-06,1290000,0.82774338,-0.000254625,282.21521,0,3.094643551,13.207665,6.63955,19.77578,1.29,38.95,FALSE
3/28/2025,282.509525,274.12915,290.8899,2.63983,0.97613905,79172.25,6.57E-07,1170000,0.62050207,-0.000169932,280.55689,0,2.814524804,9.359525,0.97915,17.7399,1.17,38.96,FALSE
3/29/2025,279.142945,274.10645,284.17944,2.81712055,-0.245763155,79246.0625,0.000332526,1010000,0.81863965,-0.000142603,279.793825,0.000332844,2.827820313,5.992945,0.95645,11.02944,1.01,38.96,FALSE
3/30/2025,276.97021,274.1831,279.75732,1.28170344,-0.35625792,79229.905,9.32E-05,1350000,0.890285315,-0.000172759,278.70862,1.09E-05,1.330294484,3.82021,1.0331,6.60732,1.35,38.95,FALSE
3/31/2025,280.26685,274.75684,285.77686,3.2000123,2.29073715,79090.815,0.000486768,963943.06,0.67450419,-0.000108815,279.351075,2.07E-05,3.935423155,7.11685,1.60684,12.62686,0.96394306,38.94,FALSE
4/1/2025,273.25732,269.9934,276.52124,4.54222255,0.07672194,78821.53,0.000147098,865708.9,0.80215018,-7.39E-05,278.435915,0.000144073,4.542870453,0.10732,-3.1566,3.37124,0.8657089,38.94,FALSE
4/2/2025,272.03149,268.85938,275.2036,2.4574585,-0.081723623,78702.06,0.0001328,890529.1,0.88170632,-6.43E-05,276.65734,0.0001266,2.458816998,-1.11851,-4.29062,2.0536,0.8905291,38.95,FALSE
4/3/2025,268.67871,263.69165,273.66577,1.5310645,-1.31930767,79014.4075,0.000100389,925043.06,0.505523425,-8.72E-05,276.277345,8.89E-05,2.021071803,-4.47129,-9.45835,0.51577,0.92504306,38.97,FALSE
4/4/2025,271.88525,267.1577,276.6128,1.45195245,-1.825253737,79645.565,1.20E-06,915080.56,0.323100775,-0.00010412,276.43005,1.20E-06,2.332320116,-1.26475,-5.9923,3.4628,0.91508056,38.99,FALSE
4/5/2025,273.46387,267.99048,278.93726,0.3944041,-2.372348465,80416.28,0,1390000,0.45784065,-0.000141586,276.295895,0,2.404909943,0.31387,-5.15952,5.78726,1.39,38.99,FALSE
4/6/2025,275.930295,268.76904,283.09155,0.56101048,-0.43561555,80554.3425,0,1530000,0.337464837,-0.000192367,278.247315,0,0.710277176,2.780295,-4.38096,9.94155,1.53,38.97,FALSE
4/7/2025,281.5376,274.81348,288.26172,1.0314297,0.60471245,80140.47,7.30E-07,1180000,0.69222275,-0.00021238,281.057495,0,1.195627188,8.3876,1.66348,15.11172,1.18,38.96,FALSE
4/8/2025,284.65112,277.89624,291.406,3.0483231,0.810217465,79819.75,0,1580000,0.93897178,-0.000203673,281.96765,0,3.15416012,11.50112,4.74624,18.256,1.58,38.97,FALSE
4/9/2025,282.013795,273.52393,290.50366,2.51434653,0.13724325,80147.595,0,1630000,0.08793071,-0.000194144,282.44788,0,2.518089391,8.863795,0.37393,17.35366,1.63,38.98,FALSE
4/10/2025,284.9381,275.7329,294.1433,1.28097237,0.24254275,80512.875,0,1630000,0.48168915,-0.000179377,284.750855,0,1.303732027,11.7881,2.5829,20.9933,1.63,38.97,FALSE
4/11/2025,287.363035,277.58545,297.14062,2.29325155,0.7592881,80370.185,0,1130000,0.593419165,-9.70E-05,287.27515,0,2.415682324,14.213035,4.43545,23.99062,1.13,38.95,FALSE
4/12/2025,289.0282,282.4497,295.6067,3.00463105,-0.639403165,79784.97,2.72E-07,1540000,0.82327055,-5.36E-05,288.94214,0,3.071912133,15.8782,9.2997,22.4567,1.54,38.95,FALSE
4/13/2025,283.89258,275.8628,291.92236,2.09063259,-2.39393995,79800.3125,3.64E-05,1720000,0.5458366,-4.06E-05,288.227905,0,3.178316081,10.74258,2.7128,18.77236,1.72,38.96,FALSE
4/14/2025,281.05139,274.0144,288.08838,-0.71091398,-2.0896862,80130.5625,0,1740000,0,-4.34E-05,285.170165,0,2.207303129,7.90139,0.8644,14.93838,1.74,38.96,FALSE
4/15/2025,285.0752,276.9563,293.1941,-1.5194046,0.993854125,80023.875,2.91E-05,1260000,0.474335285,-4.03E-05,288.4314,0,1.815581549,11.9252,3.8063,20.0441,1.26,38.95,FALSE
4/16/2025,286.144535,279.31787,292.9712,0.971674091,1.5585208,79688.9075,7.96E-07,1130000,0.812735855,-6.06E-05,289.369505,0,1.836610362,12.994535,6.16787,19.8212,1.13,38.93,FALSE
4/17/2025,286.082155,281.13306,291.03125,3.2987952,-0.73344605,79164.4675,1.58E-07,1540000,0.7482582,-4.77E-05,287.466795,0,3.379347996,12.932155,7.98306,17.88125,1.54,38.93,FALSE
4/18/2025,277.889645,272.66113,283.11816,3.32324455,-4.63964555,79276.9075,6.23E-06,1240000,0.49550472,-3.45E-05,283.380615,6.20E-06,5.707036461,4.739645,-0.48887,9.96816,1.24,38.96,FALSE
4/19/2025,274.5697,268.96118,280.17822,-0.0251932,-2.73380727,79895.0325,0,1720000,0.5,-6.01E-05,280.095825,0,2.733923351,1.4197,-4.18882,7.02822,1.72,38.96,FALSE
4/20/2025,281.11316,273.75,288.47632,2.16982175,-1.08526465,79936.905,1.93E-06,1690000,0.075490008,-3.81E-05,285.15479,0,2.4260927,7.96316,0.6,15.32632,1.69,38.95,FALSE
4/21/2025,284.1831,276.7749,291.5913,3.6427898,0.245206722,79808.6875,0,1750000,0.107915113,-2.44E-05,287.457035,0,3.65103326,11.0331,3.6249,18.4413,1.75,38.95,FALSE
4/22/2025,284.14721,276.8225,291.47192,2.52281848,-0.03189805,79732.9375,1.75E-05,1140000,0.011413187,-2.91E-05,287.8042,0,2.523020128,10.99721,3.6725,18.32192,1.14,38.94,FALSE
4/23/2025,285.343385,278.29492,292.39185,3.32846535,0.7835781,79418.47,0,1110000,0.50693749,-1.46E-05,288.80591,0,3.419455545,12.193385,5.14492,19.24185,1.11,38.93,FALSE
4/24/2025,285.089475,277.56372,292.61523,2.80945405,-0.26404258,79376.5,0,1360000,0.406576495,-1.91E-05,288.65979,0,2.821834606,11.939475,4.41372,19.46523,1.36,38.94,FALSE
4/25/2025,287.54358,282.84106,292.2461,-0.65712468,1.64662365,79250,2.72E-07,1470000,0.98499768,-2.23E-05,292.089235,0,1.772902222,14.39358,9.69106,19.0961,1.47,38.92,FALSE
4/26/2025,281.88989,274.81274,288.96704,0.584322,2.62775025,78945.125,5.81E-05,967122.44,0.924937625,-3.05E-05,287.2865,0,2.691933056,8.73989,1.66274,15.81704,0.96712244,38.92,FALSE
4/27/2025,279.72534,274.47046,284.98022,0.05586162,4.12078675,78880.3425,0.00036158,1040000,0.80693817,-4.70E-05,284.070425,2.22E-05,4.121165364,6.57534,1.32046,11.83022,1.04,38.93,FALSE
4/28/2025,277.29235,276.114,278.4707,3.3821292,-1.474258,79444.5,0.000495734,1100000,0.9728023,-8.98E-05,284.05676,0.00041228,3.689476193,4.14235,2.964,5.3207,1.1,38.96,FALSE
4/29/2025,277.886715,272.6433,283.13013,0.886512075,-2.14328468,80126.4375,2.06E-06,1050000,0.41383907,-0.000141672,281.93298,0,2.319390627,4.736715,-0.5067,9.98013,1.05,38.95,FALSE
4/30/2025,283.458495,278.88672,288.03027,1.38922335,-1.58978858,79908.155,0.000146928,1520000,0.81211355,-0.000193652,284.74231,0,2.111248267,10.308495,5.73672,14.88027,1.52,38.94,FALSE
5/1/2025,281.150145,274.71875,287.58154,1.2042828,-2.37751005,79869.095,0,1800000,0.142443588,-0.000215144,284.37488,0,2.665117465,8.000145,1.56875,14.43154,1.8,38.94,FALSE
5/2/2025,285.17444,278.69873,291.65015,-0.032101307,-0.968976,79871.405,1.91E-06,1760000,0,-0.000173202,286.87097,0,0.969507598,12.02444,5.54873,18.50015,1.76,38.94,FALSE
5/3/2025,287.884885,280.63623,295.13354,-0.067654665,1.07630087,79677.0925,0.000658222,979454.8,0.118215584,-9.02E-05,289.88526,0,1.078425109,14.734885,7.48623,21.98354,0.9794548,38.92,FALSE
5/4/2025,282.89636,279.28564,286.50708,1.1027083,0.9604914,79261.56,0.001482233,866733.8,0.82609115,-0.000112574,288.65246,0,1.462364293,9.74636,6.13564,13.35708,0.8667338,38.92,FALSE
5/5/2025,279.99841,277.2749,282.72192,0.888907725,-3.1983056,79255.595,0,1710000,0.55560005,-0.000225036,285.658935,0,3.319535458,6.84841,4.1249,9.57192,1.71,38.93,FALSE
5/6/2025,280.17566,274.41602,285.9353,1.85061595,-3.94790505,79484.935,1.40E-05,1190000,0.208693865,-0.000148547,283.73462,0,4.360130007,7.02566,1.26602,12.7853,1.19,38.94,FALSE
5/7/2025,280.82435,275.7898,285.8589,-0.27257965,-1.31745365,79880.185,5.48E-07,1750000,0.44539842,-0.000185653,282.885385,0,1.345356379,7.67435,2.6398,12.7089,1.75,38.94,FALSE
5/8/2025,287.19544,280.55908,293.8318,1.30467175,0.0504197,80111.3425,0,1830000,0.067780495,-0.000112725,288.758785,0,1.305645634,14.04544,7.40908,20.6818,1.83,38.95,FALSE
5/9/2025,290.31128,283.96338,296.65918,0.597850185,-0.48863175,80438.315,0,1660000,0.227119735,-6.25E-05,292.067985,0,0.772130708,17.16128,10.81338,23.50918,1.66,38.95,FALSE
5/10/2025,293.00635,285.7898,300.2229,-0.16217822,2.02116395,80340.185,0.000140974,1340000,0.23467794,-3.64E-05,295.47156,0,2.027660102,19.85635,12.6398,27.0729,1.34,38.93,FALSE
5/11/2025,294.01575,288.42676,299.60474,1.85649395,3.29140487,79857.9375,0,1740000,0.3657606,-1.94E-05,295.22839,0,3.778877585,20.86575,15.27676,26.45474,1.74,38.91,FALSE
5/12/2025,292.230965,285.55933,298.9026,2.786119305,4.954793,79160.5,6.47E-06,1300000,0.75703005,-1.05E-05,293.873905,0,5.684402735,19.080965,12.40933,25.7526,1.3,38.9,FALSE
5/13/2025,283.775875,276.76685,290.7849,4.06511355,-2.63229945,78922.185,0.0001061,1510000,0.927273955,-5.28E-05,291.317625,5.86E-05,4.842948334,10.625875,3.61685,17.6349,1.51,38.915,TRUE
5/14/2025,277.949705,273.56787,282.33154,2.6769323,-1.507513575,79508.72,2.28E-05,1380000,0.47859672,-0.000105312,286.800785,3.56E-06,3.072224555,4.799705,0.41787,9.18154,1.38,38.93,FALSE
5/15/2025,279.52026,274.24487,284.79565,2.8256617,-0.9366179,79775.815,0,1750000,0.47566238,-9.72E-05,284.43945,0,2.976846844,6.37026,1.09487,11.64565,1.75,38.93,FALSE
5/16/2025,286.00366,281.26147,290.74585,3.62007425,-1.51130342,79672.375,8.05E-06,1400000,0.88203132,-4.64E-05,289.29004,0,3.922878484,12.85366,8.11147,17.59585,1.4,38.92,FALSE
5/17/2025,285.75574,280.37842,291.13306,1.650277781,0.8774862,79479.655,0.000129493,1010000,0.83841145,-0.000105576,288.85022,0,1.869063612,12.60574,7.22842,17.98306,1.01,38.89,FALSE
5/18/2025,279.992315,277.23633,282.7483,3.07393455,-2.4451256,79266.5,1.54E-05,1570000,0.94436545,-0.000158444,284.541625,0,3.927812727,6.842315,4.08633,9.5983,1.57,38.92,FALSE
5/19/2025,280.76416,276.24316,285.28516,3.0841154,-2.7326418,79753.8425,0,1680000,0.53293268,-0.000134178,284.44275,0,4.120570228,7.61416,3.09316,12.13516,1.68,38.93,FALSE
5/20/2025,284.625,278.125,291.125,1.77660085,-0.83681625,79987.5925,0,1940000,0.014734763,-8.51E-05,286.666875,0,1.963815678,11.475,4.975,17.975,1.94,38.93,FALSE
5/21/2025,287.65051,280.06445,295.23657,3.34242462,-1.22435625,80024.625,0,1660000,0,-3.76E-05,289.698125,0,3.559613823,14.50051,6.91445,22.08657,1.66,38.92,FALSE
5/22/2025,290.0271,281.88574,298.16846,1.83709305,-0.2002773,79819.3125,0,1970000,0.1078493,-1.80E-05,294.02331,0,1.847977779,16.8771,8.73574,25.01846,1.97,38.91,FALSE
5/23/2025,290.87879,282.98218,298.7754,3.6679076,0.040177419,79689.22,0,1760000,0,-1.55E-05,293.703,0,3.668127641,17.72879,9.83218,25.6254,1.76,38.91,FALSE
5/24/2025,290.65784,284.46558,296.8501,1.932221775,-2.97351695,79645.0325,2.18E-06,1370000,0.940706275,-1.93E-05,296.09668,0,3.546164694,17.50784,11.31558,23.7001,1.37,38.92,FALSE
5/25/2025,289.47535,284.344,294.6067,-0.688172285,-0.2696015,79865.125,0,1930000,0.487847625,-3.74E-05,294.38745,0,0.739098141,16.32535,11.194,21.4567,1.93,38.92,FALSE
5/26/2025,291.819825,284.21582,299.42383,1.049963465,0.01883775,79781.53,5.45E-07,1450000,0.621288435,-2.02E-05,298.189215,0,1.050132439,18.669825,11.06582,26.27383,1.45,38.92,FALSE
5/27/2025,290.6991,282.97437,298.42383,0.49598885,0.80323606,79874.97,0,1780000,0.571335025,-7.06E-05,297.26697,0,0.944030247,17.5491,9.82437,25.27383,1.78,38.92,FALSE
5/28/2025,292.67468,285.979,299.37036,0.87274025,2.7322278,80024.155,0,1690000,0.19887105,-3.80E-05,296.324585,0,2.868230168,19.52468,12.829,26.22036,1.69,38.92,FALSE
5/29/2025,294.63452,287.79028,301.47876,0.644774645,1.7452693,79920.1575,0,1780000,0.378331542,-1.97E-05,299.102535,0,1.860564235,21.48452,14.64028,28.32876,1.78,38.92,FALSE
5/30/2025,295.605345,288.62402,302.58667,0.92062627,-1.68641185,80301.5,0,1940000,0.36938869,-1.93E-05,300.090325,0,1.921337466,22.455345,15.47402,29.43667,1.94,38.93,FALSE
5/31/2025,298.21277,292.73828,303.68726,0.95262875,-1.45473025,80418.5325,0,1550000,0.035422295,-2.27E-05,301.11206,0,1.738890921,25.06277,19.58828,30.53726,1.55,38.91,FALSE
6/1/2025,297.231085,289.8462,304.61597,1.82522395,-0.72886555,80005.185,9.72E-06,1090000,0.374861601,-1.99E-05,302.17565,0,1.965372091,24.081085,16.6962,31.46597,1.09,38.9,FALSE
6/2/2025,295.029175,287.37622,302.68213,1.99982025,-1.89480785,79685.4675,0,1960000,0.59092286,-1.98E-05,301.29724,0,2.754918841,21.879175,14.22622,29.53213,1.96,38.91,FALSE
6/3/2025,291.52808,283.8606,299.19556,2.36410253,-2.86268415,79908.0325,0,1980000,0,-2.45E-05,297.665285,0,3.712673069,18.37808,10.7106,26.04556,1.98,38.91,FALSE
6/4/2025,289.38379,280.74756,298.02002,2.30229805,-2.43016528,79827.125,0,1990000,0,-1.84E-05,296.851685,0,3.347578169,16.23379,7.59756,24.87002,1.99,38.9,FALSE
6/5/2025,290.591185,284.17065,297.01172,1.436669965,-0.9480097,79727.875,0,1470000,0.070008425,-3.24E-05,296.861205,0,1.721262031,17.441185,11.02065,23.86172,1.47,38.91,FALSE
6/6/2025,292.535525,286.5918,298.47925,1.97618773,-0.99797853,79830.97,0,1870000,0.52794269,-2.47E-05,297.01391,0,2.21388326,19.385525,13.4418,25.32925,1.87,38.91,FALSE
6/7/2025,294.45618,289.10303,299.80933,1.05511066,0.2270004,80036.5325,0,1730000,0.135938735,-2.25E-05,300.18372,0,1.0792533,21.30618,15.95303,26.65933,1.73,38.92,FALSE
6/8/2025,296.77344,290.54175,303.00513,0.8291005,-1.13754564,80112.905,0,1810000,0.478840992,-4.55E-05,301.33191,0,1.407628403,23.62344,17.39175,29.85513,1.81,38.91,FALSE
6/9/2025,295.96631,289.06934,302.86328,1.07340897,-0.79710425,80125.405,1.58E-07,1580000,0.428727745,-3.03E-05,301.177365,0,1.337004862,22.81631,15.91934,29.71328,1.58,38.91,FALSE
6/10/2025,296.94824,290.41748,303.479,0.841488215,0.0133177,80150.2175,0,1840000,0.59995315,-2.36E-05,302.482785,0,0.841593594,23.79824,17.26748,30.329,1.84,38.9,FALSE
6/11/2025,297.119995,290.03833,304.20166,2.8771815,0.104569875,79938.5925,0,2010000,0.397981705,-2.91E-05,303.07373,0,2.879081146,23.969995,16.88833,31.05166,2.01,38.9,FALSE
6/12/2025,295.879395,287.86377,303.89502,3.792572,-0.6631498,79732.75,0,2040000,0.003305223,-1.87E-05,301.350955,0,3.85011299,22.729395,14.71377,30.74502,2.04,38.89,FALSE
6/13/2025,294.49415,286.3606,302.6277,3.37419805,0.081313487,79646.5325,0,2050000,0,-1.70E-05,300.51636,0,3.375177679,21.34415,13.2106,29.4777,2.05,38.9,FALSE
6/14/2025,294.527835,286.81885,302.23682,2.94433595,0.662399115,79745.0625,0,2010000,0.250418125,-2.18E-05,300.119505,0,3.017927563,21.377835,13.66885,29.08682,2.01,38.91,FALSE
6/15/2025,296.382685,288.56567,304.1997,2.08648045,0.484839435,79978,0,1850000,0.38822805,-1.67E-05,301.256715,0,2.142071415,23.232685,15.41567,31.0497,1.85,38.91,FALSE
6/16/2025,295.90491,287.43506,304.37476,3.60788725,-0.28408018,80043.5,0,1850000,0.330363245,-1.46E-05,301.324335,0,3.619054014,22.75491,14.28506,31.22476,1.85,38.9,FALSE
6/17/2025,294.47937,287.45264,301.5061,3.74204735,-1.41625782,79932.3425,0,2010000,0.288588675,-1.79E-05,300.028815,0,4.001087925,21.32937,14.30264,28.3561,2.01,38.9,FALSE
6/18/2025,295.513665,289.0371,301.99023,1.725141285,-0.620250025,80060.625,0,2020000,0,-1.89E-05,301.665285,0,1.833254632,22.363665,15.8871,28.84023,2.02,38.9,FALSE
6/19/2025,298.95215,291.57935,306.32495,1.945767563,0.34991379,79812.5625,0,1680000,0.07507208,-1.56E-05,303.71729,0,1.97698029,25.80215,18.42935,33.17495,1.68,38.88,FALSE
6/20/2025,297.65332,288.19482,307.11182,3.35651725,2.89383387,79333.1875,0,2040000,0.24527332,-1.59E-05,302.150025,0,4.4317584,24.50332,15.04482,33.96182,2.04,38.87,FALSE
6/21/2025,291.871335,281.19897,302.5437,3.70008854,1.3360563,79112.595,4.17E-05,1430000,0,-1.50E-05,298.893915,0,3.933916832,18.721335,8.04897,29.3937,1.43,38.89,FALSE
6/22/2025,280.16211,274.32324,286.00098,3.57430125,-1.365120185,79612.9075,0,1980000,0.463598875,-4.49E-05,290.59375,0,3.82611847,7.01211,1.17324,12.85098,1.98,38.9,FALSE
6/23/2025,286.69226,281.18262,292.2019,-0.1580448,-1.8669712,79972.25,0,958732.5,0.41948315,-1.89E-05,294.295775,0,1.873648745,13.54226,8.03262,19.0519,0.9587325,38.9,FALSE
6/24/2025,289.77209,284.4641,295.08008,-0.574536316,1.6431271,79930.9675,2.33E-05,1720000,0.92991103,-2.94E-05,295.76452,0,1.740677639,16.62209,11.3141,21.93008,1.72,38.9,FALSE
6/25/2025,290.931155,285.22437,296.63794,0.430570685,-0.27292268,80137.0625,0,2030000,0.326285623,-3.07E-05,298.211665,0,0.509782212,17.781155,12.07437,23.48794,2.03,38.9,FALSE
6/26/2025,293.500735,286.20044,300.80103,1.4814887,0.464587075,80052.47,0,1780000,0.601707695,-1.68E-05,300.975585,0,1.55262678,20.350735,13.05044,27.65103,1.78,38.89,FALSE
6/27/2025,296.04333,288.2744,303.81226,2.14669975,1.09287455,79866.3425,0,1940000,0.48661945,-1.73E-05,300.86633,0,2.408878286,22.89333,15.1244,30.66226,1.94,38.89,FALSE
6/28/2025,296.87573,288.76,304.99146,2.27122925,0.307289775,80025.72,0,1810000,0.30314295,-1.79E-05,302.46009,0,2.291922623,23.72573,15.61,31.84146,1.81,38.9,FALSE
6/29/2025,297.964725,290.8147,305.11475,1.93980615,-1.274597625,80155.0625,0,1820000,0.380291619,-2.00E-05,303.651735,0,2.321087462,24.814725,17.6647,31.96475,1.82,38.89,FALSE
6/30/2025,297.80151,289.83276,305.77026,-0.24310381,1.7341919,80095.47,0,1870000,0.35004975,-1.70E-05,304.448485,0,1.751148483,24.65151,16.68276,32.62026,1.87,38.89,FALSE
7/1/2025,297.9917,289.96387,306.01953,-0.53131444,2.83911225,79979.06,0,1760000,0.006364063,-1.59E-05,303.009885,0,2.8883998,24.8417,16.81387,32.86953,1.76,38.88,FALSE
7/2/2025,296.62866,289.0852,304.17212,0.00015305,4.4392275,79898.155,1.95E-06,1400000,0.684500725,-1.46E-05,302.473265,0,4.439227503,23.47866,15.9352,31.02212,1.4,38.89,FALSE
7/3/2025,293.358515,287.14893,299.5681,0.167440565,1.96382,79936.905,1.11E-06,1490000,0.414347166,-2.64E-05,299.49475,0,1.97094529,20.208515,13.99893,26.4181,1.49,38.88,FALSE
7/4/2025,293.69397,286.33887,301.04907,0.4326472,1.13461125,79855.72,5.45E-06,1860000,0.4588734,-0.00011062,301.504885,0,1.21430074,20.54397,13.18887,27.89907,1.86,38.88,FALSE
7/5/2025,293.445805,285.33936,301.55225,3.2622385,0.0327436,80107.2175,0,2030000,0.09148398,-4.16E-05,298.49854,0,3.262402822,20.295805,12.18936,28.40225,2.03,38.9,FALSE
7/6/2025,294.86084,287.70923,302.01245,0.619152415,-1.8116627,80259.4675,0,1900000,0,-2.08E-05,301.68567,0,1.9145421,21.71084,14.55923,28.86245,1.9,38.89,FALSE
7/7/2025,296.93701,288.9707,304.90332,0.53194006,1.2126104,80077.845,0,2070000,0.350002615,-1.83E-05,303.07324,0,1.324154149,23.78701,15.8207,31.75332,2.07,38.89,FALSE
7/8/2025,298.40821,290.42212,306.3943,-0.268115813,3.0956459,80235.94,0,2040000,0,-1.78E-05,302.91162,0,3.107235045,25.25821,17.27212,33.2443,2.04,38.89,FALSE
7/9/2025,297.71655,288.55786,306.87524,2.30230235,2.8984155,80307.47,0,2020000,0.042141825,-1.61E-05,302.68653,0,3.701541371,24.56655,15.40786,33.72524,2.02,38.89,FALSE
7/10/2025,296.470585,288.46997,304.4712,4.5360913,-0.24766505,80275.5325,0,2030000,0,-1.98E-05,301.76575,0,4.542847374,23.320585,15.31997,31.3212,2.03,38.89,FALSE
7/11/2025,296.830205,290.23438,303.42603,0.79110893,-1.646156,80260,0,1990000,0,-2.86E-05,302.89368,0,1.826385205,23.680205,17.08438,30.27603,1.99,38.88,FALSE
7/12/2025,298.172485,291.16504,305.17993,1.528714885,-1.9532385,80244.6875,0,1840000,0.161482141,-1.89E-05,304.445805,0,2.480344701,25.022485,18.01504,32.02993,1.84,38.88,FALSE
7/13/2025,300.37316,294.1494,306.59692,0.8922625,-1.468982305,80342.2825,0,1820000,0.268923034,-2.34E-05,304.75451,0,1.718732493,27.22316,20.9994,33.44692,1.82,38.89,FALSE
7/14/2025,301.318605,295.36206,307.27515,1.428776855,-0.62660075,80379.935,3.10E-06,1610000,0.5493336,-2.07E-05,305.507205,0,1.560138392,28.168605,22.21206,34.12515,1.61,38.87,FALSE
7/15/2025,301.887815,295.91455,307.86108,2.7008214,-0.15469274,79970.19,0,1350000,0.72265885,-1.56E-05,306.13513,0,2.705247877,28.737815,22.76455,34.71108,1.35,38.87,FALSE
7/16/2025,298.37622,291.30664,305.4458,2.47894285,0.6623254,79852.47,0,1690000,0.42039713,-1.91E-05,303.802005,0,2.565898008,25.22622,18.15664,32.2958,1.69,38.87,FALSE
7/17/2025,299.18128,292.365,305.99756,1.7285242,0.315005075,79836.875,0,1530000,0.64381075,-1.59E-05,304.84241,0,1.756992916,26.03128,19.215,32.84756,1.53,38.87,FALSE
7/18/2025,297.54053,290.41846,304.6626,1.76259895,0.73851473,79986.375,0,1770000,0.167039169,-1.59E-05,304.2395,0,1.911062287,24.39053,17.26846,31.5126,1.77,38.88,FALSE
7/19/2025,296.32874,289.7068,302.95068,1.9831068,0.28845075,80140.125,0,1930000,0.244015083,-1.59E-05,303.474735,0,2.003975153,23.17874,16.5568,29.80068,1.93,38.88,FALSE
7/20/2025,296.940305,290.06665,303.81396,2.54321155,0.05675775,80138.28,3.16E-07,1270000,0.399348615,-1.50E-05,303.2284,0,2.543844813,23.790305,16.91665,30.66396,1.27,38.87,FALSE
7/21/2025,299,292.17407,305.82593,1.58288795,1.88334845,79812.22,0,1460000,0.446084045,-1.36E-05,304.070565,0,2.460190165,25.85,19.02407,32.67593,1.46,38.86,FALSE
7/22/2025,296.266235,289.1438,303.38867,2.68294854,0.29620165,79710.625,0,1870000,0.358634025,-1.50E-05,301.624635,0,2.699249578,23.116235,15.9938,30.23867,1.87,38.87,FALSE
7/23/2025,295.755125,288.29785,303.2124,1.916318,1.381563035,79846.25,0,1940000,0.304931225,-1.62E-05,302.277345,0,2.362412135,22.605125,15.14785,30.0624,1.94,38.87,FALSE
7/24/2025,297.016355,290.40454,303.62817,-0.241162998,2.75292925,80089.44,0,2030000,0.207971753,-1.59E-05,303.358275,0,2.763472281,23.866355,17.25454,30.47817,2.03,38.88,FALSE
7/25/2025,294.986575,286.7544,303.21875,-0.488098227,2.9521227,80103.2825,0,2020000,0.002111118,-1.55E-05,301.94227,0,2.992201249,21.836575,13.6044,30.06875,2.02,38.86,FALSE
7/26/2025,294.041505,285.72095,302.36206,0.097830824,2.85979862,79855.3425,0,1590000,0.13647869,-1.28E-05,301.359985,0,2.861471478,20.891505,12.57095,29.21206,1.59,38.86,FALSE
7/27/2025,295.05615,287.8418,302.2705,0.825122713,2.389909075,79903,0,1930000,0.415334086,-1.57E-05,300.775885,0,2.528337967,21.90615,14.6918,29.1205,1.93,38.87,FALSE
7/28/2025,296.185915,288.1709,304.20093,0.228470608,3.371153,80122.5325,0,1710000,0.149217793,-1.68E-05,301.826295,0,3.378886114,23.035915,15.0209,31.05093,1.71,38.87,FALSE
7/29/2025,297.120485,290.00757,304.2334,0.43731976,1.971056205,80253.28,0,1630000,0.424085582,-1.44E-05,302.305785,0,2.018987651,23.970485,16.85757,31.0834,1.63,38.87,FALSE
7/30/2025,296.21497,288.43774,303.9922,1.2941182,0.1302171,80196.185,0,1650000,0.18591696,-1.41E-05,302.1842,0,1.30065307,23.06497,15.28774,30.8422,1.65,38.86,FALSE
7/31/2025,294.037475,285.42432,302.65063,1.17006705,2.8937496,80066.97,0,1500000,0.4743724,-1.21E-05,301.804935,0,3.121352856,20.887475,12.27432,29.50063,1.5,38.87,FALSE
8/1/2025,294.971315,288.46143,301.4812,1.99279618,-0.09300925,80321.5,0,1590000,0.1756554,-1.58E-05,300.938355,0,1.994965497,21.821315,15.31143,28.3312,1.59,38.87,FALSE
8/2/2025,296.78882,288.9397,304.63794,1.6321249,1.869489717,80376.25,0,1650000,0.486969138,-1.48E-05,302.065675,0,2.481697703,23.63882,15.7897,31.48794,1.65,38.87,FALSE
8/3/2025,296.37622,289.69287,303.05957,2.19809188,-0.20923112,80395.9075,0,1830000,0.14735681,-2.30E-05,302.529295,0,2.20802753,23.22622,16.54287,29.90957,1.83,38.86,FALSE
8/4/2025,296.52698,287.89258,305.16138,3.9779043,-0.186740757,79952.75,0,1910000,0.04677478,-1.55E-05,301.92627,0,3.982285114,23.37698,14.74258,32.01138,1.91,38.85,FALSE
8/5/2025,294.56458,287.1797,301.94946,2.50172396,-0.42063485,80020.22,0,1900000,0,-1.99E-05,300.924685,0,2.536839855,21.41458,14.0297,28.79946,1.9,38.86,FALSE
8/6/2025,297.15552,289.34814,304.9629,1.29918998,0.854984955,80172.625,0,1860000,0,-1.66E-05,302.77624,0,1.555279357,24.00552,16.19814,31.8129,1.86,38.87,FALSE
8/7/2025,296.05542,287.354,304.75684,2.6626672,1.2253232,80277.5325,0,1850000,0.214447317,-1.43E-05,302.48254,0,2.931077202,22.90542,14.204,31.60684,1.85,38.86,FALSE
8/8/2025,297.30212,290.43896,304.16528,3.48278185,-0.122222663,80164.72,0,1830000,0.380028904,-1.42E-05,302.557985,0,3.484925795,24.15212,17.28896,31.01528,1.83,38.86,FALSE
8/9/2025,295.968875,288.9607,302.97705,1.8773787,-1.631332175,80217.4375,0,1800000,0,-1.57E-05,302.22046,0,2.487125941,22.818875,15.8107,29.82705,1.8,38.86,FALSE
8/10/2025,295.751955,288.31665,303.18726,1.67739193,-1.90323986,80313.6575,0,1830000,0.94283566,-1.54E-05,301.79163,0,2.536920506,22.601955,15.16665,30.03726,1.83,38.87,FALSE
8/11/2025,297.33862,291.0017,303.67554,1.3007396,-2.45609095,80476.375,0,1820000,0,-1.69E-05,302.148685,0,2.779263619,24.18862,17.8517,30.52554,1.82,38.86,FALSE
8/12/2025,298.4541,291.90527,305.00293,0.732760585,-1.41579155,80331.8125,0,1630000,0,-1.72E-05,303.106075,0,1.594178092,25.3041,18.75527,31.85293,1.63,38.85,FALSE
8/13/2025,299.73938,292.66382,306.81494,1.55229615,-0.63800915,80124.06,0,1520000,0.465299375,-1.49E-05,305.69593,0,1.678296462,26.58938,19.51382,33.66494,1.52,38.85,FALSE
8/14/2025,298.60022,290.68994,306.5105,2.18396618,0.0955272,80034.125,0,1190000,0.4826919,-2.41E-05,304.92235,0,2.186054373,25.45022,17.53994,33.3605,1.19,38.84,FALSE
8/15/2025,295.958985,288.33667,303.5813,1.215786096,0.1151104,79877.875,2.21E-06,1280000,0.70707825,-1.91E-05,302.59057,0,1.221223254,22.808985,15.18667,30.4313,1.28,38.85,FALSE
8/16/2025,296.73596,289.98486,303.48706,1.229713475,2.2513561,79969.875,0,1420000,0.4288145,-1.37E-05,301.83362,0,2.565306906,23.58596,16.83486,30.33706,1.42,38.85,FALSE
8/17/2025,296.22876,288.94922,303.5083,0.53766537,2.4692606,79982.375,0,1520000,0.400915765,-1.29E-05,301.75585,0,2.527119301,23.07876,15.79922,30.3583,1.52,38.85,FALSE
8/18/2025,295.41894,286.9204,303.91748,0.46288667,3.1342497,79995.1875,0,1780000,0.4207396,-1.43E-05,301.32336,0,3.1682464,22.26894,13.7704,30.76748,1.78,38.85,FALSE
8/19/2025,296.81531,288.50708,305.12354,0.441373,3.1596932,80230.4375,0,1550000,0,-1.28E-05,301.70447,0,3.190371647,23.66531,15.35708,31.97354,1.55,38.86,FALSE
8/20/2025,298.26221,290.27808,306.24634,0.758836252,3.2862011,80295.0925,0,1600000,0.166424552,-1.41E-05,301.922115,0,3.372676997,25.11221,17.12808,33.09634,1.6,38.85,FALSE
8/21/2025,298.1687,289.96606,306.37134,2.010415685,-1.1336205,80328.5625,0,1450000,0.473926155,-1.47E-05,302.85706,0,2.308000577,25.0187,16.81606,33.22134,1.45,38.85,FALSE
8/22/2025,299.953735,293.23584,306.67163,1.70403965,0.478325135,80219.1575,0,1310000,0.59263956,-1.52E-05,304.736575,0,1.769900015,26.803735,20.08584,33.52163,1.31,38.85,FALSE
8/23/2025,300.218505,293.36597,307.07104,0.839123535,0.74652457,80267.185,0,1410000,0.650124015,-2.07E-05,305.70813,0,1.12313278,27.068505,20.21597,33.92104,1.41,38.85,FALSE
8/24/2025,297.57605,291.5459,303.6062,0.294881135,1.5922575,80398.4675,0.001069285,1090000,0.54962786,-8.63E-05,305.54053,0,1.619332835,24.42605,18.3959,30.4562,1.09,38.84,FALSE
8/25/2025,291.355835,286.37207,296.3396,1.09887786,1.81071135,80282.53,0.000114717,1130000,0.782723245,-9.57E-05,301.69435,0,2.118067077,18.205835,13.22207,23.1896,1.13,38.83,FALSE
8/26/2025,292.97644,287.5896,298.36328,1.15972535,0.119515,80154.5,0.000313776,706945.5,0.968306535,-0.000127887,300.875,0,1.165867369,19.82644,14.4396,25.21328,0.7069455,38.84,FALSE
8/27/2025,288.339835,285.9619,290.71777,1.97558215,0.7352292,80197.595,7.52E-05,1400000,0.23193094,-0.000266034,294.56872,0,2.107957971,15.189835,12.8119,17.56777,1.4,38.85,FALSE
8/28/2025,288.50085,284.51147,292.49023,1.064604075,-1.29579372,80528.375,1.28E-06,1480000,0.099892212,-0.000248486,293.56835,0,1.677040012,15.35085,11.36147,19.34023,1.48,38.85,FALSE
8/29/2025,291.478395,285.82544,297.13135,-0.11932922,0.55413323,80444.905,0.000146124,1230000,0.068547495,-0.000186861,294.551885,0,0.566836043,18.328395,12.67544,23.98135,1.23,38.84,FALSE
8/30/2025,292.315795,286.65356,297.97803,0.52735343,-1.43262695,80481.5,0,1540000,0.463321715,-0.000184957,294.958735,0,1.526604604,19.165795,13.50356,24.82803,1.54,38.84,FALSE
8/31/2025,292.88574,285.5581,300.21338,-1.67305945,0.08435838,80444.345,0,1330000,0.296581415,-0.000117661,295.98084,0,1.675184843,19.73574,12.4081,27.06338,1.33,38.84,FALSE
9/1/2025,294.224975,287.03833,301.41162,-0.599471865,1.8139563,80394.75,0,1380000,0.33179021,-7.78E-05,297.52404,0,1.910446015,21.074975,13.88833,28.26162,1.38,38.84,FALSE
9/2/2025,297.35034,290.46948,304.2312,0.27976612,1.33082055,80392.375,1.36E-07,855117,0.595975625,-3.79E-05,299.25574,0,1.359908974,24.20034,17.31948,31.0812,0.855117,38.84,FALSE
9/3/2025,296.341315,289.7483,302.93433,-0.69909385,1.3970561,80429.095,3.14E-06,712530.06,0.99901075,-3.58E-05,300.36877,0,1.562209319,23.191315,16.5983,29.78433,0.71253006,38.84,FALSE
9/4/2025,291.99841,285.96484,298.03198,1.9692769,-0.09681175,80365.75,1.90E-06,1240000,0.761034585,-2.55E-05,297.46118,0,1.971655148,18.84841,12.81484,24.88198,1.24,38.82,FALSE
9/5/2025,293.66284,287.53955,299.78613,1.49416035,-0.23282335,79933.565,4.08E-05,1070000,0.260160627,-2.22E-05,299.18029,0,1.51219108,20.51284,14.38955,26.63613,1.07,38.83,FALSE
9/6/2025,293.892945,286.97437,300.81152,0.368464285,-0.1132426,79982.0925,0,1390000,0.64063355,-4.97E-05,300.38575,0,0.385473496,20.742945,13.82437,27.66152,1.39,38.83,FALSE
9/7/2025,294.42957,288.1941,300.66504,1.35723017,2.4309216,80211.0325,0,1410000,0.306646495,-1.96E-05,298.55895,0,2.784143236,21.27957,15.0441,27.51504,1.41,38.84,FALSE
9/8/2025,293.443235,285.70825,301.17822,1.7967873,1.82854275,80241.375,0,1430000,0.30656505,-1.59E-05,298.049685,0,2.563593804,20.293235,12.55825,28.02822,1.43,38.83,FALSE
9/9/2025,294.044925,286.94092,301.14893,2.3436589,0.58327932,79866.095,0,997090.94,0.486290472,-8.92E-06,298.752685,0,2.415150472,20.894925,13.79092,27.99893,0.99709094,38.81,FALSE
9/10/2025,290.91089,283.86206,297.95972,0.824799275,0.12248045,79427.125,1.79E-05,1210000,0.744678825,-8.71E-05,297.384765,0,0.833843693,17.76089,10.71206,24.80972,1.21,38.82,FALSE
9/11/2025,285.903685,280.60254,291.20483,1.4116659,-0.688198335,79700.1875,3.69E-05,1150000,0.338341058,-0.0001229,293.701175,0,1.570483225,12.753685,7.45254,18.05483,1.15,38.83,FALSE
9/12/2025,286.592895,281.45947,291.72632,0.99127525,0.307297185,79903.7825,4.97E-05,1250000,0.46838877,-0.000119504,292.91406,0,1.037814136,13.442895,8.30947,18.57632,1.25,38.83,FALSE
9/13/2025,287.34094,280.84155,293.84033,1.52694175,0.20653915,79942.655,0,981021.94,0.240136857,-5.92E-05,292.43653,0,1.540847017,14.19094,7.69155,20.69033,0.98102194,38.83,FALSE
9/14/2025,288.47095,280.7754,296.1665,1.9891157,0.6667604,79887.25,0,1340000,0.329827605,-2.66E-05,293.82129,0,2.097891966,15.32095,7.6254,23.0165,1.34,38.82,FALSE
9/15/2025,291.10084,282.6819,299.51978,2.70537968,0.7297872,79915.8425,0,1310000,0.353524239,-1.19E-05,295.43885,0,2.802082899,17.95084,9.5319,26.36978,1.31,38.83,FALSE
9/16/2025,291.310675,283.29175,299.3296,1.84555445,-1.590626665,80192.375,0,1330000,0.00436719,-2.26E-05,296.036,0,2.436424515,18.160675,10.14175,26.1796,1.33,38.84,FALSE
9/17/2025,291.879635,284.7517,299.00757,0.500127705,-1.20745431,80385.0625,0,1310000,0,-3.76E-05,295.93591,0,1.30693291,18.729635,11.6017,25.85757,1.31,38.83,FALSE
9/18/2025,292.30603,284.89014,299.72192,-0.067245095,-0.6774597,80164.125,0,454063.8,0.4927852,-1.13E-05,296.13867,0,0.680788916,19.15603,11.74014,26.57192,0.4540638,38.82,FALSE
9/19/2025,293.83753,288.51196,299.1631,-1.21445885,2.260598125,79884.315,7.22E-05,498863,0.9909353,-2.80E-05,297.393555,0,2.566167216,20.68753,15.36196,26.0131,0.498863,38.82,FALSE
9/20/2025,288.481205,284.93555,292.02686,0.136900455,2.36624815,80055.405,1.58E-06,937004.7,0.470556085,-4.79E-05,292.41736,0,2.370205063,15.331205,11.78555,18.87686,0.9370047,38.82,FALSE
9/21/2025,290.343625,283.3645,297.32275,1.710154075,1.27165885,80059.03,0.001225235,722066.56,0.496214625,-8.26E-05,294.57238,0,2.131136596,17.193625,10.2145,24.17275,0.72206656,38.82,FALSE
9/22/2025,287.707035,280.60303,294.81104,2.29426525,0.473149323,79973.53,0,1210000,0.43943125,-7.28E-05,293.62525,0,2.342546332,14.557035,7.45303,21.66104,1.21,38.83,FALSE
9/23/2025,288.822145,281.80225,295.84204,0.137015593,-1.859269104,80213.44,0,1210000,0,-5.25E-05,292.43457,0,1.86431083,15.672145,8.65225,22.69204,1.21,38.8,TRUE
9/24/2025,287.35803,278.4082,296.30786,-1.8939214,0.40567981,80461.905,0,1190000,0,-2.82E-05,292.578,0,1.936882644,14.20803,5.2582,23.15786,1.19,38.77,FALSE
9/25/2025,291.23084,283.12988,299.3318,-1.60909163,2.09917785,80314.905,0.000171484,512750.62,0.170846285,-4.14E-05,294.7395,0,2.644943009,18.08084,9.97988,26.1818,0.51275062,38.76,FALSE
9/26/2025,288.281375,283.2046,293.35815,-0.939468715,1.9119167,80001.6875,5.66E-06,1060000,0.609146445,-4.52E-05,294.40564,0,2.130264522,15.131375,10.0546,20.20815,1.06,38.76,FALSE
9/27/2025,289.52258,282.95654,296.08862,-0.907700235,-1.3370843,79962.22,0.000382253,741856.4,0.130845785,-4.82E-05,293.47229,0,1.616079869,16.37258,9.80654,22.93862,0.7418564,38.76,FALSE
9/28/2025,290.87171,285.5569,296.18652,-0.252711785,1.68653965,79818.25,0.000182749,847060.7,0.599473175,-6.32E-05,295.26452,0,1.705367772,17.72171,12.4069,23.03652,0.8470607,38.76,FALSE
9/29/2025,289.65955,283.67725,295.64185,0.1701403,0.783763361,79980.2175,6.00E-05,838860.75,0.321427765,-7.15E-05,293.89734,0,0.802017909,16.50955,10.52725,22.49185,0.83886075,38.76,FALSE
9/30/2025,288.6416,283.07446,294.20874,0.283116277,3.4579188,79722,0.000525652,764062.8,0.959922,-0.00019092,293.20276,0,3.46948948,15.4916,9.92446,21.05874,0.7640628,38.74,FALSE
10/1/2025,285.7644,280.177,291.3518,2.18592775,0.52611305,79884.565,1.00E-05,485478.75,0.267728895,-0.000132678,288.659175,0,2.24834941,12.6144,7.027,18.2018,0.48547875,38.76,FALSE
10/2/2025,288.502685,281.87207,295.1333,0.39570442,2.37993,80003.8125,1.44E-05,866012.2,0.39507025,-0.000151407,288.91504,0,2.412602079,15.352685,8.72207,21.9833,0.8660122,38.75,FALSE
10/3/2025,288.08508,281.49536,294.6748,-0.387763243,0.89829825,79721.6575,0.000985351,402938.7,0.602868945,-9.51E-05,290.098635,0,0.978417129,14.93508,8.34536,21.5248,0.4029387,38.74,FALSE
10/4/2025,280.04663,279.25024,280.84302,2.1464729,-2.587801,79616.5325,0.000757477,521508.25,0.877694115,-0.000166571,284.90296,9.92E-06,3.362151086,6.89663,6.10024,7.69302,0.52150825,38.74,FALSE
10/5/2025,279.348755,274.30737,284.39014,1.73015824,-1.348947685,79710.595,0,856944.25,0.610900585,-0.000162246,282.67846,0,2.19387953,6.198755,1.15737,11.24014,0.85694425,38.75,FALSE
10/6/2025,281.01233,275.09473,286.92993,-0.226381194,-0.76479489,79859.1575,0,957870.94,0.24314693,-0.000150602,283.49512,0,0.797596182,7.86233,1.94473,13.77993,0.95787094,38.76,FALSE
10/7/2025,280.832025,274.0725,287.59155,-1.46577928,-0.168566215,80149.8125,0,950677.3,0,-0.00014125,283.286985,0,1.475440092,7.682025,0.9225,14.44155,0.9506773,38.76,FALSE
10/8/2025,282.85681,275.87524,289.83838,-0.94353538,1.78113465,79986.565,0,926697.56,0,-0.000180665,284.03504,0,2.015613965,9.70681,2.72524,16.68838,0.92669756,38.75,FALSE
10/9/2025,286.987915,280.10547,293.87036,-1.2459662,3.48661375,79752.095,0,853097.06,0,-0.000167402,284.876465,0,3.702554147,13.837915,6.95547,20.72036,0.85309706,38.75,FALSE
10/10/2025,289.965215,284.03833,295.8921,-1.7908058,4.7196255,79866.25,1.05E-06,816526.9,0.010847165,-0.000107428,287.551275,0,5.047955059,16.815215,10.88833,22.7421,0.8165269,38.74,FALSE
10/11/2025,290.6272,285.4082,295.8462,0.607960725,3.2946594,79405.7825,0.00020935,736729.5,0.516614585,-9.98E-05,289.669555,0,3.350283093,17.4772,12.2582,22.6962,0.7367295,38.73,FALSE
10/12/2025,277.92712,272.93066,282.92358,2.9127898,-1.248620615,79530.125,0,867105.3,0.0578548,-9.47E-05,282.052,0,3.169132036,4.77712,-0.21934,9.77358,0.8671053,38.74,FALSE
10/13/2025,281.4508,276.7102,286.1914,0.10260138,2.89332585,79036.81,1.63E-06,355732.12,0.444223435,-7.31E-05,283.01221,0,2.895144473,8.3008,3.5602,13.0414,0.35573212,38.72,FALSE
10/14/2025,282.20594,277.6631,286.74878,-0.9139148,1.2450907,78878.2175,0.000469149,364296,0.587355795,-5.54E-05,282.603515,0,1.544503517,9.05594,4.5131,13.59878,0.364296,38.74,FALSE
10/15/2025,278.052485,273.77417,282.3308,-2.60227965,1.59661865,79314.155,1.01E-05,400658.56,0.93231658,-8.15E-05,282.837765,1.22E-07,3.053039549,4.902485,0.62417,9.1808,0.40065856,38.75,FALSE
10/16/2025,277.639285,276.2876,278.99097,2.5266366,0.026669223,79698.905,3.14E-05,671590.7,0.84414475,-9.81E-05,281.93457,0,2.526777346,4.489285,3.1376,5.84097,0.6715907,38.76,FALSE
10/17/2025,277.82788,271.73462,283.92114,0.90338902,-1.09173793,80011.3425,0,732103.06,0.056433077,-0.000103091,280.38745,0,1.417040377,4.67788,-1.41538,10.77114,0.73210306,38.76,FALSE
10/18/2025,280.146605,272.78784,287.50537,1.27542208,-0.1285806,80088.8425,0,725031.1,0,-9.68E-05,281.422,0,1.281887067,6.996605,-0.36216,14.35537,0.7250311,38.76,FALSE
10/19/2025,284.8778,277.6582,292.0974,-0.0232695,1.92825415,80169.81,0,711006.75,0,-0.000123018,283.70923,0,1.928394549,11.7278,4.5082,18.9474,0.71100675,38.75,FALSE
10/20/2025,283.5382,275.8015,291.2749,2.705217375,-0.806069825,80152.9075,0,729989.2,0.0100568,-8.35E-05,283.35742,0,2.822755676,10.3882,2.6515,18.1249,0.7299892,38.77,FALSE
10/21/2025,278.991215,271.50903,286.4734,-1.1455995,0.1388278,80577.595,0,701299.44,0,-7.27E-05,281.890625,0,1.153980664,5.841215,-1.64097,13.3234,0.70129944,38.76,FALSE
10/22/2025,283.6538,274.4519,292.8557,-0.551645975,0.086343,80221.97,0,476473.5,0.4416639,-5.10E-05,283.76611,0,0.558362244,10.5038,1.3019,19.7057,0.4764735,38.75,FALSE
10/23/2025,282.76709,277.36816,288.16602,0.85894186,-1.12674112,80053.8125,0,673468.6,0.8353899,-4.89E-05,283.050905,0,1.416801564,9.61709,4.21816,15.01602,0.6734686,38.76,FALSE
10/24/2025,281.62671,274.25415,288.99927,1.139460275,-1.15448425,80247.935,0,657646,0,-4.19E-05,283.09094,0,1.622098518,8.47671,1.10415,15.84927,0.657646,38.75,FALSE
10/25/2025,286.7196,280.9497,292.4895,0.7022314,1.842777525,79878.065,0,374231.38,0.8817813,-2.59E-05,285.603885,0,1.972044103,13.5696,7.7997,19.3395,0.37423138,38.73,FALSE
10/26/2025,284.969605,279.63477,290.30444,1.69376135,1.13118745,79646.4075,0.000448949,236944.5,0.91249118,-2.76E-05,284.46081,0,2.036765219,11.819605,6.48477,17.15444,0.2369445,38.73,FALSE
10/27/2025,282.11121,276.47192,287.7505,3.0311236,0.949045753,79725.0625,1.28E-06,613909.2,0.36500851,-1.64E-05,283.141115,0,3.176223877,8.96121,3.32192,14.6005,0.6139092,38.77,FALSE
10/28/2025,276.88025,270.00513,283.75537,0.35785935,-1.38756915,80516.4375,0,599758.75,0.007534167,-2.18E-05,280.8739,0,1.432972945,3.73025,-3.14487,10.60537,0.59975875,38.77,FALSE
10/29/2025,280.20532,272.13647,288.27417,-1.4820543,1.35374025,80771.875,0,578860.6,0,-3.16E-05,282.7572,0,2.007261222,7.05532,-1.01353,15.12417,0.5788606,38.76,FALSE
10/30/2025,284.00574,276.02808,291.9834,-0.20179382,-1.411127411,80530.75,0,475865.5,0.060782345,-2.84E-05,283.94226,0,1.425482836,10.85574,2.87808,18.8334,0.4758655,38.75,FALSE
10/31/2025,283.40405,274.61694,292.19116,1.02942445,-0.209445,80163.0625,0,559165.75,0.49801365,-2.73E-05,284.536865,0,1.050515067,10.25405,1.46694,19.04116,0.55916575,38.75,FALSE
11/1/2025,282.61206,273.90576,291.31836,0.602514709,0.08258345,80325.875,0,554737.7,0.50611976,-1.52E-05,284.03039,0,0.608148008,9.46206,0.75576,18.16836,0.5547377,38.75,FALSE
11/2/2025,285.328,275.8379,294.8181,1.29912925,1.067819187,80403.315,0,538661.44,0,-1.54E-05,285.12415,0,1.681658296,12.178,2.6879,21.6681,0.53866144,38.75,FALSE
11/3/2025,284.40161,274.72314,294.08008,-0.067752,0.2941594,80223.0625,0,522089.94,0.056570977,-1.29E-05,285.32605,0,0.301861038,11.25161,1.57314,20.93008,0.52208994,38.74,FALSE
11/4/2025,285.70556,278.31152,293.0996,1.54096165,1.8133111,80006.875,0,422507.88,0,-8.08E-06,285.066525,0,2.379634416,12.55556,5.16152,19.9496,0.42250788,38.74,FALSE
11/5/2025,287.46106,283.25952,291.6626,-0.500571385,3.3383789,79997.655,0,204716.94,0.739262635,-2.98E-06,285.67565,0,3.375699245,14.31106,10.10952,18.5126,0.20471694,38.73,FALSE
11/6/2025,282.60913,275.4104,289.80786,2.16877897,0.06158575,80061.7175,9.10E-07,487900.75,0.41580223,-1.78E-06,284.13721,0,2.169653204,9.45913,2.2604,16.65786,0.48790075,38.75,FALSE
11/7/2025,280.84448,275.6643,286.02466,1.93377355,0.4934527,80186.4075,0,456508.3,0.182582237,-1.62E-06,283.443485,0,1.995739389,7.69448,2.5143,12.87466,0.4565083,38.74,FALSE
11/8/2025,280.39209,274.10425,286.67993,1.406982285,-0.67251323,80201.345,0,459551.25,0.27816224,-1.03E-05,281.428825,0,1.559446439,7.24209,0.95425,13.52993,0.45955125,38.76,FALSE
11/9/2025,280.85547,273.719,287.99194,-0.71989254,-0.2914314,80631.72,0,451427.94,0.40587317,-2.84E-05,282.54223,0,0.776645048,7.70547,0.569,14.84194,0.45142794,38.77,FALSE
11/10/2025,281.27063,272.8313,289.70996,-0.83394136,0.69417,80907.345,0,385956.94,0.4384497,-3.07E-05,282.958,0,1.085048469,8.12063,-0.3187,16.55996,0.38595694,38.75,FALSE
11/11/2025,283.16687,275.69214,290.6416,0.98002558,0.59661705,80633.0925,0,396047.88,0.990736275,-3.02E-05,283.32421,0,1.147345651,10.01687,2.54214,17.4916,0.39604788,38.74,FALSE
11/12/2025,283.652095,276.66064,290.64355,0.24984721,1.32615965,80177.47,0,371041.7,0.98155573,-3.23E-05,284.08581,0,1.349489921,10.502095,3.51064,17.49355,0.3710417,38.73,FALSE
11/13/2025,283.27735,278.2356,288.3191,-0.98737525,2.35994295,79920.3425,0,398007.62,0.007757026,-1.10E-05,282.44311,0,2.558171341,10.12735,5.0856,15.1691,0.39800762,38.72,FALSE
11/14/2025,287.40992,283.93384,290.886,-0.496530273,5.06718735,79605.4075,1.24E-05,240577.38,0.56739193,-4.02E-06,285.30726,0,5.091456565,14.25992,10.78384,17.736,0.24057738,38.73,FALSE
11/15/2025,282.970095,277.66846,288.27173,-0.064544135,2.3776883,79962.9375,4.10E-05,121566.875,0.971092285,-3.98E-06,283.980595,0,2.378564188,9.820095,4.51846,15.12173,0.121566875,38.72,FALSE
11/16/2025,282.42407,279.1831,285.66504,-2.2704697,2.9052444,79326.155,0.000126703,259385.06,0.85282555,-1.43E-05,283.663825,0,3.687204589,9.27407,6.0331,12.51504,0.25938506,38.71,FALSE
11/17/2025,278.34143,276.2229,280.45996,1.256912055,2.35399485,79105.31,1.58E-07,227844.56,0.82265215,-1.99E-05,281.86902,0,2.668542611,5.19143,3.0729,7.30996,0.22784456,38.72,FALSE
11/18/2025,277.236085,273.78003,280.69214,-2.0004149,2.33961855,79318.3125,1.07E-06,248904.38,0.735163595,-2.18E-05,280.20313,0,3.078225907,4.086085,0.63003,7.54214,0.24890438,38.73,FALSE
11/19/2025,277.783205,273.88086,281.68555,-0.55249911,1.1235862,79542.9675,7.00E-06,260340.06,0.418508025,-2.24E-05,279.50598,0,1.252078758,4.633205,0.73086,8.53555,0.26034006,38.73,FALSE
11/20/2025,276.90051,272.12988,281.67114,-0.15065498,2.03246545,79460.22,2.94E-07,186494.81,0.43815406,-1.73E-05,278.85205,0,2.038041395,3.75051,-1.02012,8.52114,0.18649481,38.72,FALSE
11/21/2025,276.23169,273.34644,279.11694,-1.320498685,1.04286105,79586.5625,0,263985.75,0.66054496,-2.14E-05,277.72937,0,1.682639577,3.08169,0.19644,5.96694,0.26398575,38.75,FALSE
11/22/2025,276.99524,272.02612,281.96436,-0.95575962,0.084663315,80181.5325,0,355320.3,0.16186995,-1.48E-05,277.55407,0,0.959502125,3.84524,-1.12388,8.81436,0.3553203,38.74,FALSE
11/23/2025,277.04615,271.9126,282.1797,-0.59184875,0.654255875,80047.75,0,350741.44,0,-4.11E-06,277.929565,0,0.882233355,3.89615,-1.2374,9.0297,0.35074144,38.73,FALSE
11/24/2025,276.711915,269.39673,284.0271,1.63992885,-0.0121312,80085.375,0,345418,0.04825142,-4.27E-07,278.276,0,1.639973719,3.561915,-3.75327,10.8771,0.345418,38.74,FALSE
11/25/2025,276.056275,268.81323,283.29932,1.9270667,-0.43865725,80330.75,0,340920.75,0.445998872,-7.16E-07,277.55933,0,1.976361872,2.906275,-4.33677,10.14932,0.34092075,38.74,FALSE
11/26/2025,276.219235,269.61572,282.82275,0.84765515,0.30321885,80497.095,0,327474.25,0.92238822,-1.37E-06,277.69568,0,0.900256033,3.069235,-3.53428,9.67275,0.32747425,38.75,FALSE
11/27/2025,278.41162,270.45312,286.37012,0.62590477,0.57125725,80567.375,0,299030.7,0.044582676,-1.27E-06,278.763915,0,0.847402872,5.26162,-2.69688,13.22012,0.2990307,38.73,FALSE
11/28/2025,279.63171,272.9436,286.31982,1.359558715,1.85548305,80063.595,0,336765.62,0.29326382,-1.09E-06,278.64636,0,2.300264604,6.48171,-0.2064,13.16982,0.33676562,38.72,FALSE
11/29/2025,276.859495,269.82275,283.89624,1.444465632,-1.210764385,79996.22,0,307558.62,0.6438824,-7.08E-07,277.53162,0,1.884789473,3.709495,-3.32725,10.74624,0.30755862,38.72,FALSE
11/30/2025,277.76184,274.14258,281.3811,1.41395115,1.021305325,79581.44,0,291342.8,0.511289983,-1.04E-06,277.423585,1.71E-07,1.74422545,4.61184,0.99258,8.2311,0.2913428,38.72,FALSE
12/1/2025,269.197755,263.30664,275.08887,0.64684402,-1.38927136,79990.625,0,284482.7,0.42027532,-3.48E-07,273.97498,0,1.532475807,-3.952245,-9.84336,1.93887,0.2844827,38.73,FALSE
12/2/2025,275.006235,270.84937,279.1631,0.52687191,0.13888315,80030.375,8.39E-07,310157.62,0.7975863,-1.79E-06,275.835815,4.57E-08,0.544869286,1.856235,-2.30063,6.0131,0.31015762,38.71,FALSE
12/3/2025,274.30371,268.58618,280.02124,3.217558,-3.20878745,79553.75,4.71E-05,302015.38,0.386339695,-4.06E-07,276.679815,4.71E-05,4.544116678,1.15371,-4.56382,6.87124,0.30201538,38.73,FALSE
12/4/2025,268.926145,263.33276,274.51953,0.8312907,-0.790765075,80209.1875,0,294774.06,0.004583597,-6.43E-07,273.19006,0,1.147324554,-4.223855,-9.81724,1.36953,0.29477406,38.73,FALSE
12/5/2025,275.42151,271.8252,279.01782,1.527071,-0.1743583,80162.375,2.47E-05,281824.3,0.776547425,-1.30E-06,275.65735,2.44E-05,1.536992731,2.27151,-1.3248,5.86782,0.2818243,38.72,FALSE
12/6/2025,280.474,277.12134,283.82666,2.58396055,-0.052194275,79829.94,0,287350.56,0.263947809,-2.20E-06,278.967415,0,2.584487641,7.324,3.97134,10.67666,0.28735056,38.72,FALSE
12/7/2025,275.628785,268.39502,282.86255,2.3426049,-0.06569005,80153.6575,0,280051.75,0.030442609,-9.63E-07,277.31275,0,2.343525741,2.478785,-4.75498,9.71255,0.28005175,38.74,FALSE
12/8/2025,277.20202,269.75854,284.6455,1.81346085,0.64064281,80477.655,0,302029.7,0.459547965,-8.40E-07,277.450805,0,1.92329495,4.05202,-3.39146,11.4955,0.3020297,38.74,FALSE
12/9/2025,278.29431,271.03125,285.55737,1.609735,1.19660141,80500.06,0,303928.94,0.25538698,-1.09E-06,277.893675,0,2.005767111,5.14431,-2.11875,12.40737,0.30392894,38.73,FALSE
12/10/2025,279.97387,272.11084,287.8369,2.2048855,-0.16928865,80508.4375,0,299723.56,0.736302515,-1.09E-06,278.7832,0,2.211374847,6.82387,-1.03916,14.6869,0.29972356,38.73,FALSE
12/11/2025,280.522095,271.69287,289.35132,0.79373175,0.39490935,80521.4675,0,316292.88,0,-9.03E-07,279.638545,0,0.886545817,7.372095,-1.45713,16.20132,0.31629288,38.73,FALSE
12/12/2025,280.62072,273.4641,287.77734,0.407580045,-0.1804929,80463.125,0,3.60E-12,0,1.27E-08,278.937255,0,0.445756862,7.47072,0.3141,14.62734,3.60E-18,38.72,FALSE
