source,station_number,datetime,water_level
USGS,394036116183401,2015-01-01,37.07
USGS,394036116183401,2015-01-02,37.07
USGS,394036116183401,2015-01-03,37.09
USGS,394036116183401,2015-01-04,37.11
USGS,394036116183401,2015-01-05,37.11
USGS,394036116183401,2015-01-06,37.11
USGS,394036116183401,2015-01-07,37.09
USGS,394036116183401,2015-01-08,37.06
USGS,394036116183401,2015-01-09,37.05
USGS,394036116183401,2015-01-10,37.04
USGS,394036116183401,2015-01-11,37.06
USGS,394036116183401,2015-01-12,37.07
USGS,394036116183401,2015-01-13,37.09
USGS,394036116183401,2015-01-14,37.09
USGS,394036116183401,2015-01-15,37.09
USGS,394036116183401,2015-01-16,37.08
USGS,394036116183401,2015-01-17,37.09
USGS,394036116183401,2015-01-18,37.09
USGS,394036116183401,2015-01-19,37.08
USGS,394036116183401,2015-01-20,37.07
USGS,394036116183401,2015-01-21,37.09
USGS,394036116183401,2015-01-22,37.10
USGS,394036116183401,2015-01-23,37.11
USGS,394036116183401,2015-01-24,37.11
USGS,394036116183401,2015-01-25,37.10
USGS,394036116183401,2015-01-26,37.07
USGS,394036116183401,2015-01-27,37.07
USGS,394036116183401,2015-01-28,37.10
USGS,394036116183401,2015-01-29,37.09
USGS,394036116183401,2015-01-30,37.06
USGS,394036116183401,2015-01-31,37.08
USGS,394036116183401,2015-02-01,37.10
USGS,394036116183401,2015-02-02,37.09
USGS,394036116183401,2015-02-03,37.09
USGS,394036116183401,2015-02-04,37.10
USGS,394036116183401,2015-02-05,37.09
USGS,394036116183401,2015-02-06,37.08
USGS,394036116183401,2015-02-07,37.09
USGS,394036116183401,2015-02-08,37.09
USGS,394036116183401,2015-02-09,37.08
USGS,394036116183401,2015-02-10,37.11
USGS,394036116183401,2015-02-11,37.12
USGS,394036116183401,2015-02-12,37.11
USGS,394036116183401,2015-02-13,37.10
USGS,394036116183401,2015-02-14,37.09
USGS,394036116183401,2015-02-15,37.09
USGS,394036116183401,2015-02-16,37.09
USGS,394036116183401,2015-02-17,37.10
USGS,394036116183401,2015-02-18,37.11
USGS,394036116183401,2015-02-19,37.09
USGS,394036116183401,2015-02-20,37.08
USGS,394036116183401,2015-02-21,37.07
USGS,394036116183401,2015-02-22,37.08
USGS,394036116183401,2015-02-23,
USGS,394036116183401,2015-02-24,
USGS,394036116183401,2015-02-25,37.16
USGS,394036116183401,2015-02-26,37.13
USGS,394036116183401,2015-02-27,37.09
USGS,394036116183401,2015-02-28,37.10
USGS,394036116183401,2015-03-01,37.16
USGS,394036116183401,2015-03-02,37.13
USGS,394036116183401,2015-03-03,37.16
USGS,394036116183401,2015-03-04,37.19
USGS,394036116183401,2015-03-05,37.21
USGS,394036116183401,2015-03-06,37.20
USGS,394036116183401,2015-03-07,37.17
USGS,394036116183401,2015-03-08,37.17
USGS,394036116183401,2015-03-09,37.17
USGS,394036116183401,2015-03-10,37.17
USGS,394036116183401,2015-03-11,37.18
USGS,394036116183401,2015-03-12,37.22
USGS,394036116183401,2015-03-13,37.21
USGS,394036116183401,2015-03-14,37.20
USGS,394036116183401,2015-03-15,37.19
USGS,394036116183401,2015-03-16,37.18
USGS,394036116183401,2015-03-17,37.18
USGS,394036116183401,2015-03-18,37.19
USGS,394036116183401,2015-03-19,37.21
USGS,394036116183401,2015-03-20,37.20
USGS,394036116183401,2015-03-21,37.20
USGS,394036116183401,2015-03-22,37.20
USGS,394036116183401,2015-03-23,37.21
USGS,394036116183401,2015-03-24,37.22
USGS,394036116183401,2015-03-25,37.24
USGS,394036116183401,2015-03-26,37.24
USGS,394036116183401,2015-03-27,37.22
USGS,394036116183401,2015-03-28,37.22
USGS,394036116183401,2015-03-29,37.22
USGS,394036116183401,2015-03-30,37.21
USGS,394036116183401,2015-03-31,37.19
USGS,394036116183401,2015-04-01,37.21
USGS,394036116183401,2015-04-02,37.23
USGS,394036116183401,2015-04-03,37.24
USGS,394036116183401,2015-04-04,37.20
USGS,394036116183401,2015-04-05,37.17
USGS,394036116183401,2015-04-06,37.20
USGS,394036116183401,2015-04-07,37.19
USGS,394036116183401,2015-04-08,37.21
USGS,394036116183401,2015-04-09,37.22
USGS,394036116183401,2015-04-10,
USGS,394036116183401,2015-04-11,
USGS,394036116183401,2015-04-12,
USGS,394036116183401,2015-04-13,
USGS,394036116183401,2015-04-14,37.21
USGS,394036116183401,2015-04-15,37.24
USGS,394036116183401,2015-04-16,37.23
USGS,394036116183401,2015-04-17,37.23
USGS,394036116183401,2015-04-18,37.22
USGS,394036116183401,2015-04-19,37.22
USGS,394036116183401,2015-04-20,37.20
USGS,394036116183401,2015-04-21,37.19
USGS,394036116183401,2015-04-22,37.20
USGS,394036116183401,2015-04-23,37.20
USGS,394036116183401,2015-04-24,37.20
USGS,394036116183401,2015-04-25,37.20
USGS,394036116183401,2015-04-26,37.25
USGS,394036116183401,2015-04-27,37.25
USGS,394036116183401,2015-04-28,37.23
USGS,394036116183401,2015-04-29,37.22
USGS,394036116183401,2015-04-30,37.23
USGS,394036116183401,2015-05-01,37.22
USGS,394036116183401,2015-05-02,37.21
USGS,394036116183401,2015-05-03,37.22
USGS,394036116183401,2015-05-04,37.23
USGS,394036116183401,2015-05-05,37.22
USGS,394036116183401,2015-05-06,37.21
USGS,394036116183401,2015-05-07,37.21
USGS,394036116183401,2015-05-08,37.22
USGS,394036116183401,2015-05-09,37.24
USGS,394036116183401,2015-05-10,37.25
USGS,394036116183401,2015-05-11,37.23
USGS,394036116183401,2015-05-12,37.21
USGS,394036116183401,2015-05-13,37.23
USGS,394036116183401,2015-05-14,37.22
USGS,394036116183401,2015-05-15,37.23
USGS,394036116183401,2015-05-16,37.26
USGS,394036116183401,2015-05-17,37.27
USGS,394036116183401,2015-05-18,37.26
USGS,394036116183401,2015-05-19,37.25
USGS,394036116183401,2015-05-20,37.25
USGS,394036116183401,2015-05-21,37.25
USGS,394036116183401,2015-05-22,37.25
USGS,394036116183401,2015-05-23,37.26
USGS,394036116183401,2015-05-24,37.26
USGS,394036116183401,2015-05-25,37.27
USGS,394036116183401,2015-05-26,37.27
USGS,394036116183401,2015-05-27,37.28
USGS,394036116183401,2015-05-28,37.29
USGS,394036116183401,2015-05-29,37.29
USGS,394036116183401,2015-05-30,37.28
USGS,394036116183401,2015-05-31,37.27
USGS,394036116183401,2015-06-01,37.27
USGS,394036116183401,2015-06-02,37.28
USGS,394036116183401,2015-06-03,37.27
USGS,394036116183401,2015-06-04,37.27
USGS,394036116183401,2015-06-05,37.30
USGS,394036116183401,2015-06-06,37.30
USGS,394036116183401,2015-06-07,37.31
USGS,394036116183401,2015-06-08,37.31
USGS,394036116183401,2015-06-09,37.29
USGS,394036116183401,2015-06-10,37.27
USGS,394036116183401,2015-06-11,37.29
USGS,394036116183401,2015-06-12,37.30
USGS,394036116183401,2015-06-13,37.29
USGS,394036116183401,2015-06-14,37.29
USGS,394036116183401,2015-06-15,37.31
USGS,394036116183401,2015-06-16,37.32
USGS,394036116183401,2015-06-17,37.32
USGS,394036116183401,2015-06-18,37.32
USGS,394036116183401,2015-06-19,37.32
USGS,394036116183401,2015-06-20,37.32
USGS,394036116183401,2015-06-21,37.31
USGS,394036116183401,2015-06-22,37.33
USGS,394036116183401,2015-06-23,37.32
USGS,394036116183401,2015-06-24,37.32
USGS,394036116183401,2015-06-25,37.33
USGS,394036116183401,2015-06-26,37.33
USGS,394036116183401,2015-06-27,37.33
USGS,394036116183401,2015-06-28,37.32
USGS,394036116183401,2015-06-29,37.32
USGS,394036116183401,2015-06-30,37.32
USGS,394036116183401,2015-07-01,37.32
USGS,394036116183401,2015-07-02,37.31
USGS,394036116183401,2015-07-03,37.30
USGS,394036116183401,2015-07-04,37.30
USGS,394036116183401,2015-07-05,37.31
USGS,394036116183401,2015-07-06,37.31
USGS,394036116183401,2015-07-07,37.31
USGS,394036116183401,2015-07-08,37.29
USGS,394036116183401,2015-07-09,37.29
USGS,394036116183401,2015-07-10,37.30
USGS,394036116183401,2015-07-11,37.31
USGS,394036116183401,2015-07-12,37.31
USGS,394036116183401,2015-07-13,37.30
USGS,394036116183401,2015-07-14,37.29
USGS,394036116183401,2015-07-15,37.30
USGS,394036116183401,2015-07-16,37.30
USGS,394036116183401,2015-07-17,37.30
USGS,394036116183401,2015-07-18,37.31
USGS,394036116183401,2015-07-19,37.32
USGS,394036116183401,2015-07-20,37.30
USGS,394036116183401,2015-07-21,37.28
USGS,394036116183401,2015-07-22,37.28
USGS,394036116183401,2015-07-23,37.28
USGS,394036116183401,2015-07-24,37.30
USGS,394036116183401,2015-07-25,37.28
USGS,394036116183401,2015-07-26,37.25
USGS,394036116183401,2015-07-27,37.26
USGS,394036116183401,2015-07-28,37.28
USGS,394036116183401,2015-07-29,37.28
USGS,394036116183401,2015-07-30,37.27
USGS,394036116183401,2015-07-31,37.26
USGS,394036116183401,2015-08-01,37.24
USGS,394036116183401,2015-08-02,37.22
USGS,394036116183401,2015-08-03,37.22
USGS,394036116183401,2015-08-04,37.22
USGS,394036116183401,2015-08-05,37.23
USGS,394036116183401,2015-08-06,37.23
USGS,394036116183401,2015-08-07,37.22
USGS,394036116183401,2015-08-08,37.24
USGS,394036116183401,2015-08-09,37.25
USGS,394036116183401,2015-08-10,37.23
USGS,394036116183401,2015-08-11,37.24
USGS,394036116183401,2015-08-12,37.25
USGS,394036116183401,2015-08-13,37.25
USGS,394036116183401,2015-08-14,37.24
USGS,394036116183401,2015-08-15,37.25
USGS,394036116183401,2015-08-16,37.25
USGS,394036116183401,2015-08-17,37.25
USGS,394036116183401,2015-08-18,37.26
USGS,394036116183401,2015-08-19,37.27
USGS,394036116183401,2015-08-20,37.27
USGS,394036116183401,2015-08-21,37.28
USGS,394036116183401,2015-08-22,37.30
USGS,394036116183401,2015-08-23,37.31
USGS,394036116183401,2015-08-24,37.32
USGS,394036116183401,2015-08-25,37.32
USGS,394036116183401,2015-08-26,37.33
USGS,394036116183401,2015-08-27,37.33
USGS,394036116183401,2015-08-28,37.31
USGS,394036116183401,2015-08-29,37.31
USGS,394036116183401,2015-08-30,37.32
USGS,394036116183401,2015-08-31,37.32
USGS,394036116183401,2015-09-01,37.32
USGS,394036116183401,2015-09-02,37.32
USGS,394036116183401,2015-09-03,37.31
USGS,394036116183401,2015-09-04,37.31
USGS,394036116183401,2015-09-05,37.35
USGS,394036116183401,2015-09-06,37.35
USGS,394036116183401,2015-09-07,37.36
USGS,394036116183401,2015-09-08,37.36
USGS,394036116183401,2015-09-09,37.37
USGS,394036116183401,2015-09-10,37.37
USGS,394036116183401,2015-09-11,37.38
USGS,394036116183401,2015-09-12,37.37
USGS,394036116183401,2015-09-13,37.35
USGS,394036116183401,2015-09-14,37.33
USGS,394036116183401,2015-09-15,37.33
USGS,394036116183401,2015-09-16,37.32
USGS,394036116183401,2015-09-17,37.37
USGS,394036116183401,2015-09-18,37.38
USGS,394036116183401,2015-09-19,37.39
USGS,394036116183401,2015-09-20,37.40
USGS,394036116183401,2015-09-21,37.38
USGS,394036116183401,2015-09-22,37.38
USGS,394036116183401,2015-09-23,37.40
USGS,394036116183401,2015-09-24,37.41
USGS,394036116183401,2015-09-25,37.40
USGS,394036116183401,2015-09-26,37.38
USGS,394036116183401,2015-09-27,37.38
USGS,394036116183401,2015-09-28,37.39
USGS,394036116183401,2015-09-29,37.39
USGS,394036116183401,2015-09-30,37.39
USGS,394036116183401,2015-10-01,37.38
USGS,394036116183401,2015-10-02,37.38
USGS,394036116183401,2015-10-03,37.35
USGS,394036116183401,2015-10-04,37.36
USGS,394036116183401,2015-10-05,37.38
USGS,394036116183401,2015-10-06,37.40
USGS,394036116183401,2015-10-07,37.40
USGS,394036116183401,2015-10-08,37.39
USGS,394036116183401,2015-10-09,37.38
USGS,394036116183401,2015-10-10,37.36
USGS,394036116183401,2015-10-11,37.38
USGS,394036116183401,2015-10-12,37.38
USGS,394036116183401,2015-10-13,37.38
USGS,394036116183401,2015-10-14,37.37
USGS,394036116183401,2015-10-15,37.37
USGS,394036116183401,2015-10-16,37.36
USGS,394036116183401,2015-10-17,37.35
USGS,394036116183401,2015-10-18,37.32
USGS,394036116183401,2015-10-19,37.33
USGS,394036116183401,2015-10-20,37.36
USGS,394036116183401,2015-10-21,37.37
USGS,394036116183401,2015-10-22,37.36
USGS,394036116183401,2015-10-23,37.38
USGS,394036116183401,2015-10-24,37.37
USGS,394036116183401,2015-10-25,37.36
USGS,394036116183401,2015-10-26,37.36
USGS,394036116183401,2015-10-27,37.37
USGS,394036116183401,2015-10-28,37.35
USGS,394036116183401,2015-10-29,37.36
USGS,394036116183401,2015-10-30,37.38
USGS,394036116183401,2015-10-31,37.38
USGS,394036116183401,2015-11-01,37.37
USGS,394036116183401,2015-11-02,37.31
USGS,394036116183401,2015-11-03,37.32
USGS,394036116183401,2015-11-04,37.36
USGS,394036116183401,2015-11-05,37.40
USGS,394036116183401,2015-11-06,37.40
USGS,394036116183401,2015-11-07,37.38
USGS,394036116183401,2015-11-08,37.34
USGS,394036116183401,2015-11-09,37.33
USGS,394036116183401,2015-11-10,37.37
USGS,394036116183401,2015-11-11,37.41
USGS,394036116183401,2015-11-12,37.41
USGS,394036116183401,2015-11-13,37.39
USGS,394036116183401,2015-11-14,37.37
USGS,394036116183401,2015-11-15,37.32
USGS,394036116183401,2015-11-16,37.39
USGS,394036116183401,2015-11-17,37.41
USGS,394036116183401,2015-11-18,37.39
USGS,394036116183401,2015-11-19,37.40
USGS,394036116183401,2015-11-20,37.41
USGS,394036116183401,2015-11-21,37.41
USGS,394036116183401,2015-11-22,37.39
USGS,394036116183401,2015-11-23,37.37
USGS,394036116183401,2015-11-24,37.34
USGS,394036116183401,2015-11-25,37.35
USGS,394036116183401,2015-11-26,37.40
USGS,394036116183401,2015-11-27,37.41
USGS,394036116183401,2015-11-28,37.41
USGS,394036116183401,2015-11-29,37.41
USGS,394036116183401,2015-11-30,37.41
USGS,394036116183401,2015-12-01,37.42
USGS,394036116183401,2015-12-02,37.42
USGS,394036116183401,2015-12-03,37.39
USGS,394036116183401,2015-12-04,37.41
USGS,394036116183401,2015-12-05,37.44
USGS,394036116183401,2015-12-06,37.42
USGS,394036116183401,2015-12-07,37.42
USGS,394036116183401,2015-12-08,37.41
USGS,394036116183401,2015-12-09,37.39
USGS,394036116183401,2015-12-10,37.35
USGS,394036116183401,2015-12-11,37.36
USGS,394036116183401,2015-12-12,37.40
USGS,394036116183401,2015-12-13,37.36
USGS,394036116183401,2015-12-14,37.38
USGS,394036116183401,2015-12-15,37.42
USGS,394036116183401,2015-12-16,37.43
USGS,394036116183401,2015-12-17,37.43
USGS,394036116183401,2015-12-18,37.41
USGS,394036116183401,2015-12-19,37.39
USGS,394036116183401,2015-12-20,37.41
USGS,394036116183401,2015-12-21,37.38
USGS,394036116183401,2015-12-22,37.32
USGS,394036116183401,2015-12-23,37.36
USGS,394036116183401,2015-12-24,37.37
USGS,394036116183401,2015-12-25,37.42
USGS,394036116183401,2015-12-26,37.46
USGS,394036116183401,2015-12-27,37.40
USGS,394036116183401,2015-12-28,37.36
USGS,394036116183401,2015-12-29,37.39
USGS,394036116183401,2015-12-30,37.41
USGS,394036116183401,2015-12-31,37.43
USGS,394036116183401,2016-01-01,37.41
USGS,394036116183401,2016-01-02,37.41
USGS,394036116183401,2016-01-03,37.40
USGS,394036116183401,2016-01-04,37.37
USGS,394036116183401,2016-01-05,37.37
USGS,394036116183401,2016-01-06,37.38
USGS,394036116183401,2016-01-07,37.39
USGS,394036116183401,2016-01-08,37.42
USGS,394036116183401,2016-01-09,37.43
USGS,394036116183401,2016-01-10,37.44
USGS,394036116183401,2016-01-11,37.45
USGS,394036116183401,2016-01-12,37.43
USGS,394036116183401,2016-01-13,37.39
USGS,394036116183401,2016-01-14,37.39
USGS,394036116183401,2016-01-15,37.38
USGS,394036116183401,2016-01-16,37.42
USGS,394036116183401,2016-01-17,37.42
USGS,394036116183401,2016-01-18,37.41
USGS,394036116183401,2016-01-19,37.41
USGS,394036116183401,2016-01-20,37.44
USGS,394036116183401,2016-01-21,37.44
USGS,394036116183401,2016-01-22,37.41
USGS,394036116183401,2016-01-23,37.38
USGS,394036116183401,2016-01-24,37.41
USGS,394036116183401,2016-01-25,37.44
USGS,394036116183401,2016-01-26,37.46
USGS,394036116183401,2016-01-27,37.45
USGS,394036116183401,2016-01-28,37.43
USGS,394036116183401,2016-01-29,37.40
USGS,394036116183401,2016-01-30,37.38
USGS,394036116183401,2016-01-31,37.35
USGS,394036116183401,2016-02-01,37.41
USGS,394036116183401,2016-02-02,37.44
USGS,394036116183401,2016-02-03,37.46
USGS,394036116183401,2016-02-04,37.46
USGS,394036116183401,2016-02-05,37.47
USGS,394036116183401,2016-02-06,37.46
USGS,394036116183401,2016-02-07,37.48
USGS,394036116183401,2016-02-08,37.48
USGS,394036116183401,2016-02-09,37.46
USGS,394036116183401,2016-02-10,37.45
USGS,394036116183401,2016-02-11,37.45
USGS,394036116183401,2016-02-12,37.45
USGS,394036116183401,2016-02-13,37.45
USGS,394036116183401,2016-02-14,37.45
USGS,394036116183401,2016-02-15,37.46
USGS,394036116183401,2016-02-16,37.44
USGS,394036116183401,2016-02-17,37.40
USGS,394036116183401,2016-02-18,37.42
USGS,394036116183401,2016-02-19,37.46
USGS,394036116183401,2016-02-20,37.48
USGS,394036116183401,2016-02-21,37.48
USGS,394036116183401,2016-02-22,37.47
USGS,394036116183401,2016-02-23,37.49
USGS,394036116183401,2016-02-24,37.49
USGS,394036116183401,2016-02-25,37.49
USGS,394036116183401,2016-02-26,37.48
USGS,394036116183401,2016-02-27,37.47
USGS,394036116183401,2016-02-28,37.48
USGS,394036116183401,2016-02-29,37.49
USGS,394036116183401,2016-03-01,37.48
USGS,394036116183401,2016-03-02,37.48
USGS,394036116183401,2016-03-03,37.48
USGS,394036116183401,2016-03-04,37.47
USGS,394036116183401,2016-03-05,37.45
USGS,394036116183401,2016-03-06,37.44
USGS,394036116183401,2016-03-07,37.44
USGS,394036116183401,2016-03-08,37.48
USGS,394036116183401,2016-03-09,37.50
USGS,394036116183401,2016-03-10,37.49
USGS,394036116183401,2016-03-11,37.45
USGS,394036116183401,2016-03-12,37.48
USGS,394036116183401,2016-03-13,37.48
USGS,394036116183401,2016-03-14,37.49
USGS,394036116183401,2016-03-15,37.51
USGS,394036116183401,2016-03-16,37.51
USGS,394036116183401,2016-03-17,37.49
USGS,394036116183401,2016-03-18,37.50
USGS,394036116183401,2016-03-19,37.50
USGS,394036116183401,2016-03-20,37.49
USGS,394036116183401,2016-03-21,37.48
USGS,394036116183401,2016-03-22,37.49
USGS,394036116183401,2016-03-23,37.53
USGS,394036116183401,2016-03-24,37.50
USGS,394036116183401,2016-03-25,37.48
USGS,394036116183401,2016-03-26,37.50
USGS,394036116183401,2016-03-27,37.49
USGS,394036116183401,2016-03-28,37.44
USGS,394036116183401,2016-03-29,37.45
USGS,394036116183401,2016-03-30,37.51
USGS,394036116183401,2016-03-31,37.52
USGS,394036116183401,2016-04-01,37.54
USGS,394036116183401,2016-04-02,37.53
USGS,394036116183401,2016-04-03,37.52
USGS,394036116183401,2016-04-04,37.52
USGS,394036116183401,2016-04-05,37.55
USGS,394036116183401,2016-04-06,37.54
USGS,394036116183401,2016-04-07,37.50
USGS,394036116183401,2016-04-08,37.49
USGS,394036116183401,2016-04-09,37.48
USGS,394036116183401,2016-04-10,37.49
USGS,394036116183401,2016-04-11,37.52
USGS,394036116183401,2016-04-12,37.53
USGS,394036116183401,2016-04-13,37.50
USGS,394036116183401,2016-04-14,37.49
USGS,394036116183401,2016-04-15,37.52
USGS,394036116183401,2016-04-16,37.55
USGS,394036116183401,2016-04-17,37.55
USGS,394036116183401,2016-04-18,37.54
USGS,394036116183401,2016-04-19,37.53
USGS,394036116183401,2016-04-20,37.52
USGS,394036116183401,2016-04-21,37.51
USGS,394036116183401,2016-04-22,37.50
USGS,394036116183401,2016-04-23,37.53
USGS,394036116183401,2016-04-24,37.52
USGS,394036116183401,2016-04-25,37.49
USGS,394036116183401,2016-04-26,37.54
USGS,394036116183401,2016-04-27,37.52
USGS,394036116183401,2016-04-28,37.52
USGS,394036116183401,2016-04-29,37.53
USGS,394036116183401,2016-04-30,37.54
USGS,394036116183401,2016-05-01,37.55
USGS,394036116183401,2016-05-02,37.56
USGS,394036116183401,2016-05-03,37.55
USGS,394036116183401,2016-05-04,37.53
USGS,394036116183401,2016-05-05,37.51
USGS,394036116183401,2016-05-06,37.52
USGS,394036116183401,2016-05-07,37.52
USGS,394036116183401,2016-05-08,37.52
USGS,394036116183401,2016-05-09,37.53
USGS,394036116183401,2016-05-10,37.56
USGS,394036116183401,2016-05-11,37.57
USGS,394036116183401,2016-05-12,37.56
USGS,394036116183401,2016-05-13,37.55
USGS,394036116183401,2016-05-14,37.52
USGS,394036116183401,2016-05-15,37.53
USGS,394036116183401,2016-05-16,37.55
USGS,394036116183401,2016-05-17,37.56
USGS,394036116183401,2016-05-18,37.55
USGS,394036116183401,2016-05-19,37.51
USGS,394036116183401,2016-05-20,37.49
USGS,394036116183401,2016-05-21,37.54
USGS,394036116183401,2016-05-22,37.55
USGS,394036116183401,2016-05-23,37.54
USGS,394036116183401,2016-05-24,37.55
USGS,394036116183401,2016-05-25,37.58
USGS,394036116183401,2016-05-26,37.57
USGS,394036116183401,2016-05-27,37.56
USGS,394036116183401,2016-05-28,37.57
USGS,394036116183401,2016-05-29,37.58
USGS,394036116183401,2016-05-30,37.58
USGS,394036116183401,2016-05-31,37.58
USGS,394036116183401,2016-06-01,37.58
USGS,394036116183401,2016-06-02,37.58
USGS,394036116183401,2016-06-03,37.59
USGS,394036116183401,2016-06-04,37.57
USGS,394036116183401,2016-06-05,37.55
USGS,394036116183401,2016-06-06,37.56
USGS,394036116183401,2016-06-07,37.57
USGS,394036116183401,2016-06-08,37.57
USGS,394036116183401,2016-06-09,37.57
USGS,394036116183401,2016-06-10,37.57
USGS,394036116183401,2016-06-11,37.59
USGS,394036116183401,2016-06-12,37.58
USGS,394036116183401,2016-06-13,37.57
USGS,394036116183401,2016-06-14,37.55
USGS,394036116183401,2016-06-15,37.55
USGS,394036116183401,2016-06-16,37.59
USGS,394036116183401,2016-06-17,37.59
USGS,394036116183401,2016-06-18,37.60
USGS,394036116183401,2016-06-19,37.61
USGS,394036116183401,2016-06-20,37.60
USGS,394036116183401,2016-06-21,37.60
USGS,394036116183401,2016-06-22,37.59
USGS,394036116183401,2016-06-23,37.59
USGS,394036116183401,2016-06-24,37.60
USGS,394036116183401,2016-06-25,37.60
USGS,394036116183401,2016-06-26,37.60
USGS,394036116183401,2016-06-27,37.60
USGS,394036116183401,2016-06-28,37.60
USGS,394036116183401,2016-06-29,37.60
USGS,394036116183401,2016-06-30,37.59
USGS,394036116183401,2016-07-01,37.60
USGS,394036116183401,2016-07-02,37.61
USGS,394036116183401,2016-07-03,37.61
USGS,394036116183401,2016-07-04,37.61
USGS,394036116183401,2016-07-05,37.60
USGS,394036116183401,2016-07-06,37.61
USGS,394036116183401,2016-07-07,37.61
USGS,394036116183401,2016-07-08,37.61
USGS,394036116183401,2016-07-09,37.61
USGS,394036116183401,2016-07-10,37.61
USGS,394036116183401,2016-07-11,37.62
USGS,394036116183401,2016-07-12,37.61
USGS,394036116183401,2016-07-13,37.63
USGS,394036116183401,2016-07-14,37.63
USGS,394036116183401,2016-07-15,37.62
USGS,394036116183401,2016-07-16,37.62
USGS,394036116183401,2016-07-17,37.62
USGS,394036116183401,2016-07-18,37.64
USGS,394036116183401,2016-07-19,37.64
USGS,394036116183401,2016-07-20,37.64
USGS,394036116183401,2016-07-21,37.64
USGS,394036116183401,2016-07-22,37.65
USGS,394036116183401,2016-07-23,37.64
USGS,394036116183401,2016-07-24,37.63
USGS,394036116183401,2016-07-25,37.64
USGS,394036116183401,2016-07-26,37.65
USGS,394036116183401,2016-07-27,37.66
USGS,394036116183401,2016-07-28,37.65
USGS,394036116183401,2016-07-29,37.65
USGS,394036116183401,2016-07-30,37.64
USGS,394036116183401,2016-07-31,37.65
USGS,394036116183401,2016-08-01,37.66
USGS,394036116183401,2016-08-02,37.66
USGS,394036116183401,2016-08-03,37.66
USGS,394036116183401,2016-08-04,37.65
USGS,394036116183401,2016-08-05,37.64
USGS,394036116183401,2016-08-06,37.64
USGS,394036116183401,2016-08-07,37.65
USGS,394036116183401,2016-08-08,37.65
USGS,394036116183401,2016-08-09,37.67
USGS,394036116183401,2016-08-10,37.68
USGS,394036116183401,2016-08-11,37.69
USGS,394036116183401,2016-08-12,37.69
USGS,394036116183401,2016-08-13,37.68
USGS,394036116183401,2016-08-14,37.67
USGS,394036116183401,2016-08-15,37.68
USGS,394036116183401,2016-08-16,37.68
USGS,394036116183401,2016-08-17,37.68
USGS,394036116183401,2016-08-18,37.68
USGS,394036116183401,2016-08-19,37.68
USGS,394036116183401,2016-08-20,37.68
USGS,394036116183401,2016-08-21,37.68
USGS,394036116183401,2016-08-22,37.69
USGS,394036116183401,2016-08-23,37.71
USGS,394036116183401,2016-08-24,37.70
USGS,394036116183401,2016-08-25,37.69
USGS,394036116183401,2016-08-26,37.69
USGS,394036116183401,2016-08-27,37.70
USGS,394036116183401,2016-08-28,37.71
USGS,394036116183401,2016-08-29,37.71
USGS,394036116183401,2016-08-30,37.70
USGS,394036116183401,2016-08-31,37.69
USGS,394036116183401,2016-09-01,37.69
USGS,394036116183401,2016-09-02,37.69
USGS,394036116183401,2016-09-03,37.69
USGS,394036116183401,2016-09-04,37.69
USGS,394036116183401,2016-09-05,37.72
USGS,394036116183401,2016-09-06,37.72
USGS,394036116183401,2016-09-07,37.73
USGS,394036116183401,2016-09-08,37.74
USGS,394036116183401,2016-09-09,37.74
USGS,394036116183401,2016-09-10,37.73
USGS,394036116183401,2016-09-11,37.71
USGS,394036116183401,2016-09-12,37.69
USGS,394036116183401,2016-09-13,37.70
USGS,394036116183401,2016-09-14,37.74
USGS,394036116183401,2016-09-15,37.74
USGS,394036116183401,2016-09-16,37.74
USGS,394036116183401,2016-09-17,37.75
USGS,394036116183401,2016-09-18,37.75
USGS,394036116183401,2016-09-19,37.75
USGS,394036116183401,2016-09-20,37.76
USGS,394036116183401,2016-09-21,37.73
USGS,394036116183401,2016-09-22,37.70
USGS,394036116183401,2016-09-23,37.76
USGS,394036116183401,2016-09-24,37.79
USGS,394036116183401,2016-09-25,37.79
USGS,394036116183401,2016-09-26,37.77
USGS,394036116183401,2016-09-27,37.76
USGS,394036116183401,2016-09-28,37.76
USGS,394036116183401,2016-09-29,37.78
USGS,394036116183401,2016-09-30,37.77
USGS,394036116183401,2016-10-01,37.76
USGS,394036116183401,2016-10-02,37.74
USGS,394036116183401,2016-10-03,37.77
USGS,394036116183401,2016-10-04,37.77
USGS,394036116183401,2016-10-05,37.79
USGS,394036116183401,2016-10-06,37.80
USGS,394036116183401,2016-10-07,37.80
USGS,394036116183401,2016-10-08,37.79
USGS,394036116183401,2016-10-09,37.79
USGS,394036116183401,2016-10-10,37.79
USGS,394036116183401,2016-10-11,37.80
USGS,394036116183401,2016-10-12,37.81
USGS,394036116183401,2016-10-13,37.80
USGS,394036116183401,2016-10-14,37.79
USGS,394036116183401,2016-10-15,37.78
USGS,394036116183401,2016-10-16,37.77
USGS,394036116183401,2016-10-17,37.81
USGS,394036116183401,2016-10-18,37.83
USGS,394036116183401,2016-10-19,37.85
USGS,394036116183401,2016-10-20,37.83
USGS,394036116183401,2016-10-21,37.80
USGS,394036116183401,2016-10-22,37.80
USGS,394036116183401,2016-10-23,37.81
USGS,394036116183401,2016-10-24,37.81
USGS,394036116183401,2016-10-25,37.83
USGS,394036116183401,2016-10-26,37.83
USGS,394036116183401,2016-10-27,37.82
USGS,394036116183401,2016-10-28,37.81
USGS,394036116183401,2016-10-29,37.82
USGS,394036116183401,2016-10-30,37.80
USGS,394036116183401,2016-10-31,37.82
USGS,394036116183401,2016-11-01,37.84
USGS,394036116183401,2016-11-02,37.87
USGS,394036116183401,2016-11-03,37.86
USGS,394036116183401,2016-11-04,37.85
USGS,394036116183401,2016-11-05,37.84
USGS,394036116183401,2016-11-06,37.84
USGS,394036116183401,2016-11-07,37.87
USGS,394036116183401,2016-11-08,37.87
USGS,394036116183401,2016-11-09,37.86
USGS,394036116183401,2016-11-10,37.86
USGS,394036116183401,2016-11-11,37.86
USGS,394036116183401,2016-11-12,37.86
USGS,394036116183401,2016-11-13,37.87
USGS,394036116183401,2016-11-14,37.87
USGS,394036116183401,2016-11-15,37.84
USGS,394036116183401,2016-11-16,37.82
USGS,394036116183401,2016-11-17,37.87
USGS,394036116183401,2016-11-18,37.87
USGS,394036116183401,2016-11-19,37.86
USGS,394036116183401,2016-11-20,37.85
USGS,394036116183401,2016-11-21,37.84
USGS,394036116183401,2016-11-22,37.88
USGS,394036116183401,2016-11-23,37.88
USGS,394036116183401,2016-11-24,37.89
USGS,394036116183401,2016-11-25,37.87
USGS,394036116183401,2016-11-26,37.83
USGS,394036116183401,2016-11-27,37.84
USGS,394036116183401,2016-11-28,37.84
USGS,394036116183401,2016-11-29,37.89
USGS,394036116183401,2016-11-30,37.88
USGS,394036116183401,2016-12-01,37.89
USGS,394036116183401,2016-12-02,37.91
USGS,394036116183401,2016-12-03,37.90
USGS,394036116183401,2016-12-04,37.87
USGS,394036116183401,2016-12-05,37.86
USGS,394036116183401,2016-12-06,37.86
USGS,394036116183401,2016-12-07,37.91
USGS,394036116183401,2016-12-08,37.90
USGS,394036116183401,2016-12-09,37.91
USGS,394036116183401,2016-12-10,37.88
USGS,394036116183401,2016-12-11,37.89
USGS,394036116183401,2016-12-12,37.90
USGS,394036116183401,2016-12-13,37.91
USGS,394036116183401,2016-12-14,37.90
USGS,394036116183401,2016-12-15,37.87
USGS,394036116183401,2016-12-16,37.85
USGS,394036116183401,2016-12-17,37.93
USGS,394036116183401,2016-12-18,37.95
USGS,394036116183401,2016-12-19,37.94
USGS,394036116183401,2016-12-20,37.93
USGS,394036116183401,2016-12-21,37.92
USGS,394036116183401,2016-12-22,37.89
USGS,394036116183401,2016-12-23,37.87
USGS,394036116183401,2016-12-24,37.84
USGS,394036116183401,2016-12-25,37.91
USGS,394036116183401,2016-12-26,37.95
USGS,394036116183401,2016-12-27,37.94
USGS,394036116183401,2016-12-28,37.95
USGS,394036116183401,2016-12-29,37.95
USGS,394036116183401,2016-12-30,37.90
USGS,394036116183401,2016-12-31,37.89
USGS,394036116183401,2017-01-01,37.86
USGS,394036116183401,2017-01-02,37.90
USGS,394036116183401,2017-01-03,37.93
USGS,394036116183401,2017-01-04,37.90
USGS,394036116183401,2017-01-05,37.91
USGS,394036116183401,2017-01-06,37.95
USGS,394036116183401,2017-01-07,37.94
USGS,394036116183401,2017-01-08,37.93
USGS,394036116183401,2017-01-09,37.91
USGS,394036116183401,2017-01-10,37.90
USGS,394036116183401,2017-01-11,37.90
USGS,394036116183401,2017-01-12,37.93
USGS,394036116183401,2017-01-13,37.97
USGS,394036116183401,2017-01-14,37.96
USGS,394036116183401,2017-01-15,37.94
USGS,394036116183401,2017-01-16,37.96
USGS,394036116183401,2017-01-17,37.94
USGS,394036116183401,2017-01-18,37.92
USGS,394036116183401,2017-01-19,37.89
USGS,394036116183401,2017-01-20,37.85
USGS,394036116183401,2017-01-21,37.91
USGS,394036116183401,2017-01-22,37.91
USGS,394036116183401,2017-01-23,37.89
USGS,394036116183401,2017-01-24,37.94
USGS,394036116183401,2017-01-25,37.97
USGS,394036116183401,2017-01-26,37.98
USGS,394036116183401,2017-01-27,37.99
USGS,394036116183401,2017-01-28,37.98
USGS,394036116183401,2017-01-29,37.96
USGS,394036116183401,2017-01-30,37.93
USGS,394036116183401,2017-01-31,37.91
USGS,394036116183401,2017-02-01,37.91
USGS,394036116183401,2017-02-02,37.91
USGS,394036116183401,2017-02-03,37.90
USGS,394036116183401,2017-02-04,37.93
USGS,394036116183401,2017-02-05,37.91
USGS,394036116183401,2017-02-06,37.90
USGS,394036116183401,2017-02-07,37.92
USGS,394036116183401,2017-02-08,37.96
USGS,394036116183401,2017-02-09,37.94
USGS,394036116183401,2017-02-10,37.93
USGS,394036116183401,2017-02-11,37.97
USGS,394036116183401,2017-02-12,37.97
USGS,394036116183401,2017-02-13,37.96
USGS,394036116183401,2017-02-14,37.96
USGS,394036116183401,2017-02-15,37.95
USGS,394036116183401,2017-02-16,37.91
USGS,394036116183401,2017-02-17,37.88
USGS,394036116183401,2017-02-18,37.89
USGS,394036116183401,2017-02-19,37.93
USGS,394036116183401,2017-02-20,37.95
USGS,394036116183401,2017-02-21,37.96
USGS,394036116183401,2017-02-22,37.93
USGS,394036116183401,2017-02-23,37.94
USGS,394036116183401,2017-02-24,37.96
USGS,394036116183401,2017-02-25,37.95
USGS,394036116183401,2017-02-26,37.92
USGS,394036116183401,2017-02-27,37.93
USGS,394036116183401,2017-02-28,37.97
USGS,394036116183401,2017-03-01,38.00
USGS,394036116183401,2017-03-02,37.98
USGS,394036116183401,2017-03-03,37.94
USGS,394036116183401,2017-03-04,37.91
USGS,394036116183401,2017-03-05,37.89
USGS,394036116183401,2017-03-06,37.95
USGS,394036116183401,2017-03-07,37.97
USGS,394036116183401,2017-03-08,37.97
USGS,394036116183401,2017-03-09,37.97
USGS,394036116183401,2017-03-10,37.96
USGS,394036116183401,2017-03-11,37.96
USGS,394036116183401,2017-03-12,37.97
USGS,394036116183401,2017-03-13,37.97
USGS,394036116183401,2017-03-14,37.96
USGS,394036116183401,2017-03-15,37.95
USGS,394036116183401,2017-03-16,37.96
USGS,394036116183401,2017-03-17,37.96
USGS,394036116183401,2017-03-18,37.96
USGS,394036116183401,2017-03-19,37.96
USGS,394036116183401,2017-03-20,37.95
USGS,394036116183401,2017-03-21,37.97
USGS,394036116183401,2017-03-22,37.96
USGS,394036116183401,2017-03-23,37.99
USGS,394036116183401,2017-03-24,37.99
USGS,394036116183401,2017-03-25,37.98
USGS,394036116183401,2017-03-26,37.98
USGS,394036116183401,2017-03-27,37.99
USGS,394036116183401,2017-03-28,38.01
USGS,394036116183401,2017-03-29,38.00
USGS,394036116183401,2017-03-30,37.94
USGS,394036116183401,2017-03-31,37.98
USGS,394036116183401,2017-04-01,38.00
USGS,394036116183401,2017-04-02,37.99
USGS,394036116183401,2017-04-03,37.98
USGS,394036116183401,2017-04-04,38.01
USGS,394036116183401,2017-04-05,38.00
USGS,394036116183401,2017-04-06,37.97
USGS,394036116183401,2017-04-07,37.95
USGS,394036116183401,2017-04-08,37.96
USGS,394036116183401,2017-04-09,38.00
USGS,394036116183401,2017-04-10,38.00
USGS,394036116183401,2017-04-11,37.98
USGS,394036116183401,2017-04-12,37.98
USGS,394036116183401,2017-04-13,37.97
USGS,394036116183401,2017-04-14,38.00
USGS,394036116183401,2017-04-15,38.00
USGS,394036116183401,2017-04-16,37.98
USGS,394036116183401,2017-04-17,37.99
USGS,394036116183401,2017-04-18,37.99
USGS,394036116183401,2017-04-19,38.01
USGS,394036116183401,2017-04-20,38.01
USGS,394036116183401,2017-04-21,38.01
USGS,394036116183401,2017-04-22,37.98
USGS,394036116183401,2017-04-23,37.97
USGS,394036116183401,2017-04-24,37.97
USGS,394036116183401,2017-04-25,38.00
USGS,394036116183401,2017-04-26,37.98
USGS,394036116183401,2017-04-27,37.99
USGS,394036116183401,2017-04-28,38.01
USGS,394036116183401,2017-04-29,38.03
USGS,394036116183401,2017-04-30,38.01
USGS,394036116183401,2017-05-01,38.01
USGS,394036116183401,2017-05-02,38.02
USGS,394036116183401,2017-05-03,38.03
USGS,394036116183401,2017-05-04,38.01
USGS,394036116183401,2017-05-05,37.98
USGS,394036116183401,2017-05-06,37.96
USGS,394036116183401,2017-05-07,38.00
USGS,394036116183401,2017-05-08,38.02
USGS,394036116183401,2017-05-09,38.02
USGS,394036116183401,2017-05-10,38.03
USGS,394036116183401,2017-05-11,38.03
USGS,394036116183401,2017-05-12,38.00
USGS,394036116183401,2017-05-13,38.01
USGS,394036116183401,2017-05-14,38.01
USGS,394036116183401,2017-05-15,38.01
USGS,394036116183401,2017-05-16,38.02
USGS,394036116183401,2017-05-17,38.03
USGS,394036116183401,2017-05-18,38.05
USGS,394036116183401,2017-05-19,38.05
USGS,394036116183401,2017-05-20,38.04
USGS,394036116183401,2017-05-21,38.06
USGS,394036116183401,2017-05-22,38.06
USGS,394036116183401,2017-05-23,38.05
USGS,394036116183401,2017-05-24,38.00
USGS,394036116183401,2017-05-25,38.01
USGS,394036116183401,2017-05-26,38.05
USGS,394036116183401,2017-05-27,38.08
USGS,394036116183401,2017-05-28,38.07
USGS,394036116183401,2017-05-29,38.06
USGS,394036116183401,2017-05-30,38.05
USGS,394036116183401,2017-05-31,38.04
USGS,394036116183401,2017-06-01,38.05
USGS,394036116183401,2017-06-02,38.07
USGS,394036116183401,2017-06-03,38.06
USGS,394036116183401,2017-06-04,38.05
USGS,394036116183401,2017-06-05,38.07
USGS,394036116183401,2017-06-06,38.06
USGS,394036116183401,2017-06-07,38.06
USGS,394036116183401,2017-06-08,38.05
USGS,394036116183401,2017-06-09,38.05
USGS,394036116183401,2017-06-10,38.04
USGS,394036116183401,2017-06-11,38.04
USGS,394036116183401,2017-06-12,38.07
USGS,394036116183401,2017-06-13,38.09
USGS,394036116183401,2017-06-14,38.08
USGS,394036116183401,2017-06-15,38.08
USGS,394036116183401,2017-06-16,38.07
USGS,394036116183401,2017-06-17,38.07
USGS,394036116183401,2017-06-18,38.08
USGS,394036116183401,2017-06-19,38.08
USGS,394036116183401,2017-06-20,38.07
USGS,394036116183401,2017-06-21,38.06
USGS,394036116183401,2017-06-22,38.07
USGS,394036116183401,2017-06-23,38.08
USGS,394036116183401,2017-06-24,38.08
USGS,394036116183401,2017-06-25,38.08
USGS,394036116183401,2017-06-26,38.06
USGS,394036116183401,2017-06-27,38.07
USGS,394036116183401,2017-06-28,38.07
USGS,394036116183401,2017-06-29,38.09
USGS,394036116183401,2017-06-30,38.09
USGS,394036116183401,2017-07-01,38.07
USGS,394036116183401,2017-07-02,38.08
USGS,394036116183401,2017-07-03,38.09
USGS,394036116183401,2017-07-04,38.09
USGS,394036116183401,2017-07-05,38.10
USGS,394036116183401,2017-07-06,38.10
USGS,394036116183401,2017-07-07,38.10
USGS,394036116183401,2017-07-08,38.09
USGS,394036116183401,2017-07-09,38.09
USGS,394036116183401,2017-07-10,38.08
USGS,394036116183401,2017-07-11,38.08
USGS,394036116183401,2017-07-12,38.09
USGS,394036116183401,2017-07-13,38.10
USGS,394036116183401,2017-07-14,38.10
USGS,394036116183401,2017-07-15,38.10
USGS,394036116183401,2017-07-16,38.09
USGS,394036116183401,2017-07-17,38.08
USGS,394036116183401,2017-07-18,38.09
USGS,394036116183401,2017-07-19,38.09
USGS,394036116183401,2017-07-20,38.09
USGS,394036116183401,2017-07-21,38.09
USGS,394036116183401,2017-07-22,38.10
USGS,394036116183401,2017-07-23,38.10
USGS,394036116183401,2017-07-24,38.11
USGS,394036116183401,2017-07-25,38.11
USGS,394036116183401,2017-07-26,38.12
USGS,394036116183401,2017-07-27,38.11
USGS,394036116183401,2017-07-28,38.10
USGS,394036116183401,2017-07-29,38.12
USGS,394036116183401,2017-07-30,38.12
USGS,394036116183401,2017-07-31,38.11
USGS,394036116183401,2017-08-01,38.11
USGS,394036116183401,2017-08-02,38.11
USGS,394036116183401,2017-08-03,38.11
USGS,394036116183401,2017-08-04,38.10
USGS,394036116183401,2017-08-05,38.10
USGS,394036116183401,2017-08-06,38.11
USGS,394036116183401,2017-08-07,38.11
USGS,394036116183401,2017-08-08,38.11
USGS,394036116183401,2017-08-09,38.12
USGS,394036116183401,2017-08-10,38.12
USGS,394036116183401,2017-08-11,38.11
USGS,394036116183401,2017-08-12,38.11
USGS,394036116183401,2017-08-13,38.11
USGS,394036116183401,2017-08-14,38.11
USGS,394036116183401,2017-08-15,38.12
USGS,394036116183401,2017-08-16,38.13
USGS,394036116183401,2017-08-17,38.14
USGS,394036116183401,2017-08-18,38.13
USGS,394036116183401,2017-08-19,38.12
USGS,394036116183401,2017-08-20,38.12
USGS,394036116183401,2017-08-21,38.14
USGS,394036116183401,2017-08-22,38.14
USGS,394036116183401,2017-08-23,38.13
USGS,394036116183401,2017-08-24,38.12
USGS,394036116183401,2017-08-25,38.13
USGS,394036116183401,2017-08-26,38.15
USGS,394036116183401,2017-08-27,38.15
USGS,394036116183401,2017-08-28,38.14
USGS,394036116183401,2017-08-29,38.14
USGS,394036116183401,2017-08-30,38.14
USGS,394036116183401,2017-08-31,38.14
USGS,394036116183401,2017-09-01,38.15
USGS,394036116183401,2017-09-02,38.15
USGS,394036116183401,2017-09-03,38.15
USGS,394036116183401,2017-09-04,38.15
USGS,394036116183401,2017-09-05,38.15
USGS,394036116183401,2017-09-06,
USGS,394036116183401,2017-09-07,38.18
USGS,394036116183401,2017-09-08,38.18
USGS,394036116183401,2017-09-09,38.19
USGS,394036116183401,2017-09-10,38.19
USGS,394036116183401,2017-09-11,38.19
USGS,394036116183401,2017-09-12,38.18
USGS,394036116183401,2017-09-13,38.15
USGS,394036116183401,2017-09-14,38.14
USGS,394036116183401,2017-09-15,38.17
USGS,394036116183401,2017-09-16,38.18
USGS,394036116183401,2017-09-17,38.18
USGS,394036116183401,2017-09-18,38.16
USGS,394036116183401,2017-09-19,38.17
USGS,394036116183401,2017-09-20,38.16
USGS,394036116183401,2017-09-21,38.14
USGS,394036116183401,2017-09-22,38.16
USGS,394036116183401,2017-09-23,38.17
USGS,394036116183401,2017-09-24,38.19
USGS,394036116183401,2017-09-25,38.18
USGS,394036116183401,2017-09-26,38.18
USGS,394036116183401,2017-09-27,38.18
USGS,394036116183401,2017-09-28,38.18
USGS,394036116183401,2017-09-29,38.17
USGS,394036116183401,2017-09-30,38.16
USGS,394036116183401,2017-10-01,38.16
USGS,394036116183401,2017-10-02,38.17
USGS,394036116183401,2017-10-03,38.17
USGS,394036116183401,2017-10-04,38.18
USGS,394036116183401,2017-10-05,38.19
USGS,394036116183401,2017-10-06,38.20
USGS,394036116183401,2017-10-07,38.16
USGS,394036116183401,2017-10-08,38.18
USGS,394036116183401,2017-10-09,38.20
USGS,394036116183401,2017-10-10,38.18
USGS,394036116183401,2017-10-11,38.17
USGS,394036116183401,2017-10-12,38.20
USGS,394036116183401,2017-10-13,38.20
USGS,394036116183401,2017-10-14,38.23
USGS,394036116183401,2017-10-15,38.21
USGS,394036116183401,2017-10-16,38.21
USGS,394036116183401,2017-10-17,38.19
USGS,394036116183401,2017-10-18,38.19
USGS,394036116183401,2017-10-19,38.16
USGS,394036116183401,2017-10-20,38.17
USGS,394036116183401,2017-10-21,38.22
USGS,394036116183401,2017-10-22,38.23
USGS,394036116183401,2017-10-23,38.24
USGS,394036116183401,2017-10-24,38.22
USGS,394036116183401,2017-10-25,38.18
USGS,394036116183401,2017-10-26,38.19
USGS,394036116183401,2017-10-27,38.20
USGS,394036116183401,2017-10-28,38.20
USGS,394036116183401,2017-10-29,38.18
USGS,394036116183401,2017-10-30,38.17
USGS,394036116183401,2017-10-31,38.20
USGS,394036116183401,2017-11-01,38.19
USGS,394036116183401,2017-11-02,38.19
USGS,394036116183401,2017-11-03,38.20
USGS,394036116183401,2017-11-04,38.20
USGS,394036116183401,2017-11-05,38.20
USGS,394036116183401,2017-11-06,38.22
USGS,394036116183401,2017-11-07,38.23
USGS,394036116183401,2017-11-08,38.21
USGS,394036116183401,2017-11-09,38.20
USGS,394036116183401,2017-11-10,38.21
USGS,394036116183401,2017-11-11,38.23
USGS,394036116183401,2017-11-12,38.23
USGS,394036116183401,2017-11-13,38.22
USGS,394036116183401,2017-11-14,38.23
USGS,394036116183401,2017-11-15,38.20
USGS,394036116183401,2017-11-16,38.19
USGS,394036116183401,2017-11-17,38.22
USGS,394036116183401,2017-11-18,38.24
USGS,394036116183401,2017-11-19,38.22
USGS,394036116183401,2017-11-20,38.22
USGS,394036116183401,2017-11-21,38.25
USGS,394036116183401,2017-11-22,38.25
USGS,394036116183401,2017-11-23,38.22
USGS,394036116183401,2017-11-24,38.21
USGS,394036116183401,2017-11-25,38.23
USGS,394036116183401,2017-11-26,38.21
USGS,394036116183401,2017-11-27,38.20
USGS,394036116183401,2017-11-28,38.23
USGS,394036116183401,2017-11-29,38.24
USGS,394036116183401,2017-11-30,38.22
USGS,394036116183401,2017-12-01,38.22
USGS,394036116183401,2017-12-02,38.21
USGS,394036116183401,2017-12-03,38.21
USGS,394036116183401,2017-12-04,38.25
USGS,394036116183401,2017-12-05,38.26
USGS,394036116183401,2017-12-06,38.26
USGS,394036116183401,2017-12-07,38.27
USGS,394036116183401,2017-12-08,38.26
USGS,394036116183401,2017-12-09,38.25
USGS,394036116183401,2017-12-10,38.25
USGS,394036116183401,2017-12-11,38.25
USGS,394036116183401,2017-12-12,38.24
USGS,394036116183401,2017-12-13,38.22
USGS,394036116183401,2017-12-14,38.24
USGS,394036116183401,2017-12-15,38.22
USGS,394036116183401,2017-12-16,38.21
USGS,394036116183401,2017-12-17,38.24
USGS,394036116183401,2017-12-18,38.25
USGS,394036116183401,2017-12-19,38.23
USGS,394036116183401,2017-12-20,38.22
USGS,394036116183401,2017-12-21,38.26
USGS,394036116183401,2017-12-22,38.26
USGS,394036116183401,2017-12-23,38.26
USGS,394036116183401,2017-12-24,38.26
USGS,394036116183401,2017-12-25,38.25
USGS,394036116183401,2017-12-26,38.27
USGS,394036116183401,2017-12-27,38.27
USGS,394036116183401,2017-12-28,38.27
USGS,394036116183401,2017-12-29,38.26
USGS,394036116183401,2017-12-30,38.25
USGS,394036116183401,2017-12-31,38.26
USGS,394036116183401,2018-01-01,38.28
USGS,394036116183401,2018-01-02,38.28
USGS,394036116183401,2018-01-03,38.26
USGS,394036116183401,2018-01-04,38.26
USGS,394036116183401,2018-01-05,38.27
USGS,394036116183401,2018-01-06,38.25
USGS,394036116183401,2018-01-07,38.27
USGS,394036116183401,2018-01-08,38.24
USGS,394036116183401,2018-01-09,38.21
USGS,394036116183401,2018-01-10,38.25
USGS,394036116183401,2018-01-11,38.29
USGS,394036116183401,2018-01-12,38.30
USGS,394036116183401,2018-01-13,38.30
USGS,394036116183401,2018-01-14,38.28
USGS,394036116183401,2018-01-15,38.27
USGS,394036116183401,2018-01-16,38.28
USGS,394036116183401,2018-01-17,38.29
USGS,394036116183401,2018-01-18,38.25
USGS,394036116183401,2018-01-19,38.24
USGS,394036116183401,2018-01-20,38.26
USGS,394036116183401,2018-01-21,38.29
USGS,394036116183401,2018-01-22,38.29
USGS,394036116183401,2018-01-23,38.29
USGS,394036116183401,2018-01-24,38.26
USGS,394036116183401,2018-01-25,38.25
USGS,394036116183401,2018-01-26,38.30
USGS,394036116183401,2018-01-27,38.31
USGS,394036116183401,2018-01-28,38.32
USGS,394036116183401,2018-01-29,38.29
USGS,394036116183401,2018-01-30,38.26
USGS,394036116183401,2018-01-31,38.27
USGS,394036116183401,2018-02-01,38.28
USGS,394036116183401,2018-02-02,38.29
USGS,394036116183401,2018-02-03,38.29
USGS,394036116183401,2018-02-04,38.28
USGS,394036116183401,2018-02-05,38.26
USGS,394036116183401,2018-02-06,38.29
USGS,394036116183401,2018-02-07,38.31
USGS,394036116183401,2018-02-08,38.28
USGS,394036116183401,2018-02-09,38.25
USGS,394036116183401,2018-02-10,38.26
USGS,394036116183401,2018-02-11,38.23
USGS,394036116183401,2018-02-12,38.24
USGS,394036116183401,2018-02-13,38.29
USGS,394036116183401,2018-02-14,38.27
USGS,394036116183401,2018-02-15,38.30
USGS,394036116183401,2018-02-16,38.29
USGS,394036116183401,2018-02-17,38.27
USGS,394036116183401,2018-02-18,38.21
USGS,394036116183401,2018-02-19,38.24
USGS,394036116183401,2018-02-20,38.29
USGS,394036116183401,2018-02-21,38.28
USGS,394036116183401,2018-02-22,38.27
USGS,394036116183401,2018-02-23,38.30
USGS,394036116183401,2018-02-24,38.28
USGS,394036116183401,2018-02-25,38.29
USGS,394036116183401,2018-02-26,38.24
USGS,394036116183401,2018-02-27,38.26
USGS,394036116183401,2018-02-28,38.28
USGS,394036116183401,2018-03-01,38.26
USGS,394036116183401,2018-03-02,38.24
USGS,394036116183401,2018-03-03,38.24
USGS,394036116183401,2018-03-04,38.30
USGS,394036116183401,2018-03-05,38.33
USGS,394036116183401,2018-03-06,38.32
USGS,394036116183401,2018-03-07,38.30
USGS,394036116183401,2018-03-08,38.29
USGS,394036116183401,2018-03-09,38.29
USGS,394036116183401,2018-03-10,38.29
USGS,394036116183401,2018-03-11,38.32
USGS,394036116183401,2018-03-12,38.31
USGS,394036116183401,2018-03-13,38.29
USGS,394036116183401,2018-03-14,38.27
USGS,394036116183401,2018-03-15,38.29
USGS,394036116183401,2018-03-16,38.29
USGS,394036116183401,2018-03-17,38.32
USGS,394036116183401,2018-03-18,38.33
USGS,394036116183401,2018-03-19,38.33
USGS,394036116183401,2018-03-20,38.31
USGS,394036116183401,2018-03-21,38.30
USGS,394036116183401,2018-03-22,38.28
USGS,394036116183401,2018-03-23,38.30
USGS,394036116183401,2018-03-24,38.29
USGS,394036116183401,2018-03-25,38.31
USGS,394036116183401,2018-03-26,38.34
USGS,394036116183401,2018-03-27,38.34
USGS,394036116183401,2018-03-28,38.33
USGS,394036116183401,2018-03-29,38.34
USGS,394036116183401,2018-03-30,38.34
USGS,394036116183401,2018-03-31,38.33
USGS,394036116183401,2018-04-01,38.31
USGS,394036116183401,2018-04-02,38.31
USGS,394036116183401,2018-04-03,38.34
USGS,394036116183401,2018-04-04,38.34
USGS,394036116183401,2018-04-05,38.33
USGS,394036116183401,2018-04-06,38.33
USGS,394036116183401,2018-04-07,38.30
USGS,394036116183401,2018-04-08,38.34
USGS,394036116183401,2018-04-09,38.35
USGS,394036116183401,2018-04-10,38.32
USGS,394036116183401,2018-04-11,38.29
USGS,394036116183401,2018-04-12,38.32
USGS,394036116183401,2018-04-13,38.37
USGS,394036116183401,2018-04-14,38.34
USGS,394036116183401,2018-04-15,38.29
USGS,394036116183401,2018-04-16,38.29
USGS,394036116183401,2018-04-17,38.35
USGS,394036116183401,2018-04-18,38.32
USGS,394036116183401,2018-04-19,38.33
USGS,394036116183401,2018-04-20,38.36
USGS,394036116183401,2018-04-21,38.36
USGS,394036116183401,2018-04-22,38.33
USGS,394036116183401,2018-04-23,38.35
USGS,394036116183401,2018-04-24,38.36
USGS,394036116183401,2018-04-25,38.35
USGS,394036116183401,2018-04-26,38.34
USGS,394036116183401,2018-04-27,38.32
USGS,394036116183401,2018-04-28,38.32
USGS,394036116183401,2018-04-29,38.34
USGS,394036116183401,2018-04-30,38.34
USGS,394036116183401,2018-05-01,38.33
USGS,394036116183401,2018-05-02,38.35
USGS,394036116183401,2018-05-03,38.38
USGS,394036116183401,2018-05-04,38.38
USGS,394036116183401,2018-05-05,38.35
USGS,394036116183401,2018-05-06,38.35
USGS,394036116183401,2018-05-07,38.36
USGS,394036116183401,2018-05-08,38.36
USGS,394036116183401,2018-05-09,38.34
USGS,394036116183401,2018-05-10,38.33
USGS,394036116183401,2018-05-11,38.33
USGS,394036116183401,2018-05-12,38.35
USGS,394036116183401,2018-05-13,38.36
USGS,394036116183401,2018-05-14,38.36
USGS,394036116183401,2018-05-15,38.36
USGS,394036116183401,2018-05-16,38.34
USGS,394036116183401,2018-05-17,38.35
USGS,394036116183401,2018-05-18,38.36
USGS,394036116183401,2018-05-19,38.36
USGS,394036116183401,2018-05-20,38.35
USGS,394036116183401,2018-05-21,38.35
USGS,394036116183401,2018-05-22,38.36
USGS,394036116183401,2018-05-23,38.36
USGS,394036116183401,2018-05-24,38.36
USGS,394036116183401,2018-05-25,38.35
USGS,394036116183401,2018-05-26,38.36
USGS,394036116183401,2018-05-27,38.37
USGS,394036116183401,2018-05-28,38.37
USGS,394036116183401,2018-05-29,38.35
USGS,394036116183401,2018-05-30,38.33
USGS,394036116183401,2018-05-31,38.34
USGS,394036116183401,2018-06-01,38.38
USGS,394036116183401,2018-06-02,38.38
USGS,394036116183401,2018-06-03,38.36
USGS,394036116183401,2018-06-04,38.35
USGS,394036116183401,2018-06-05,38.35
USGS,394036116183401,2018-06-06,38.34
USGS,394036116183401,2018-06-07,38.36
USGS,394036116183401,2018-06-08,38.37
USGS,394036116183401,2018-06-09,38.35
USGS,394036116183401,2018-06-10,38.37
USGS,394036116183401,2018-06-11,38.37
USGS,394036116183401,2018-06-12,38.37
USGS,394036116183401,2018-06-13,38.36
USGS,394036116183401,2018-06-14,38.35
USGS,394036116183401,2018-06-15,38.34
USGS,394036116183401,2018-06-16,38.34
USGS,394036116183401,2018-06-17,38.36
USGS,394036116183401,2018-06-18,38.38
USGS,394036116183401,2018-06-19,38.38
USGS,394036116183401,2018-06-20,38.37
USGS,394036116183401,2018-06-21,38.37
USGS,394036116183401,2018-06-22,38.37
USGS,394036116183401,2018-06-23,38.36
USGS,394036116183401,2018-06-24,38.37
USGS,394036116183401,2018-06-25,38.36
USGS,394036116183401,2018-06-26,38.37
USGS,394036116183401,2018-06-27,38.35
USGS,394036116183401,2018-06-28,38.35
USGS,394036116183401,2018-06-29,38.37
USGS,394036116183401,2018-06-30,38.38
USGS,394036116183401,2018-07-01,38.37
USGS,394036116183401,2018-07-02,38.35
USGS,394036116183401,2018-07-03,38.35
USGS,394036116183401,2018-07-04,38.37
USGS,394036116183401,2018-07-05,38.38
USGS,394036116183401,2018-07-06,38.38
USGS,394036116183401,2018-07-07,38.36
USGS,394036116183401,2018-07-08,38.36
USGS,394036116183401,2018-07-09,38.36
USGS,394036116183401,2018-07-10,38.36
USGS,394036116183401,2018-07-11,38.35
USGS,394036116183401,2018-07-12,38.36
USGS,394036116183401,2018-07-13,38.37
USGS,394036116183401,2018-07-14,38.36
USGS,394036116183401,2018-07-15,38.36
USGS,394036116183401,2018-07-16,38.36
USGS,394036116183401,2018-07-17,38.36
USGS,394036116183401,2018-07-18,38.36
USGS,394036116183401,2018-07-19,38.36
USGS,394036116183401,2018-07-20,38.35
USGS,394036116183401,2018-07-21,38.34
USGS,394036116183401,2018-07-22,38.35
USGS,394036116183401,2018-07-23,38.35
USGS,394036116183401,2018-07-24,38.33
USGS,394036116183401,2018-07-25,38.36
USGS,394036116183401,2018-07-26,38.35
USGS,394036116183401,2018-07-27,38.35
USGS,394036116183401,2018-07-28,38.35
USGS,394036116183401,2018-07-29,38.36
USGS,394036116183401,2018-07-30,38.36
USGS,394036116183401,2018-07-31,38.36
USGS,394036116183401,2018-08-01,38.36
USGS,394036116183401,2018-08-02,38.35
USGS,394036116183401,2018-08-03,38.35
USGS,394036116183401,2018-08-04,38.35
USGS,394036116183401,2018-08-05,38.36
USGS,394036116183401,2018-08-06,38.36
USGS,394036116183401,2018-08-07,38.35
USGS,394036116183401,2018-08-08,38.35
USGS,394036116183401,2018-08-09,38.35
USGS,394036116183401,2018-08-10,38.35
USGS,394036116183401,2018-08-11,38.35
USGS,394036116183401,2018-08-12,38.35
USGS,394036116183401,2018-08-13,38.35
USGS,394036116183401,2018-08-14,38.35
USGS,394036116183401,2018-08-15,38.36
USGS,394036116183401,2018-08-16,38.36
USGS,394036116183401,2018-08-17,38.36
USGS,394036116183401,2018-08-18,38.36
USGS,394036116183401,2018-08-19,38.35
USGS,394036116183401,2018-08-20,38.34
USGS,394036116183401,2018-08-21,38.35
USGS,394036116183401,2018-08-22,38.36
USGS,394036116183401,2018-08-23,38.36
USGS,394036116183401,2018-08-24,38.35
USGS,394036116183401,2018-08-25,38.36
USGS,394036116183401,2018-08-26,38.35
USGS,394036116183401,2018-08-27,38.36
USGS,394036116183401,2018-08-28,38.37
USGS,394036116183401,2018-08-29,38.36
USGS,394036116183401,2018-08-30,38.37
USGS,394036116183401,2018-08-31,38.37
USGS,394036116183401,2018-09-01,38.37
USGS,394036116183401,2018-09-02,38.37
USGS,394036116183401,2018-09-03,38.37
USGS,394036116183401,2018-09-04,38.37
USGS,394036116183401,2018-09-05,38.38
USGS,394036116183401,2018-09-06,38.38
USGS,394036116183401,2018-09-07,38.38
USGS,394036116183401,2018-09-08,38.37
USGS,394036116183401,2018-09-09,38.37
USGS,394036116183401,2018-09-10,38.36
USGS,394036116183401,2018-09-11,38.36
USGS,394036116183401,2018-09-12,38.36
USGS,394036116183401,2018-09-13,38.37
USGS,394036116183401,2018-09-14,38.38
USGS,394036116183401,2018-09-15,38.37
USGS,394036116183401,2018-09-16,38.39
USGS,394036116183401,2018-09-17,38.38
USGS,394036116183401,2018-09-18,38.38
USGS,394036116183401,2018-09-19,38.38
USGS,394036116183401,2018-09-20,38.40
USGS,394036116183401,2018-09-21,38.40
USGS,394036116183401,2018-09-22,38.39
USGS,394036116183401,2018-09-23,38.39
USGS,394036116183401,2018-09-24,
USGS,394036116183401,2018-09-25,38.44
USGS,394036116183401,2018-09-26,38.44
USGS,394036116183401,2018-09-27,38.43
USGS,394036116183401,2018-09-28,38.41
USGS,394036116183401,2018-09-29,38.40
USGS,394036116183401,2018-09-30,38.43
USGS,394036116183401,2018-10-01,38.43
USGS,394036116183401,2018-10-02,38.40
USGS,394036116183401,2018-10-03,38.35
USGS,394036116183401,2018-10-04,38.35
USGS,394036116183401,2018-10-05,38.41
USGS,394036116183401,2018-10-06,38.40
USGS,394036116183401,2018-10-07,38.43
USGS,394036116183401,2018-10-08,38.46
USGS,394036116183401,2018-10-09,38.42
USGS,394036116183401,2018-10-10,38.42
USGS,394036116183401,2018-10-11,38.47
USGS,394036116183401,2018-10-12,38.49
USGS,394036116183401,2018-10-13,38.47
USGS,394036116183401,2018-10-14,38.49
USGS,394036116183401,2018-10-15,38.50
USGS,394036116183401,2018-10-16,38.48
USGS,394036116183401,2018-10-17,38.47
USGS,394036116183401,2018-10-18,38.48
USGS,394036116183401,2018-10-19,38.49
USGS,394036116183401,2018-10-20,38.48
USGS,394036116183401,2018-10-21,38.46
USGS,394036116183401,2018-10-22,38.44
USGS,394036116183401,2018-10-23,38.47
USGS,394036116183401,2018-10-24,38.48
USGS,394036116183401,2018-10-25,38.49
USGS,394036116183401,2018-10-26,38.49
USGS,394036116183401,2018-10-27,38.47
USGS,394036116183401,2018-10-28,38.47
USGS,394036116183401,2018-10-29,38.47
USGS,394036116183401,2018-10-30,38.49
USGS,394036116183401,2018-10-31,38.49
USGS,394036116183401,2018-11-01,38.50
USGS,394036116183401,2018-11-02,38.48
USGS,394036116183401,2018-11-03,38.48
USGS,394036116183401,2018-11-04,38.46
USGS,394036116183401,2018-11-05,38.47
USGS,394036116183401,2018-11-06,38.47
USGS,394036116183401,2018-11-07,38.46
USGS,394036116183401,2018-11-08,38.49
USGS,394036116183401,2018-11-09,38.47
USGS,394036116183401,2018-11-10,38.45
USGS,394036116183401,2018-11-11,38.48
USGS,394036116183401,2018-11-12,38.50
USGS,394036116183401,2018-11-13,38.49
USGS,394036116183401,2018-11-14,38.48
USGS,394036116183401,2018-11-15,38.47
USGS,394036116183401,2018-11-16,38.46
USGS,394036116183401,2018-11-17,38.47
USGS,394036116183401,2018-11-18,38.49
USGS,394036116183401,2018-11-19,38.49
USGS,394036116183401,2018-11-20,38.48
USGS,394036116183401,2018-11-21,38.48
USGS,394036116183401,2018-11-22,
USGS,394036116183401,2018-11-23,
USGS,394036116183401,2018-11-24,
USGS,394036116183401,2018-11-25,
USGS,394036116183401,2018-11-26,
USGS,394036116183401,2018-11-27,
USGS,394036116183401,2018-11-28,
USGS,394036116183401,2018-11-29,
USGS,394036116183401,2018-11-30,
USGS,394036116183401,2018-12-01,
USGS,394036116183401,2018-12-02,
USGS,394036116183401,2018-12-03,
USGS,394036116183401,2018-12-04,
USGS,394036116183401,2018-12-05,
USGS,394036116183401,2018-12-06,
USGS,394036116183401,2018-12-07,
USGS,394036116183401,2018-12-08,
USGS,394036116183401,2018-12-09,
USGS,394036116183401,2018-12-10,
USGS,394036116183401,2018-12-11,
USGS,394036116183401,2018-12-12,
USGS,394036116183401,2018-12-13,
USGS,394036116183401,2018-12-14,
USGS,394036116183401,2018-12-15,38.53
USGS,394036116183401,2018-12-16,38.52
USGS,394036116183401,2018-12-17,38.52
USGS,394036116183401,2018-12-18,38.52
USGS,394036116183401,2018-12-19,38.53
USGS,394036116183401,2018-12-20,38.50
USGS,394036116183401,2018-12-21,38.49
USGS,394036116183401,2018-12-22,38.52
USGS,394036116183401,2018-12-23,38.51
USGS,394036116183401,2018-12-24,38.48
USGS,394036116183401,2018-12-25,38.47
USGS,394036116183401,2018-12-26,38.50
USGS,394036116183401,2018-12-27,38.48
USGS,394036116183401,2018-12-28,38.51
USGS,394036116183401,2018-12-29,38.51
USGS,394036116183401,2018-12-30,38.46
USGS,394036116183401,2018-12-31,38.47
USGS,394036116183401,2019-01-01,38.50
USGS,394036116183401,2019-01-02,38.50
USGS,394036116183401,2019-01-03,38.49
USGS,394036116183401,2019-01-04,38.47
USGS,394036116183401,2019-01-05,38.45
USGS,394036116183401,2019-01-06,38.46
USGS,394036116183401,2019-01-07,38.49
USGS,394036116183401,2019-01-08,38.49
USGS,394036116183401,2019-01-09,38.48
USGS,394036116183401,2019-01-10,38.49
USGS,394036116183401,2019-01-11,38.49
USGS,394036116183401,2019-01-12,38.49
USGS,394036116183401,2019-01-13,38.49
USGS,394036116183401,2019-01-14,38.48
USGS,394036116183401,2019-01-15,38.47
USGS,394036116183401,2019-01-16,38.49
USGS,394036116183401,2019-01-17,38.47
USGS,394036116183401,2019-01-18,38.51
USGS,394036116183401,2019-01-19,38.50
USGS,394036116183401,2019-01-20,38.45
USGS,394036116183401,2019-01-21,38.45
USGS,394036116183401,2019-01-22,38.51
USGS,394036116183401,2019-01-23,38.50
USGS,394036116183401,2019-01-24,38.50
USGS,394036116183401,2019-01-25,38.50
USGS,394036116183401,2019-01-26,38.51
USGS,394036116183401,2019-01-27,38.48
USGS,394036116183401,2019-01-28,38.48
USGS,394036116183401,2019-01-29,38.46
USGS,394036116183401,2019-01-30,38.47
USGS,394036116183401,2019-01-31,38.47
USGS,394036116183401,2019-02-01,38.46
USGS,394036116183401,2019-02-02,38.43
USGS,394036116183401,2019-02-03,38.43
USGS,394036116183401,2019-02-04,38.42
USGS,394036116183401,2019-02-05,38.44
USGS,394036116183401,2019-02-06,38.49
USGS,394036116183401,2019-02-07,38.51
USGS,394036116183401,2019-02-08,38.47
USGS,394036116183401,2019-02-09,38.45
USGS,394036116183401,2019-02-10,38.45
USGS,394036116183401,2019-02-11,38.50
USGS,394036116183401,2019-02-12,38.49
USGS,394036116183401,2019-02-13,38.45
USGS,394036116183401,2019-02-14,38.43
USGS,394036116183401,2019-02-15,38.47
USGS,394036116183401,2019-02-16,38.47
USGS,394036116183401,2019-02-17,38.47
USGS,394036116183401,2019-02-18,38.50
USGS,394036116183401,2019-02-19,38.49
USGS,394036116183401,2019-02-20,38.44
USGS,394036116183401,2019-02-21,38.46
USGS,394036116183401,2019-02-22,38.51
USGS,394036116183401,2019-02-23,38.52
USGS,394036116183401,2019-02-24,38.49
USGS,394036116183401,2019-02-25,38.47
USGS,394036116183401,2019-02-26,38.48
USGS,394036116183401,2019-02-27,38.49
USGS,394036116183401,2019-02-28,38.49
USGS,394036116183401,2019-03-01,38.49
USGS,394036116183401,2019-03-02,38.48
USGS,394036116183401,2019-03-03,38.48
USGS,394036116183401,2019-03-04,38.49
USGS,394036116183401,2019-03-05,38.48
USGS,394036116183401,2019-03-06,38.46
USGS,394036116183401,2019-03-07,38.48
USGS,394036116183401,2019-03-08,38.46
USGS,394036116183401,2019-03-09,38.48
USGS,394036116183401,2019-03-10,38.48
USGS,394036116183401,2019-03-11,38.49
USGS,394036116183401,2019-03-12,38.45
USGS,394036116183401,2019-03-13,38.50
USGS,394036116183401,2019-03-14,38.52
USGS,394036116183401,2019-03-15,38.50
USGS,394036116183401,2019-03-16,38.50
USGS,394036116183401,2019-03-17,38.49
USGS,394036116183401,2019-03-18,38.49
USGS,394036116183401,2019-03-19,38.48
USGS,394036116183401,2019-03-20,38.47
USGS,394036116183401,2019-03-21,38.47
USGS,394036116183401,2019-03-22,38.48
USGS,394036116183401,2019-03-23,38.48
USGS,394036116183401,2019-03-24,38.50
USGS,394036116183401,2019-03-25,38.49
USGS,394036116183401,2019-03-26,38.47
USGS,394036116183401,2019-03-27,38.47
USGS,394036116183401,2019-03-28,38.49
USGS,394036116183401,2019-03-29,38.51
USGS,394036116183401,2019-03-30,38.50
USGS,394036116183401,2019-03-31,38.50
USGS,394036116183401,2019-04-01,38.48
USGS,394036116183401,2019-04-02,38.45
USGS,394036116183401,2019-04-03,38.48
USGS,394036116183401,2019-04-04,38.48
USGS,394036116183401,2019-04-05,38.48
USGS,394036116183401,2019-04-06,38.50
USGS,394036116183401,2019-04-07,38.51
USGS,394036116183401,2019-04-08,38.49
USGS,394036116183401,2019-04-09,38.47
USGS,394036116183401,2019-04-10,38.49
USGS,394036116183401,2019-04-11,38.47
USGS,394036116183401,2019-04-12,38.48
USGS,394036116183401,2019-04-13,38.49
USGS,394036116183401,2019-04-14,38.47
USGS,394036116183401,2019-04-15,38.46
USGS,394036116183401,2019-04-16,38.50
USGS,394036116183401,2019-04-17,38.52
USGS,394036116183401,2019-04-18,38.51
USGS,394036116183401,2019-04-19,38.48
USGS,394036116183401,2019-04-20,38.45
USGS,394036116183401,2019-04-21,38.48
USGS,394036116183401,2019-04-22,38.51
USGS,394036116183401,2019-04-23,38.50
USGS,394036116183401,2019-04-24,38.50
USGS,394036116183401,2019-04-25,38.50
USGS,394036116183401,2019-04-26,38.49
USGS,394036116183401,2019-04-27,38.49
USGS,394036116183401,2019-04-28,38.49
USGS,394036116183401,2019-04-29,38.48
USGS,394036116183401,2019-04-30,38.50
USGS,394036116183401,2019-05-01,38.52
USGS,394036116183401,2019-05-02,38.52
USGS,394036116183401,2019-05-03,38.51
USGS,394036116183401,2019-05-04,38.50
USGS,394036116183401,2019-05-05,38.50
USGS,394036116183401,2019-05-06,38.51
USGS,394036116183401,2019-05-07,38.52
USGS,394036116183401,2019-05-08,38.53
USGS,394036116183401,2019-05-09,38.51
USGS,394036116183401,2019-05-10,38.53
USGS,394036116183401,2019-05-11,38.53
USGS,394036116183401,2019-05-12,38.53
USGS,394036116183401,2019-05-13,38.54
USGS,394036116183401,2019-05-14,38.53
USGS,394036116183401,2019-05-15,38.51
USGS,394036116183401,2019-05-16,38.50
USGS,394036116183401,2019-05-17,38.53
USGS,394036116183401,2019-05-18,38.53
USGS,394036116183401,2019-05-19,38.50
USGS,394036116183401,2019-05-20,38.53
USGS,394036116183401,2019-05-21,38.53
USGS,394036116183401,2019-05-22,38.53
USGS,394036116183401,2019-05-23,38.55
USGS,394036116183401,2019-05-24,38.55
USGS,394036116183401,2019-05-25,38.53
USGS,394036116183401,2019-05-26,38.52
USGS,394036116183401,2019-05-27,38.55
USGS,394036116183401,2019-05-28,38.56
USGS,394036116183401,2019-05-29,38.57
USGS,394036116183401,2019-05-30,38.57
USGS,394036116183401,2019-05-31,38.58
USGS,394036116183401,2019-06-01,38.57
USGS,394036116183401,2019-06-02,38.58
USGS,394036116183401,2019-06-03,38.59
USGS,394036116183401,2019-06-04,38.60
USGS,394036116183401,2019-06-05,38.59
USGS,394036116183401,2019-06-06,38.58
USGS,394036116183401,2019-06-07,38.59
USGS,394036116183401,2019-06-08,38.63
USGS,394036116183401,2019-06-09,38.63
USGS,394036116183401,2019-06-10,38.62
USGS,394036116183401,2019-06-11,38.62
USGS,394036116183401,2019-06-12,38.60
USGS,394036116183401,2019-06-13,38.59
USGS,394036116183401,2019-06-14,38.60
USGS,394036116183401,2019-06-15,38.61
USGS,394036116183401,2019-06-16,38.61
USGS,394036116183401,2019-06-17,38.62
USGS,394036116183401,2019-06-18,38.63
USGS,394036116183401,2019-06-19,38.62
USGS,394036116183401,2019-06-20,38.61
USGS,394036116183401,2019-06-21,38.63
USGS,394036116183401,2019-06-22,38.65
USGS,394036116183401,2019-06-23,38.64
USGS,394036116183401,2019-06-24,38.63
USGS,394036116183401,2019-06-25,38.63
USGS,394036116183401,2019-06-26,38.63
USGS,394036116183401,2019-06-27,38.65
USGS,394036116183401,2019-06-28,38.65
USGS,394036116183401,2019-06-29,38.66
USGS,394036116183401,2019-06-30,38.65
USGS,394036116183401,2019-07-01,38.65
USGS,394036116183401,2019-07-02,38.64
USGS,394036116183401,2019-07-03,38.64
USGS,394036116183401,2019-07-04,38.66
USGS,394036116183401,2019-07-05,38.67
USGS,394036116183401,2019-07-06,38.66
USGS,394036116183401,2019-07-07,38.65
USGS,394036116183401,2019-07-08,38.65
USGS,394036116183401,2019-07-09,38.67
USGS,394036116183401,2019-07-10,38.67
USGS,394036116183401,2019-07-11,38.66
USGS,394036116183401,2019-07-12,38.65
USGS,394036116183401,2019-07-13,38.66
USGS,394036116183401,2019-07-14,38.66
USGS,394036116183401,2019-07-15,38.66
USGS,394036116183401,2019-07-16,38.65
USGS,394036116183401,2019-07-17,38.67
USGS,394036116183401,2019-07-18,38.67
USGS,394036116183401,2019-07-19,38.67
USGS,394036116183401,2019-07-20,38.68
USGS,394036116183401,2019-07-21,38.68
USGS,394036116183401,2019-07-22,38.69
USGS,394036116183401,2019-07-23,38.69
USGS,394036116183401,2019-07-24,38.68
USGS,394036116183401,2019-07-25,38.68
USGS,394036116183401,2019-07-26,38.69
USGS,394036116183401,2019-07-27,38.69
USGS,394036116183401,2019-07-28,38.68
USGS,394036116183401,2019-07-29,38.67
USGS,394036116183401,2019-07-30,38.67
USGS,394036116183401,2019-07-31,38.68
USGS,394036116183401,2019-08-01,38.69
USGS,394036116183401,2019-08-02,38.69
USGS,394036116183401,2019-08-03,38.68
USGS,394036116183401,2019-08-04,38.68
USGS,394036116183401,2019-08-05,38.68
USGS,394036116183401,2019-08-06,38.68
USGS,394036116183401,2019-08-07,38.68
USGS,394036116183401,2019-08-08,38.68
USGS,394036116183401,2019-08-09,38.67
USGS,394036116183401,2019-08-10,38.67
USGS,394036116183401,2019-08-11,38.69
USGS,394036116183401,2019-08-12,38.69
USGS,394036116183401,2019-08-13,38.69
USGS,394036116183401,2019-08-14,38.69
USGS,394036116183401,2019-08-15,38.68
USGS,394036116183401,2019-08-16,38.67
USGS,394036116183401,2019-08-17,38.66
USGS,394036116183401,2019-08-18,38.67
USGS,394036116183401,2019-08-19,38.68
USGS,394036116183401,2019-08-20,38.68
USGS,394036116183401,2019-08-21,38.67
USGS,394036116183401,2019-08-22,38.66
USGS,394036116183401,2019-08-23,38.67
USGS,394036116183401,2019-08-24,38.68
USGS,394036116183401,2019-08-25,38.68
USGS,394036116183401,2019-08-26,38.68
USGS,394036116183401,2019-08-27,38.67
USGS,394036116183401,2019-08-28,38.67
USGS,394036116183401,2019-08-29,38.67
USGS,394036116183401,2019-08-30,38.67
USGS,394036116183401,2019-08-31,38.67
USGS,394036116183401,2019-09-01,38.67
USGS,394036116183401,2019-09-02,38.67
USGS,394036116183401,2019-09-03,38.67
USGS,394036116183401,2019-09-04,38.67
USGS,394036116183401,2019-09-05,38.67
USGS,394036116183401,2019-09-06,38.66
USGS,394036116183401,2019-09-07,38.64
USGS,394036116183401,2019-09-08,38.64
USGS,394036116183401,2019-09-09,38.64
USGS,394036116183401,2019-09-10,
USGS,394036116183401,2019-09-11,38.64
USGS,394036116183401,2019-09-12,38.64
USGS,394036116183401,2019-09-13,38.62
USGS,394036116183401,2019-09-14,38.61
USGS,394036116183401,2019-09-15,38.59
USGS,394036116183401,2019-09-16,38.59
USGS,394036116183401,2019-09-17,38.61
USGS,394036116183401,2019-09-18,38.59
USGS,394036116183401,2019-09-19,38.60
USGS,394036116183401,2019-09-20,38.62
USGS,394036116183401,2019-09-21,38.62
USGS,394036116183401,2019-09-22,38.61
USGS,394036116183401,2019-09-23,38.62
USGS,394036116183401,2019-09-24,38.63
USGS,394036116183401,2019-09-25,38.61
USGS,394036116183401,2019-09-26,38.60
USGS,394036116183401,2019-09-27,38.58
USGS,394036116183401,2019-09-28,38.55
USGS,394036116183401,2019-09-29,38.59
USGS,394036116183401,2019-09-30,38.60
USGS,394036116183401,2019-10-01,38.61
USGS,394036116183401,2019-10-02,38.63
USGS,394036116183401,2019-10-03,38.63
USGS,394036116183401,2019-10-04,38.65
USGS,394036116183401,2019-10-05,38.65
USGS,394036116183401,2019-10-06,38.65
USGS,394036116183401,2019-10-07,38.63
USGS,394036116183401,2019-10-08,38.60
USGS,394036116183401,2019-10-09,38.62
USGS,394036116183401,2019-10-10,38.65
USGS,394036116183401,2019-10-11,38.64
USGS,394036116183401,2019-10-12,38.62
USGS,394036116183401,2019-10-13,38.61
USGS,394036116183401,2019-10-14,38.63
USGS,394036116183401,2019-10-15,38.65
USGS,394036116183401,2019-10-16,38.62
USGS,394036116183401,2019-10-17,38.60
USGS,394036116183401,2019-10-18,38.63
USGS,394036116183401,2019-10-19,38.62
USGS,394036116183401,2019-10-20,38.64
USGS,394036116183401,2019-10-21,38.65
USGS,394036116183401,2019-10-22,38.65
USGS,394036116183401,2019-10-23,38.64
USGS,394036116183401,2019-10-24,38.65
USGS,394036116183401,2019-10-25,38.63
USGS,394036116183401,2019-10-26,38.58
USGS,394036116183401,2019-10-27,38.61
USGS,394036116183401,2019-10-28,38.60
USGS,394036116183401,2019-10-29,38.62
USGS,394036116183401,2019-10-30,38.65
USGS,394036116183401,2019-10-31,38.63
USGS,394036116183401,2019-11-01,38.64
USGS,394036116183401,2019-11-02,38.63
USGS,394036116183401,2019-11-03,38.61
USGS,394036116183401,2019-11-04,38.62
USGS,394036116183401,2019-11-05,38.63
USGS,394036116183401,2019-11-06,38.62
USGS,394036116183401,2019-11-07,38.64
USGS,394036116183401,2019-11-08,38.64
USGS,394036116183401,2019-11-09,38.62
USGS,394036116183401,2019-11-10,38.61
USGS,394036116183401,2019-11-11,38.63
USGS,394036116183401,2019-11-12,38.62
USGS,394036116183401,2019-11-13,38.61
USGS,394036116183401,2019-11-14,38.61
USGS,394036116183401,2019-11-15,38.62
USGS,394036116183401,2019-11-16,38.63
USGS,394036116183401,2019-11-17,38.63
USGS,394036116183401,2019-11-18,38.60
USGS,394036116183401,2019-11-19,38.56
USGS,394036116183401,2019-11-20,38.56
USGS,394036116183401,2019-11-21,38.60
USGS,394036116183401,2019-11-22,38.63
USGS,394036116183401,2019-11-23,38.63
USGS,394036116183401,2019-11-24,38.61
USGS,394036116183401,2019-11-25,38.57
USGS,394036116183401,2019-11-26,38.56
USGS,394036116183401,2019-11-27,38.53
USGS,394036116183401,2019-11-28,38.56
USGS,394036116183401,2019-11-29,38.57
USGS,394036116183401,2019-11-30,38.63
USGS,394036116183401,2019-12-01,38.62
USGS,394036116183401,2019-12-02,38.63
USGS,394036116183401,2019-12-03,38.62
USGS,394036116183401,2019-12-04,38.58
USGS,394036116183401,2019-12-05,38.61
USGS,394036116183401,2019-12-06,38.61
USGS,394036116183401,2019-12-07,38.59
USGS,394036116183401,2019-12-08,38.59
USGS,394036116183401,2019-12-09,38.62
USGS,394036116183401,2019-12-10,38.62
USGS,394036116183401,2019-12-11,38.61
USGS,394036116183401,2019-12-12,38.62
USGS,394036116183401,2019-12-13,38.59
USGS,394036116183401,2019-12-14,38.58
USGS,394036116183401,2019-12-15,38.60
USGS,394036116183401,2019-12-16,38.64
USGS,394036116183401,2019-12-17,38.62
USGS,394036116183401,2019-12-18,38.59
USGS,394036116183401,2019-12-19,38.61
USGS,394036116183401,2019-12-20,38.63
USGS,394036116183401,2019-12-21,38.60
USGS,394036116183401,2019-12-22,38.58
USGS,394036116183401,2019-12-23,38.58
USGS,394036116183401,2019-12-24,38.57
USGS,394036116183401,2019-12-25,38.58
USGS,394036116183401,2019-12-26,38.60
USGS,394036116183401,2019-12-27,38.60
USGS,394036116183401,2019-12-28,38.62
USGS,394036116183401,2019-12-29,38.61
USGS,394036116183401,2019-12-30,38.62
USGS,394036116183401,2019-12-31,38.62
USGS,394036116183401,2020-01-01,38.59
USGS,394036116183401,2020-01-02,38.61
USGS,394036116183401,2020-01-03,38.63
USGS,394036116183401,2020-01-04,38.62
USGS,394036116183401,2020-01-05,38.63
USGS,394036116183401,2020-01-06,38.63
USGS,394036116183401,2020-01-07,38.59
USGS,394036116183401,2020-01-08,38.57
USGS,394036116183401,2020-01-09,38.58
USGS,394036116183401,2020-01-10,38.61
USGS,394036116183401,2020-01-11,38.58
USGS,394036116183401,2020-01-12,38.57
USGS,394036116183401,2020-01-13,38.58
USGS,394036116183401,2020-01-14,38.58
USGS,394036116183401,2020-01-15,38.59
USGS,394036116183401,2020-01-16,38.56
USGS,394036116183401,2020-01-17,38.62
USGS,394036116183401,2020-01-18,38.63
USGS,394036116183401,2020-01-19,38.62
USGS,394036116183401,2020-01-20,38.58
USGS,394036116183401,2020-01-21,38.58
USGS,394036116183401,2020-01-22,38.60
USGS,394036116183401,2020-01-23,38.60
USGS,394036116183401,2020-01-24,38.58
USGS,394036116183401,2020-01-25,38.60
USGS,394036116183401,2020-01-26,38.59
USGS,394036116183401,2020-01-27,38.61
USGS,394036116183401,2020-01-28,38.59
USGS,394036116183401,2020-01-29,38.60
USGS,394036116183401,2020-01-30,38.61
USGS,394036116183401,2020-01-31,38.62
USGS,394036116183401,2020-02-01,38.60
USGS,394036116183401,2020-02-02,38.53
USGS,394036116183401,2020-02-03,38.57
USGS,394036116183401,2020-02-04,38.60
USGS,394036116183401,2020-02-05,38.59
USGS,394036116183401,2020-02-06,38.58
USGS,394036116183401,2020-02-07,38.59
USGS,394036116183401,2020-02-08,38.56
USGS,394036116183401,2020-02-09,38.59
USGS,394036116183401,2020-02-10,38.60
USGS,394036116183401,2020-02-11,38.60
USGS,394036116183401,2020-02-12,38.59
USGS,394036116183401,2020-02-13,38.58
USGS,394036116183401,2020-02-14,38.59
USGS,394036116183401,2020-02-15,38.59
USGS,394036116183401,2020-02-16,38.59
USGS,394036116183401,2020-02-17,38.59
USGS,394036116183401,2020-02-18,38.59
USGS,394036116183401,2020-02-19,38.60
USGS,394036116183401,2020-02-20,38.60
USGS,394036116183401,2020-02-21,38.59
USGS,394036116183401,2020-02-22,38.57
USGS,394036116183401,2020-02-23,38.59
USGS,394036116183401,2020-02-24,38.61
USGS,394036116183401,2020-02-25,38.61
USGS,394036116183401,2020-02-26,38.60
USGS,394036116183401,2020-02-27,38.60
USGS,394036116183401,2020-02-28,38.58
USGS,394036116183401,2020-02-29,38.54
USGS,394036116183401,2020-03-01,38.56
USGS,394036116183401,2020-03-02,38.59
USGS,394036116183401,2020-03-03,38.59
USGS,394036116183401,2020-03-04,38.59
USGS,394036116183401,2020-03-05,38.59
USGS,394036116183401,2020-03-06,38.57
USGS,394036116183401,2020-03-07,38.54
USGS,394036116183401,2020-03-08,38.57
USGS,394036116183401,2020-03-09,38.59
USGS,394036116183401,2020-03-10,38.59
USGS,394036116183401,2020-03-11,38.58
USGS,394036116183401,2020-03-12,38.57
USGS,394036116183401,2020-03-13,38.54
USGS,394036116183401,2020-03-14,38.56
USGS,394036116183401,2020-03-15,38.57
USGS,394036116183401,2020-03-16,38.57
USGS,394036116183401,2020-03-17,38.55
USGS,394036116183401,2020-03-18,38.56
USGS,394036116183401,2020-03-19,38.58
USGS,394036116183401,2020-03-20,38.60
USGS,394036116183401,2020-03-21,38.59
USGS,394036116183401,2020-03-22,38.58
USGS,394036116183401,2020-03-23,38.57
USGS,394036116183401,2020-03-24,38.56
USGS,394036116183401,2020-03-25,38.56
USGS,394036116183401,2020-03-26,38.56
USGS,394036116183401,2020-03-27,38.58
USGS,394036116183401,2020-03-28,38.59
USGS,394036116183401,2020-03-29,38.58
USGS,394036116183401,2020-03-30,38.59
USGS,394036116183401,2020-03-31,38.57
USGS,394036116183401,2020-04-01,38.55
USGS,394036116183401,2020-04-02,38.58
USGS,394036116183401,2020-04-03,38.56
USGS,394036116183401,2020-04-04,38.55
USGS,394036116183401,2020-04-05,38.54
USGS,394036116183401,2020-04-06,38.57
USGS,394036116183401,2020-04-07,38.59
USGS,394036116183401,2020-04-08,38.58
USGS,394036116183401,2020-04-09,38.58
USGS,394036116183401,2020-04-10,38.57
USGS,394036116183401,2020-04-11,38.56
USGS,394036116183401,2020-04-12,38.57
USGS,394036116183401,2020-04-13,38.59
USGS,394036116183401,2020-04-14,38.59
USGS,394036116183401,2020-04-15,38.56
USGS,394036116183401,2020-04-16,38.56
USGS,394036116183401,2020-04-17,38.56
USGS,394036116183401,2020-04-18,38.55
USGS,394036116183401,2020-04-19,38.56
USGS,394036116183401,2020-04-20,38.57
USGS,394036116183401,2020-04-21,38.58
USGS,394036116183401,2020-04-22,38.58
USGS,394036116183401,2020-04-23,38.57
USGS,394036116183401,2020-04-24,38.58
USGS,394036116183401,2020-04-25,38.57
USGS,394036116183401,2020-04-26,38.56
USGS,394036116183401,2020-04-27,38.57
USGS,394036116183401,2020-04-28,38.58
USGS,394036116183401,2020-04-29,38.56
USGS,394036116183401,2020-04-30,38.55
USGS,394036116183401,2020-05-01,38.55
USGS,394036116183401,2020-05-02,38.55
USGS,394036116183401,2020-05-03,38.56
USGS,394036116183401,2020-05-04,38.57
USGS,394036116183401,2020-05-05,38.56
USGS,394036116183401,2020-05-06,38.56
USGS,394036116183401,2020-05-07,38.56
USGS,394036116183401,2020-05-08,38.55
USGS,394036116183401,2020-05-09,38.55
USGS,394036116183401,2020-05-10,38.53
USGS,394036116183401,2020-05-11,38.52
USGS,394036116183401,2020-05-12,38.52
USGS,394036116183401,2020-05-13,38.54
USGS,394036116183401,2020-05-14,38.54
USGS,394036116183401,2020-05-15,38.55
USGS,394036116183401,2020-05-16,38.53
USGS,394036116183401,2020-05-17,38.51
USGS,394036116183401,2020-05-18,38.52
USGS,394036116183401,2020-05-19,38.52
USGS,394036116183401,2020-05-20,38.54
USGS,394036116183401,2020-05-21,38.54
USGS,394036116183401,2020-05-22,38.53
USGS,394036116183401,2020-05-23,38.55
USGS,394036116183401,2020-05-24,38.55
USGS,394036116183401,2020-05-25,38.55
USGS,394036116183401,2020-05-26,38.54
USGS,394036116183401,2020-05-27,38.54
USGS,394036116183401,2020-05-28,38.54
USGS,394036116183401,2020-05-29,38.53
USGS,394036116183401,2020-05-30,38.51
USGS,394036116183401,2020-05-31,38.52
USGS,394036116183401,2020-06-01,38.54
USGS,394036116183401,2020-06-02,38.55
USGS,394036116183401,2020-06-03,38.53
USGS,394036116183401,2020-06-04,38.51
USGS,394036116183401,2020-06-05,38.49
USGS,394036116183401,2020-06-06,38.49
USGS,394036116183401,2020-06-07,38.51
USGS,394036116183401,2020-06-08,38.54
USGS,394036116183401,2020-06-09,38.54
USGS,394036116183401,2020-06-10,38.52
USGS,394036116183401,2020-06-11,38.51
USGS,394036116183401,2020-06-12,38.49
USGS,394036116183401,2020-06-13,38.49
USGS,394036116183401,2020-06-14,38.50
USGS,394036116183401,2020-06-15,38.49
USGS,394036116183401,2020-06-16,38.48
USGS,394036116183401,2020-06-17,38.51
USGS,394036116183401,2020-06-18,38.50
USGS,394036116183401,2020-06-19,38.49
USGS,394036116183401,2020-06-20,38.49
USGS,394036116183401,2020-06-21,38.48
USGS,394036116183401,2020-06-22,38.48
USGS,394036116183401,2020-06-23,38.47
USGS,394036116183401,2020-06-24,38.45
USGS,394036116183401,2020-06-25,38.44
USGS,394036116183401,2020-06-26,38.45
USGS,394036116183401,2020-06-27,38.43
USGS,394036116183401,2020-06-28,38.40
USGS,394036116183401,2020-06-29,38.44
USGS,394036116183401,2020-06-30,38.44
USGS,394036116183401,2020-07-01,38.43
USGS,394036116183401,2020-07-02,38.44
USGS,394036116183401,2020-07-03,38.45
USGS,394036116183401,2020-07-04,38.45
USGS,394036116183401,2020-07-05,38.44
USGS,394036116183401,2020-07-06,38.42
USGS,394036116183401,2020-07-07,38.43
USGS,394036116183401,2020-07-08,38.42
USGS,394036116183401,2020-07-09,38.43
USGS,394036116183401,2020-07-10,38.45
USGS,394036116183401,2020-07-11,38.44
USGS,394036116183401,2020-07-12,38.42
USGS,394036116183401,2020-07-13,38.42
USGS,394036116183401,2020-07-14,38.42
USGS,394036116183401,2020-07-15,38.43
USGS,394036116183401,2020-07-16,38.42
USGS,394036116183401,2020-07-17,38.43
USGS,394036116183401,2020-07-18,38.43
USGS,394036116183401,2020-07-19,38.42
USGS,394036116183401,2020-07-20,38.42
USGS,394036116183401,2020-07-21,38.42
USGS,394036116183401,2020-07-22,38.40
USGS,394036116183401,2020-07-23,38.41
USGS,394036116183401,2020-07-24,38.41
USGS,394036116183401,2020-07-25,38.42
USGS,394036116183401,2020-07-26,38.42
USGS,394036116183401,2020-07-27,38.42
USGS,394036116183401,2020-07-28,38.41
USGS,394036116183401,2020-07-29,38.42
USGS,394036116183401,2020-07-30,38.42
USGS,394036116183401,2020-07-31,38.42
USGS,394036116183401,2020-08-01,38.42
USGS,394036116183401,2020-08-02,38.41
USGS,394036116183401,2020-08-03,38.42
USGS,394036116183401,2020-08-04,38.41
USGS,394036116183401,2020-08-05,38.39
USGS,394036116183401,2020-08-06,38.40
USGS,394036116183401,2020-08-07,38.41
USGS,394036116183401,2020-08-08,38.42
USGS,394036116183401,2020-08-09,38.41
USGS,394036116183401,2020-08-10,38.41
USGS,394036116183401,2020-08-11,38.40
USGS,394036116183401,2020-08-12,38.41
USGS,394036116183401,2020-08-13,38.41
USGS,394036116183401,2020-08-14,38.42
USGS,394036116183401,2020-08-15,38.42
USGS,394036116183401,2020-08-16,38.42
USGS,394036116183401,2020-08-17,38.42
USGS,394036116183401,2020-08-18,38.41
USGS,394036116183401,2020-08-19,38.40
USGS,394036116183401,2020-08-20,38.39
USGS,394036116183401,2020-08-21,38.39
USGS,394036116183401,2020-08-22,38.40
USGS,394036116183401,2020-08-23,38.40
USGS,394036116183401,2020-08-24,38.40
USGS,394036116183401,2020-08-25,38.38
USGS,394036116183401,2020-08-26,38.38
USGS,394036116183401,2020-08-27,38.39
USGS,394036116183401,2020-08-28,38.39
USGS,394036116183401,2020-08-29,38.39
USGS,394036116183401,2020-08-30,38.39
USGS,394036116183401,2020-08-31,38.39
USGS,394036116183401,2020-09-01,38.41
USGS,394036116183401,2020-09-02,38.40
USGS,394036116183401,2020-09-03,38.40
USGS,394036116183401,2020-09-04,38.40
USGS,394036116183401,2020-09-05,38.41
USGS,394036116183401,2020-09-06,38.40
USGS,394036116183401,2020-09-07,38.37
USGS,394036116183401,2020-09-08,38.39
USGS,394036116183401,2020-09-09,
USGS,394036116183401,2020-09-10,38.40
USGS,394036116183401,2020-09-11,38.39
USGS,394036116183401,2020-09-12,38.39
USGS,394036116183401,2020-09-13,38.39
USGS,394036116183401,2020-09-14,38.40
USGS,394036116183401,2020-09-15,38.40
USGS,394036116183401,2020-09-16,38.39
USGS,394036116183401,2020-09-17,38.38
USGS,394036116183401,2020-09-18,38.37
USGS,394036116183401,2020-09-19,38.38
USGS,394036116183401,2020-09-20,38.38
USGS,394036116183401,2020-09-21,38.38
USGS,394036116183401,2020-09-22,38.38
USGS,394036116183401,2020-09-23,38.39
USGS,394036116183401,2020-09-24,38.37
USGS,394036116183401,2020-09-25,38.37
USGS,394036116183401,2020-09-26,38.38
USGS,394036116183401,2020-09-27,38.39
USGS,394036116183401,2020-09-28,38.39
USGS,394036116183401,2020-09-29,38.39
USGS,394036116183401,2020-09-30,38.39
USGS,394036116183401,2020-10-01,38.38
USGS,394036116183401,2020-10-02,38.38
USGS,394036116183401,2020-10-03,38.37
USGS,394036116183401,2020-10-04,38.37
USGS,394036116183401,2020-10-05,38.38
USGS,394036116183401,2020-10-06,38.37
USGS,394036116183401,2020-10-07,38.36
USGS,394036116183401,2020-10-08,38.36
USGS,394036116183401,2020-10-09,38.36
USGS,394036116183401,2020-10-10,38.35
USGS,394036116183401,2020-10-11,38.38
USGS,394036116183401,2020-10-12,38.38
USGS,394036116183401,2020-10-13,38.38
USGS,394036116183401,2020-10-14,38.38
USGS,394036116183401,2020-10-15,38.39
USGS,394036116183401,2020-10-16,38.38
USGS,394036116183401,2020-10-17,38.36
USGS,394036116183401,2020-10-18,38.37
USGS,394036116183401,2020-10-19,38.37
USGS,394036116183401,2020-10-20,38.36
USGS,394036116183401,2020-10-21,38.34
USGS,394036116183401,2020-10-22,38.36
USGS,394036116183401,2020-10-23,38.36
USGS,394036116183401,2020-10-24,38.34
USGS,394036116183401,2020-10-25,38.36
USGS,394036116183401,2020-10-26,38.39
USGS,394036116183401,2020-10-27,38.38
USGS,394036116183401,2020-10-28,38.38
USGS,394036116183401,2020-10-29,38.38
USGS,394036116183401,2020-10-30,38.37
USGS,394036116183401,2020-10-31,38.38
USGS,394036116183401,2020-11-01,38.39
USGS,394036116183401,2020-11-02,38.38
USGS,394036116183401,2020-11-03,38.37
USGS,394036116183401,2020-11-04,38.39
USGS,394036116183401,2020-11-05,38.36
USGS,394036116183401,2020-11-06,38.29
USGS,394036116183401,2020-11-07,38.29
USGS,394036116183401,2020-11-08,38.33
USGS,394036116183401,2020-11-09,38.38
USGS,394036116183401,2020-11-10,38.37
USGS,394036116183401,2020-11-11,38.36
USGS,394036116183401,2020-11-12,38.37
USGS,394036116183401,2020-11-13,38.35
USGS,394036116183401,2020-11-14,38.38
USGS,394036116183401,2020-11-15,38.38
USGS,394036116183401,2020-11-16,38.38
USGS,394036116183401,2020-11-17,38.34
USGS,394036116183401,2020-11-18,38.35
USGS,394036116183401,2020-11-19,38.39
USGS,394036116183401,2020-11-20,38.39
USGS,394036116183401,2020-11-21,38.38
USGS,394036116183401,2020-11-22,38.35
USGS,394036116183401,2020-11-23,38.35
USGS,394036116183401,2020-11-24,38.38
USGS,394036116183401,2020-11-25,38.36
USGS,394036116183401,2020-11-26,38.39
USGS,394036116183401,2020-11-27,38.40
USGS,394036116183401,2020-11-28,38.38
USGS,394036116183401,2020-11-29,38.39
USGS,394036116183401,2020-11-30,38.38
USGS,394036116183401,2020-12-01,38.39
USGS,394036116183401,2020-12-02,38.39
USGS,394036116183401,2020-12-03,38.39
USGS,394036116183401,2020-12-04,38.39
USGS,394036116183401,2020-12-05,38.39
USGS,394036116183401,2020-12-06,38.38
USGS,394036116183401,2020-12-07,38.40
USGS,394036116183401,2020-12-08,38.39
USGS,394036116183401,2020-12-09,38.36
USGS,394036116183401,2020-12-10,38.35
USGS,394036116183401,2020-12-11,38.36
USGS,394036116183401,2020-12-12,38.37
USGS,394036116183401,2020-12-13,38.37
USGS,394036116183401,2020-12-14,38.37
USGS,394036116183401,2020-12-15,38.39
USGS,394036116183401,2020-12-16,38.38
USGS,394036116183401,2020-12-17,38.34
USGS,394036116183401,2020-12-18,38.41
USGS,394036116183401,2020-12-19,38.41
USGS,394036116183401,2020-12-20,38.40
USGS,394036116183401,2020-12-21,38.37
USGS,394036116183401,2020-12-22,38.37
USGS,394036116183401,2020-12-23,38.42
USGS,394036116183401,2020-12-24,38.41
USGS,394036116183401,2020-12-25,38.38
USGS,394036116183401,2020-12-26,38.38
USGS,394036116183401,2020-12-27,38.38
USGS,394036116183401,2020-12-28,38.36
USGS,394036116183401,2020-12-29,38.42
USGS,394036116183401,2020-12-30,38.42
USGS,394036116183401,2020-12-31,38.41
USGS,394036116183401,2021-01-01,38.43
USGS,394036116183401,2021-01-02,38.43
USGS,394036116183401,2021-01-03,38.43
USGS,394036116183401,2021-01-04,38.41
USGS,394036116183401,2021-01-05,38.44
USGS,394036116183401,2021-01-06,38.43
USGS,394036116183401,2021-01-07,38.44
USGS,394036116183401,2021-01-08,38.43
USGS,394036116183401,2021-01-09,38.44
USGS,394036116183401,2021-01-10,38.44
USGS,394036116183401,2021-01-11,38.44
USGS,394036116183401,2021-01-12,38.45
USGS,394036116183401,2021-01-13,38.45
USGS,394036116183401,2021-01-14,38.46
USGS,394036116183401,2021-01-15,38.45
USGS,394036116183401,2021-01-16,38.44
USGS,394036116183401,2021-01-17,38.44
USGS,394036116183401,2021-01-18,38.43
USGS,394036116183401,2021-01-19,38.44
USGS,394036116183401,2021-01-20,38.44
USGS,394036116183401,2021-01-21,38.42
USGS,394036116183401,2021-01-22,38.39
USGS,394036116183401,2021-01-23,38.41
USGS,394036116183401,2021-01-24,38.41
USGS,394036116183401,2021-01-25,38.39
USGS,394036116183401,2021-01-26,38.43
USGS,394036116183401,2021-01-27,38.45
USGS,394036116183401,2021-01-28,38.44
USGS,394036116183401,2021-01-29,38.44
USGS,394036116183401,2021-01-30,38.49
USGS,394036116183401,2021-01-31,38.49
USGS,394036116183401,2021-02-01,38.47
USGS,394036116183401,2021-02-02,38.46
USGS,394036116183401,2021-02-03,38.47
USGS,394036116183401,2021-02-04,38.50
USGS,394036116183401,2021-02-05,38.48
USGS,394036116183401,2021-02-06,38.48
USGS,394036116183401,2021-02-07,38.47
USGS,394036116183401,2021-02-08,38.47
USGS,394036116183401,2021-02-09,38.48
USGS,394036116183401,2021-02-10,38.49
USGS,394036116183401,2021-02-11,38.48
USGS,394036116183401,2021-02-12,38.48
USGS,394036116183401,2021-02-13,38.46
USGS,394036116183401,2021-02-14,38.50
USGS,394036116183401,2021-02-15,38.49
USGS,394036116183401,2021-02-16,38.51
USGS,394036116183401,2021-02-17,38.53
USGS,394036116183401,2021-02-18,38.54
USGS,394036116183401,2021-02-19,38.51
USGS,394036116183401,2021-02-20,38.50
USGS,394036116183401,2021-02-21,38.53
USGS,394036116183401,2021-02-22,38.50
USGS,394036116183401,2021-02-23,38.48
USGS,394036116183401,2021-02-24,38.49
USGS,394036116183401,2021-02-25,38.48
USGS,394036116183401,2021-02-26,38.45
USGS,394036116183401,2021-02-27,38.47
USGS,394036116183401,2021-02-28,38.51
USGS,394036116183401,2021-03-01,38.50
USGS,394036116183401,2021-03-02,38.48
USGS,394036116183401,2021-03-03,38.47
USGS,394036116183401,2021-03-04,38.52
USGS,394036116183401,2021-03-05,38.51
USGS,394036116183401,2021-03-06,38.49
USGS,394036116183401,2021-03-07,38.51
USGS,394036116183401,2021-03-08,38.50
USGS,394036116183401,2021-03-09,38.50
USGS,394036116183401,2021-03-10,38.49
USGS,394036116183401,2021-03-11,38.51
USGS,394036116183401,2021-03-12,38.52
USGS,394036116183401,2021-03-13,38.53
USGS,394036116183401,2021-03-14,38.52
USGS,394036116183401,2021-03-15,38.48
USGS,394036116183401,2021-03-16,38.52
USGS,394036116183401,2021-03-17,38.53
USGS,394036116183401,2021-03-18,38.53
USGS,394036116183401,2021-03-19,38.51
USGS,394036116183401,2021-03-20,38.49
USGS,394036116183401,2021-03-21,38.51
USGS,394036116183401,2021-03-22,38.49
USGS,394036116183401,2021-03-23,38.50
USGS,394036116183401,2021-03-24,38.49
USGS,394036116183401,2021-03-25,38.46
USGS,394036116183401,2021-03-26,38.53
USGS,394036116183401,2021-03-27,38.55
USGS,394036116183401,2021-03-28,38.53
USGS,394036116183401,2021-03-29,38.50
USGS,394036116183401,2021-03-30,38.54
USGS,394036116183401,2021-03-31,38.55
USGS,394036116183401,2021-04-01,38.52
USGS,394036116183401,2021-04-02,38.53
USGS,394036116183401,2021-04-03,38.53
USGS,394036116183401,2021-04-04,38.53
USGS,394036116183401,2021-04-05,38.51
USGS,394036116183401,2021-04-06,38.54
USGS,394036116183401,2021-04-07,38.53
USGS,394036116183401,2021-04-08,38.54
USGS,394036116183401,2021-04-09,38.54
USGS,394036116183401,2021-04-10,38.53
USGS,394036116183401,2021-04-11,38.53
USGS,394036116183401,2021-04-12,38.53
USGS,394036116183401,2021-04-13,38.51
USGS,394036116183401,2021-04-14,38.52
USGS,394036116183401,2021-04-15,38.55
USGS,394036116183401,2021-04-16,38.56
USGS,394036116183401,2021-04-17,38.57
USGS,394036116183401,2021-04-18,38.57
USGS,394036116183401,2021-04-19,38.55
USGS,394036116183401,2021-04-20,38.53
USGS,394036116183401,2021-04-21,38.53
USGS,394036116183401,2021-04-22,38.54
USGS,394036116183401,2021-04-23,38.56
USGS,394036116183401,2021-04-24,38.54
USGS,394036116183401,2021-04-25,38.53
USGS,394036116183401,2021-04-26,38.54
USGS,394036116183401,2021-04-27,38.59
USGS,394036116183401,2021-04-28,38.62
USGS,394036116183401,2021-04-29,38.62
USGS,394036116183401,2021-04-30,38.60
USGS,394036116183401,2021-05-01,38.57
USGS,394036116183401,2021-05-02,38.59
USGS,394036116183401,2021-05-03,38.60
USGS,394036116183401,2021-05-04,38.61
USGS,394036116183401,2021-05-05,38.62
USGS,394036116183401,2021-05-06,38.60
USGS,394036116183401,2021-05-07,38.59
USGS,394036116183401,2021-05-08,38.61
USGS,394036116183401,2021-05-09,38.60
USGS,394036116183401,2021-05-10,38.62
USGS,394036116183401,2021-05-11,38.63
USGS,394036116183401,2021-05-12,38.63
USGS,394036116183401,2021-05-13,38.62
USGS,394036116183401,2021-05-14,38.61
USGS,394036116183401,2021-05-15,38.60
USGS,394036116183401,2021-05-16,38.62
USGS,394036116183401,2021-05-17,38.65
USGS,394036116183401,2021-05-18,38.64
USGS,394036116183401,2021-05-19,38.61
USGS,394036116183401,2021-05-20,38.61
USGS,394036116183401,2021-05-21,38.60
USGS,394036116183401,2021-05-22,38.64
USGS,394036116183401,2021-05-23,38.65
USGS,394036116183401,2021-05-24,38.66
USGS,394036116183401,2021-05-25,38.65
USGS,394036116183401,2021-05-26,38.67
USGS,394036116183401,2021-05-27,38.64
USGS,394036116183401,2021-05-28,38.60
USGS,394036116183401,2021-05-29,38.59
USGS,394036116183401,2021-05-30,38.60
USGS,394036116183401,2021-05-31,38.60
USGS,394036116183401,2021-06-01,38.60
USGS,394036116183401,2021-06-02,38.59
USGS,394036116183401,2021-06-03,38.58
USGS,394036116183401,2021-06-04,38.59
USGS,394036116183401,2021-06-05,38.58
USGS,394036116183401,2021-06-06,38.57
USGS,394036116183401,2021-06-07,38.58
USGS,394036116183401,2021-06-08,38.59
USGS,394036116183401,2021-06-09,38.59
USGS,394036116183401,2021-06-10,38.62
USGS,394036116183401,2021-06-11,38.59
USGS,394036116183401,2021-06-12,38.60
USGS,394036116183401,2021-06-13,38.60
USGS,394036116183401,2021-06-14,38.60
USGS,394036116183401,2021-06-15,38.61
USGS,394036116183401,2021-06-16,38.62
USGS,394036116183401,2021-06-17,38.61
USGS,394036116183401,2021-06-18,38.59
USGS,394036116183401,2021-06-19,38.57
USGS,394036116183401,2021-06-20,38.57
USGS,394036116183401,2021-06-21,38.57
USGS,394036116183401,2021-06-22,38.56
USGS,394036116183401,2021-06-23,38.57
USGS,394036116183401,2021-06-24,
USGS,394036116183401,2021-06-25,
USGS,394036116183401,2021-06-26,
USGS,394036116183401,2021-06-27,
USGS,394036116183401,2021-06-28,
USGS,394036116183401,2021-06-29,
USGS,394036116183401,2021-06-30,
USGS,394036116183401,2021-07-01,
USGS,394036116183401,2021-07-02,
USGS,394036116183401,2021-07-03,
USGS,394036116183401,2021-07-04,
USGS,394036116183401,2021-07-05,
USGS,394036116183401,2021-07-06,
USGS,394036116183401,2021-07-07,
USGS,394036116183401,2021-07-08,
USGS,394036116183401,2021-07-09,
USGS,394036116183401,2021-07-10,
USGS,394036116183401,2021-07-11,
USGS,394036116183401,2021-07-12,
USGS,394036116183401,2021-07-13,
USGS,394036116183401,2021-07-14,
USGS,394036116183401,2021-07-15,
USGS,394036116183401,2021-07-16,
USGS,394036116183401,2021-07-17,
USGS,394036116183401,2021-07-18,
USGS,394036116183401,2021-07-19,
USGS,394036116183401,2021-07-20,
USGS,394036116183401,2021-07-21,
USGS,394036116183401,2021-07-22,
USGS,394036116183401,2021-07-23,
USGS,394036116183401,2021-07-24,
USGS,394036116183401,2021-07-25,
USGS,394036116183401,2021-07-26,
USGS,394036116183401,2021-07-27,
USGS,394036116183401,2021-07-28,
USGS,394036116183401,2021-07-29,
USGS,394036116183401,2021-07-30,
USGS,394036116183401,2021-07-31,
USGS,394036116183401,2021-08-01,
USGS,394036116183401,2021-08-02,
USGS,394036116183401,2021-08-03,
USGS,394036116183401,2021-08-04,
USGS,394036116183401,2021-08-05,
USGS,394036116183401,2021-08-06,
USGS,394036116183401,2021-08-07,
USGS,394036116183401,2021-08-08,
USGS,394036116183401,2021-08-09,
USGS,394036116183401,2021-08-10,
USGS,394036116183401,2021-08-11,
USGS,394036116183401,2021-08-12,
USGS,394036116183401,2021-08-13,
USGS,394036116183401,2021-08-14,
USGS,394036116183401,2021-08-15,
USGS,394036116183401,2021-08-16,
USGS,394036116183401,2021-08-17,
USGS,394036116183401,2021-08-18,
USGS,394036116183401,2021-08-19,
USGS,394036116183401,2021-08-20,
USGS,394036116183401,2021-08-21,
USGS,394036116183401,2021-08-22,
USGS,394036116183401,2021-08-23,
USGS,394036116183401,2021-08-24,
USGS,394036116183401,2021-08-25,
USGS,394036116183401,2021-08-26,
USGS,394036116183401,2021-08-27,
USGS,394036116183401,2021-08-28,
USGS,394036116183401,2021-08-29,
USGS,394036116183401,2021-08-30,
USGS,394036116183401,2021-08-31,
USGS,394036116183401,2021-09-01,
USGS,394036116183401,2021-09-02,
USGS,394036116183401,2021-09-03,
USGS,394036116183401,2021-09-04,
USGS,394036116183401,2021-09-05,
USGS,394036116183401,2021-09-06,
USGS,394036116183401,2021-09-07,
USGS,394036116183401,2021-09-08,
USGS,394036116183401,2021-09-09,
USGS,394036116183401,2021-09-10,38.61
USGS,394036116183401,2021-09-11,38.62
USGS,394036116183401,2021-09-12,38.61
USGS,394036116183401,2021-09-13,38.61
USGS,394036116183401,2021-09-14,38.62
USGS,394036116183401,2021-09-15,38.61
USGS,394036116183401,2021-09-16,
USGS,394036116183401,2021-09-17,38.63
USGS,394036116183401,2021-09-18,38.62
USGS,394036116183401,2021-09-19,38.62
USGS,394036116183401,2021-09-20,38.65
USGS,394036116183401,2021-09-21,38.65
USGS,394036116183401,2021-09-22,38.63
USGS,394036116183401,2021-09-23,38.63
USGS,394036116183401,2021-09-24,38.63
USGS,394036116183401,2021-09-25,38.62
USGS,394036116183401,2021-09-26,38.62
USGS,394036116183401,2021-09-27,38.61
USGS,394036116183401,2021-09-28,38.62
USGS,394036116183401,2021-09-29,38.64
USGS,394036116183401,2021-09-30,38.64
USGS,394036116183401,2021-10-01,38.64
USGS,394036116183401,2021-10-02,38.64
USGS,394036116183401,2021-10-03,38.64
USGS,394036116183401,2021-10-04,38.63
USGS,394036116183401,2021-10-05,38.63
USGS,394036116183401,2021-10-06,38.63
USGS,394036116183401,2021-10-07,38.63
USGS,394036116183401,2021-10-08,38.62
USGS,394036116183401,2021-10-09,38.65
USGS,394036116183401,2021-10-10,38.63
USGS,394036116183401,2021-10-11,38.59
USGS,394036116183401,2021-10-12,38.63
USGS,394036116183401,2021-10-13,38.64
USGS,394036116183401,2021-10-14,38.66
USGS,394036116183401,2021-10-15,38.67
USGS,394036116183401,2021-10-16,38.65
USGS,394036116183401,2021-10-17,38.61
USGS,394036116183401,2021-10-18,38.61
USGS,394036116183401,2021-10-19,38.65
USGS,394036116183401,2021-10-20,38.66
USGS,394036116183401,2021-10-21,38.66
USGS,394036116183401,2021-10-22,38.62
USGS,394036116183401,2021-10-23,38.62
USGS,394036116183401,2021-10-24,38.61
USGS,394036116183401,2021-10-25,38.60
USGS,394036116183401,2021-10-26,38.65
USGS,394036116183401,2021-10-27,38.67
USGS,394036116183401,2021-10-28,38.67
USGS,394036116183401,2021-10-29,38.64
USGS,394036116183401,2021-10-30,38.63
USGS,394036116183401,2021-10-31,38.64
USGS,394036116183401,2021-11-01,38.65
USGS,394036116183401,2021-11-02,38.67
USGS,394036116183401,2021-11-03,38.67
USGS,394036116183401,2021-11-04,38.65
USGS,394036116183401,2021-11-05,38.65
USGS,394036116183401,2021-11-06,38.65
USGS,394036116183401,2021-11-07,38.66
USGS,394036116183401,2021-11-08,38.66
USGS,394036116183401,2021-11-09,38.66
USGS,394036116183401,2021-11-10,38.69
USGS,394036116183401,2021-11-11,38.69
USGS,394036116183401,2021-11-12,38.69
USGS,394036116183401,2021-11-13,38.68
USGS,394036116183401,2021-11-14,38.68
USGS,394036116183401,2021-11-15,38.66
USGS,394036116183401,2021-11-16,38.66
USGS,394036116183401,2021-11-17,38.68
USGS,394036116183401,2021-11-18,38.67
USGS,394036116183401,2021-11-19,38.67
USGS,394036116183401,2021-11-20,38.69
USGS,394036116183401,2021-11-21,38.70
USGS,394036116183401,2021-11-22,38.67
USGS,394036116183401,2021-11-23,38.65
USGS,394036116183401,2021-11-24,38.70
USGS,394036116183401,2021-11-25,38.70
USGS,394036116183401,2021-11-26,38.67
USGS,394036116183401,2021-11-27,38.68
USGS,394036116183401,2021-11-28,38.69
USGS,394036116183401,2021-11-29,38.68
USGS,394036116183401,2021-11-30,38.69
USGS,394036116183401,2021-12-01,38.69
USGS,394036116183401,2021-12-02,38.68
USGS,394036116183401,2021-12-03,38.68
USGS,394036116183401,2021-12-04,38.69
USGS,394036116183401,2021-12-05,38.69
USGS,394036116183401,2021-12-06,38.67
USGS,394036116183401,2021-12-07,38.67
USGS,394036116183401,2021-12-08,38.66
USGS,394036116183401,2021-12-09,38.65
USGS,394036116183401,2021-12-10,38.70
USGS,394036116183401,2021-12-11,38.69
USGS,394036116183401,2021-12-12,38.67
USGS,394036116183401,2021-12-13,38.66
USGS,394036116183401,2021-12-14,38.64
USGS,394036116183401,2021-12-15,38.69
USGS,394036116183401,2021-12-16,38.68
USGS,394036116183401,2021-12-17,38.71
USGS,394036116183401,2021-12-18,38.70
USGS,394036116183401,2021-12-19,38.69
USGS,394036116183401,2021-12-20,38.70
USGS,394036116183401,2021-12-21,38.70
USGS,394036116183401,2021-12-22,38.68
USGS,394036116183401,2021-12-23,38.65
USGS,394036116183401,2021-12-24,38.64
USGS,394036116183401,2021-12-25,38.66
USGS,394036116183401,2021-12-26,38.66
USGS,394036116183401,2021-12-27,38.65
USGS,394036116183401,2021-12-28,38.67
USGS,394036116183401,2021-12-29,38.68
USGS,394036116183401,2021-12-30,38.68
USGS,394036116183401,2021-12-31,38.68
USGS,394036116183401,2022-01-01,38.74
USGS,394036116183401,2022-01-02,38.72
USGS,394036116183401,2022-01-03,38.69
USGS,394036116183401,2022-01-04,38.71
USGS,394036116183401,2022-01-05,38.71
USGS,394036116183401,2022-01-06,38.70
USGS,394036116183401,2022-01-07,38.68
USGS,394036116183401,2022-01-08,38.73
USGS,394036116183401,2022-01-09,38.75
USGS,394036116183401,2022-01-10,38.74
USGS,394036116183401,2022-01-11,38.74
USGS,394036116183401,2022-01-12,38.73
USGS,394036116183401,2022-01-13,38.71
USGS,394036116183401,2022-01-14,38.74
USGS,394036116183401,2022-01-15,38.73
USGS,394036116183401,2022-01-16,38.71
USGS,394036116183401,2022-01-17,38.70
USGS,394036116183401,2022-01-18,38.71
USGS,394036116183401,2022-01-19,38.73
USGS,394036116183401,2022-01-20,38.73
USGS,394036116183401,2022-01-21,38.72
USGS,394036116183401,2022-01-22,38.74
USGS,394036116183401,2022-01-23,38.73
USGS,394036116183401,2022-01-24,38.71
USGS,394036116183401,2022-01-25,38.73
USGS,394036116183401,2022-01-26,38.73
USGS,394036116183401,2022-01-27,38.75
USGS,394036116183401,2022-01-28,38.75
USGS,394036116183401,2022-01-29,38.72
USGS,394036116183401,2022-01-30,38.72
USGS,394036116183401,2022-01-31,38.71
USGS,394036116183401,2022-02-01,38.71
USGS,394036116183401,2022-02-02,38.73
USGS,394036116183401,2022-02-03,38.75
USGS,394036116183401,2022-02-04,38.76
USGS,394036116183401,2022-02-05,38.75
USGS,394036116183401,2022-02-06,38.76
USGS,394036116183401,2022-02-07,38.75
USGS,394036116183401,2022-02-08,38.76
USGS,394036116183401,2022-02-09,38.75
USGS,394036116183401,2022-02-10,38.75
USGS,394036116183401,2022-02-11,38.75
USGS,394036116183401,2022-02-12,38.75
USGS,394036116183401,2022-02-13,38.75
USGS,394036116183401,2022-02-14,38.71
USGS,394036116183401,2022-02-15,38.70
USGS,394036116183401,2022-02-16,38.74
USGS,394036116183401,2022-02-17,38.77
USGS,394036116183401,2022-02-18,38.77
USGS,394036116183401,2022-02-19,38.74
USGS,394036116183401,2022-02-20,38.71
USGS,394036116183401,2022-02-21,38.70
USGS,394036116183401,2022-02-22,38.71
USGS,394036116183401,2022-02-23,38.75
USGS,394036116183401,2022-02-24,38.77
USGS,394036116183401,2022-02-25,38.78
USGS,394036116183401,2022-02-26,38.78
USGS,394036116183401,2022-02-27,38.78
USGS,394036116183401,2022-02-28,38.77
USGS,394036116183401,2022-03-01,38.77
USGS,394036116183401,2022-03-02,38.75
USGS,394036116183401,2022-03-03,38.73
USGS,394036116183401,2022-03-04,38.72
USGS,394036116183401,2022-03-05,38.73
USGS,394036116183401,2022-03-06,38.78
USGS,394036116183401,2022-03-07,38.79
USGS,394036116183401,2022-03-08,38.76
USGS,394036116183401,2022-03-09,38.74
USGS,394036116183401,2022-03-10,38.78
USGS,394036116183401,2022-03-11,38.80
USGS,394036116183401,2022-03-12,38.77
USGS,394036116183401,2022-03-13,38.76
USGS,394036116183401,2022-03-14,38.79
USGS,394036116183401,2022-03-15,38.78
USGS,394036116183401,2022-03-16,38.78
USGS,394036116183401,2022-03-17,38.78
USGS,394036116183401,2022-03-18,38.78
USGS,394036116183401,2022-03-19,38.74
USGS,394036116183401,2022-03-20,38.78
USGS,394036116183401,2022-03-21,38.80
USGS,394036116183401,2022-03-22,38.80
USGS,394036116183401,2022-03-23,38.79
USGS,394036116183401,2022-03-24,38.78
USGS,394036116183401,2022-03-25,38.78
USGS,394036116183401,2022-03-26,38.76
USGS,394036116183401,2022-03-27,38.75
USGS,394036116183401,2022-03-28,38.75
USGS,394036116183401,2022-03-29,38.78
USGS,394036116183401,2022-03-30,38.79
USGS,394036116183401,2022-03-31,38.78
USGS,394036116183401,2022-04-01,38.79
USGS,394036116183401,2022-04-02,38.80
USGS,394036116183401,2022-04-03,38.78
USGS,394036116183401,2022-04-04,38.78
USGS,394036116183401,2022-04-05,38.80
USGS,394036116183401,2022-04-06,38.82
USGS,394036116183401,2022-04-07,38.81
USGS,394036116183401,2022-04-08,38.78
USGS,394036116183401,2022-04-09,38.76
USGS,394036116183401,2022-04-10,38.76
USGS,394036116183401,2022-04-11,38.73
USGS,394036116183401,2022-04-12,38.78
USGS,394036116183401,2022-04-13,38.79
USGS,394036116183401,2022-04-14,38.78
USGS,394036116183401,2022-04-15,38.79
USGS,394036116183401,2022-04-16,38.79
USGS,394036116183401,2022-04-17,38.82
USGS,394036116183401,2022-04-18,38.78
USGS,394036116183401,2022-04-19,38.78
USGS,394036116183401,2022-04-20,38.78
USGS,394036116183401,2022-04-21,38.78
USGS,394036116183401,2022-04-22,38.79
USGS,394036116183401,2022-04-23,38.82
USGS,394036116183401,2022-04-24,38.82
USGS,394036116183401,2022-04-25,38.80
USGS,394036116183401,2022-04-26,38.79
USGS,394036116183401,2022-04-27,38.79
USGS,394036116183401,2022-04-28,38.79
USGS,394036116183401,2022-04-29,38.82
USGS,394036116183401,2022-04-30,38.79
USGS,394036116183401,2022-05-01,38.80
USGS,394036116183401,2022-05-02,38.79
USGS,394036116183401,2022-05-03,38.82
USGS,394036116183401,2022-05-04,38.82
USGS,394036116183401,2022-05-05,38.80
USGS,394036116183401,2022-05-06,38.80
USGS,394036116183401,2022-05-07,38.79
USGS,394036116183401,2022-05-08,38.78
USGS,394036116183401,2022-05-09,38.81
USGS,394036116183401,2022-05-10,38.82
USGS,394036116183401,2022-05-11,38.82
USGS,394036116183401,2022-05-12,38.84
USGS,394036116183401,2022-05-13,38.83
USGS,394036116183401,2022-05-14,38.83
USGS,394036116183401,2022-05-15,38.81
USGS,394036116183401,2022-05-16,38.81
USGS,394036116183401,2022-05-17,38.83
USGS,394036116183401,2022-05-18,38.83
USGS,394036116183401,2022-05-19,38.79
USGS,394036116183401,2022-05-20,38.81
USGS,394036116183401,2022-05-21,38.83
USGS,394036116183401,2022-05-22,38.83
USGS,394036116183401,2022-05-23,38.83
USGS,394036116183401,2022-05-24,38.83
USGS,394036116183401,2022-05-25,38.83
USGS,394036116183401,2022-05-26,38.82
USGS,394036116183401,2022-05-27,38.82
USGS,394036116183401,2022-05-28,38.80
USGS,394036116183401,2022-05-29,38.81
USGS,394036116183401,2022-05-30,38.83
USGS,394036116183401,2022-05-31,38.84
USGS,394036116183401,2022-06-01,38.83
USGS,394036116183401,2022-06-02,38.82
USGS,394036116183401,2022-06-03,38.82
USGS,394036116183401,2022-06-04,38.83
USGS,394036116183401,2022-06-05,38.83
USGS,394036116183401,2022-06-06,38.84
USGS,394036116183401,2022-06-07,38.84
USGS,394036116183401,2022-06-08,38.83
USGS,394036116183401,2022-06-09,38.84
USGS,394036116183401,2022-06-10,38.84
USGS,394036116183401,2022-06-11,38.84
USGS,394036116183401,2022-06-12,38.81
USGS,394036116183401,2022-06-13,38.84
USGS,394036116183401,2022-06-14,38.85
USGS,394036116183401,2022-06-15,38.84
USGS,394036116183401,2022-06-16,38.82
USGS,394036116183401,2022-06-17,38.81
USGS,394036116183401,2022-06-18,38.83
USGS,394036116183401,2022-06-19,38.86
USGS,394036116183401,2022-06-20,38.86
USGS,394036116183401,2022-06-21,38.86
USGS,394036116183401,2022-06-22,38.85
USGS,394036116183401,2022-06-23,38.84
USGS,394036116183401,2022-06-24,38.85
USGS,394036116183401,2022-06-25,38.86
USGS,394036116183401,2022-06-26,38.86
USGS,394036116183401,2022-06-27,38.86
USGS,394036116183401,2022-06-28,38.85
USGS,394036116183401,2022-06-29,38.85
USGS,394036116183401,2022-06-30,38.84
USGS,394036116183401,2022-07-01,38.84
USGS,394036116183401,2022-07-02,38.83
USGS,394036116183401,2022-07-03,38.84
USGS,394036116183401,2022-07-04,38.85
USGS,394036116183401,2022-07-05,38.85
USGS,394036116183401,2022-07-06,38.85
USGS,394036116183401,2022-07-07,38.86
USGS,394036116183401,2022-07-08,38.87
USGS,394036116183401,2022-07-09,38.87
USGS,394036116183401,2022-07-10,38.87
USGS,394036116183401,2022-07-11,38.86
USGS,394036116183401,2022-07-12,38.85
USGS,394036116183401,2022-07-13,38.86
USGS,394036116183401,2022-07-14,38.86
USGS,394036116183401,2022-07-15,38.87
USGS,394036116183401,2022-07-16,38.86
USGS,394036116183401,2022-07-17,38.86
USGS,394036116183401,2022-07-18,38.87
USGS,394036116183401,2022-07-19,38.87
USGS,394036116183401,2022-07-20,38.87
USGS,394036116183401,2022-07-21,38.86
USGS,394036116183401,2022-07-22,38.86
USGS,394036116183401,2022-07-23,38.86
USGS,394036116183401,2022-07-24,38.87
USGS,394036116183401,2022-07-25,38.87
USGS,394036116183401,2022-07-26,38.87
USGS,394036116183401,2022-07-27,38.87
USGS,394036116183401,2022-07-28,38.87
USGS,394036116183401,2022-07-29,38.87
USGS,394036116183401,2022-07-30,38.88
USGS,394036116183401,2022-07-31,38.88
USGS,394036116183401,2022-08-01,38.88
USGS,394036116183401,2022-08-02,38.88
USGS,394036116183401,2022-08-03,38.88
USGS,394036116183401,2022-08-04,38.87
USGS,394036116183401,2022-08-05,38.86
USGS,394036116183401,2022-08-06,38.86
USGS,394036116183401,2022-08-07,38.88
USGS,394036116183401,2022-08-08,38.88
USGS,394036116183401,2022-08-09,38.88
USGS,394036116183401,2022-08-10,38.88
USGS,394036116183401,2022-08-11,38.88
USGS,394036116183401,2022-08-12,38.87
USGS,394036116183401,2022-08-13,38.88
USGS,394036116183401,2022-08-14,38.88
USGS,394036116183401,2022-08-15,38.88
USGS,394036116183401,2022-08-16,38.88
USGS,394036116183401,2022-08-17,38.89
USGS,394036116183401,2022-08-18,38.88
USGS,394036116183401,2022-08-19,38.87
USGS,394036116183401,2022-08-20,38.88
USGS,394036116183401,2022-08-21,38.89
USGS,394036116183401,2022-08-22,38.89
USGS,394036116183401,2022-08-23,38.88
USGS,394036116183401,2022-08-24,38.88
USGS,394036116183401,2022-08-25,38.90
USGS,394036116183401,2022-08-26,38.89
USGS,394036116183401,2022-08-27,38.88
USGS,394036116183401,2022-08-28,38.89
USGS,394036116183401,2022-08-29,38.90
USGS,394036116183401,2022-08-30,38.91
USGS,394036116183401,2022-08-31,38.90
USGS,394036116183401,2022-09-01,38.89
USGS,394036116183401,2022-09-02,38.90
USGS,394036116183401,2022-09-03,38.90
USGS,394036116183401,2022-09-04,38.90
USGS,394036116183401,2022-09-05,38.90
USGS,394036116183401,2022-09-06,38.91
USGS,394036116183401,2022-09-07,38.91
USGS,394036116183401,2022-09-08,38.89
USGS,394036116183401,2022-09-09,38.88
USGS,394036116183401,2022-09-10,38.90
USGS,394036116183401,2022-09-11,38.91
USGS,394036116183401,2022-09-12,38.89
USGS,394036116183401,2022-09-13,38.87
USGS,394036116183401,2022-09-14,38.89
USGS,394036116183401,2022-09-15,38.90
USGS,394036116183401,2022-09-16,38.90
USGS,394036116183401,2022-09-17,38.88
USGS,394036116183401,2022-09-18,38.89
USGS,394036116183401,2022-09-19,38.90
USGS,394036116183401,2022-09-20,38.91
USGS,394036116183401,2022-09-21,38.91
USGS,394036116183401,2022-09-22,38.93
USGS,394036116183401,2022-09-23,38.92
USGS,394036116183401,2022-09-24,38.93
USGS,394036116183401,2022-09-25,38.92
USGS,394036116183401,2022-09-26,38.92
USGS,394036116183401,2022-09-27,38.91
USGS,394036116183401,2022-09-28,
USGS,394036116183401,2022-09-29,38.89
USGS,394036116183401,2022-09-30,38.89
USGS,394036116183401,2022-10-01,38.89
USGS,394036116183401,2022-10-02,38.91
USGS,394036116183401,2022-10-03,38.91
USGS,394036116183401,2022-10-04,38.91
USGS,394036116183401,2022-10-05,38.91
USGS,394036116183401,2022-10-06,38.91
USGS,394036116183401,2022-10-07,38.91
USGS,394036116183401,2022-10-08,38.91
USGS,394036116183401,2022-10-09,38.91
USGS,394036116183401,2022-10-10,38.90
USGS,394036116183401,2022-10-11,38.91
USGS,394036116183401,2022-10-12,38.92
USGS,394036116183401,2022-10-13,38.91
USGS,394036116183401,2022-10-14,38.90
USGS,394036116183401,2022-10-15,38.90
USGS,394036116183401,2022-10-16,38.92
USGS,394036116183401,2022-10-17,38.92
USGS,394036116183401,2022-10-18,38.93
USGS,394036116183401,2022-10-19,38.93
USGS,394036116183401,2022-10-20,38.91
USGS,394036116183401,2022-10-21,38.89
USGS,394036116183401,2022-10-22,38.86
USGS,394036116183401,2022-10-23,38.91
USGS,394036116183401,2022-10-24,38.93
USGS,394036116183401,2022-10-25,38.92
USGS,394036116183401,2022-10-26,38.91
USGS,394036116183401,2022-10-27,38.94
USGS,394036116183401,2022-10-28,38.94
USGS,394036116183401,2022-10-29,38.94
USGS,394036116183401,2022-10-30,38.93
USGS,394036116183401,2022-10-31,38.91
USGS,394036116183401,2022-11-01,38.88
USGS,394036116183401,2022-11-02,38.92
USGS,394036116183401,2022-11-03,38.94
USGS,394036116183401,2022-11-04,38.94
USGS,394036116183401,2022-11-05,38.91
USGS,394036116183401,2022-11-06,38.90
USGS,394036116183401,2022-11-07,38.90
USGS,394036116183401,2022-11-08,38.87
USGS,394036116183401,2022-11-09,38.92
USGS,394036116183401,2022-11-10,38.95
USGS,394036116183401,2022-11-11,38.94
USGS,394036116183401,2022-11-12,38.92
USGS,394036116183401,2022-11-13,38.94
USGS,394036116183401,2022-11-14,38.95
USGS,394036116183401,2022-11-15,38.97
USGS,394036116183401,2022-11-16,38.97
USGS,394036116183401,2022-11-17,38.93
USGS,394036116183401,2022-11-18,38.94
USGS,394036116183401,2022-11-19,38.96
USGS,394036116183401,2022-11-20,38.95
USGS,394036116183401,2022-11-21,38.95
USGS,394036116183401,2022-11-22,38.95
USGS,394036116183401,2022-11-23,38.96
USGS,394036116183401,2022-11-24,38.98
USGS,394036116183401,2022-11-25,38.95
USGS,394036116183401,2022-11-26,38.94
USGS,394036116183401,2022-11-27,38.93
USGS,394036116183401,2022-11-28,38.90
USGS,394036116183401,2022-11-29,38.95
USGS,394036116183401,2022-11-30,38.94
USGS,394036116183401,2022-12-01,38.92
USGS,394036116183401,2022-12-02,38.97
USGS,394036116183401,2022-12-03,38.96
USGS,394036116183401,2022-12-04,38.95
USGS,394036116183401,2022-12-05,38.95
USGS,394036116183401,2022-12-06,38.97
USGS,394036116183401,2022-12-07,38.97
USGS,394036116183401,2022-12-08,38.97
USGS,394036116183401,2022-12-09,38.96
USGS,394036116183401,2022-12-10,38.94
USGS,394036116183401,2022-12-11,38.92
USGS,394036116183401,2022-12-12,38.94
USGS,394036116183401,2022-12-13,38.98
USGS,394036116183401,2022-12-14,38.99
USGS,394036116183401,2022-12-15,38.99
USGS,394036116183401,2022-12-16,38.98
USGS,394036116183401,2022-12-17,38.97
USGS,394036116183401,2022-12-18,38.96
USGS,394036116183401,2022-12-19,38.99
USGS,394036116183401,2022-12-20,38.99
USGS,394036116183401,2022-12-21,38.98
USGS,394036116183401,2022-12-22,38.98
USGS,394036116183401,2022-12-23,39.00
USGS,394036116183401,2022-12-24,39.01
USGS,394036116183401,2022-12-25,39.00
USGS,394036116183401,2022-12-26,38.97
USGS,394036116183401,2022-12-27,38.92
USGS,394036116183401,2022-12-28,38.95
USGS,394036116183401,2022-12-29,38.96
USGS,394036116183401,2022-12-30,38.94
USGS,394036116183401,2022-12-31,38.90
USGS,394036116183401,2023-01-01,38.91
USGS,394036116183401,2023-01-02,38.94
USGS,394036116183401,2023-01-03,38.97
USGS,394036116183401,2023-01-04,38.97
USGS,394036116183401,2023-01-05,38.95
USGS,394036116183401,2023-01-06,38.99
USGS,394036116183401,2023-01-07,38.98
USGS,394036116183401,2023-01-08,38.97
USGS,394036116183401,2023-01-09,38.95
USGS,394036116183401,2023-01-10,38.93
USGS,394036116183401,2023-01-11,39.00
USGS,394036116183401,2023-01-12,39.00
USGS,394036116183401,2023-01-13,38.97
USGS,394036116183401,2023-01-14,38.93
USGS,394036116183401,2023-01-15,38.93
USGS,394036116183401,2023-01-16,38.94
USGS,394036116183401,2023-01-17,38.98
USGS,394036116183401,2023-01-18,39.00
USGS,394036116183401,2023-01-19,38.99
USGS,394036116183401,2023-01-20,39.02
USGS,394036116183401,2023-01-21,39.01
USGS,394036116183401,2023-01-22,38.98
USGS,394036116183401,2023-01-23,39.01
USGS,394036116183401,2023-01-24,39.03
USGS,394036116183401,2023-01-25,39.03
USGS,394036116183401,2023-01-26,39.03
USGS,394036116183401,2023-01-27,38.98
USGS,394036116183401,2023-01-28,38.97
USGS,394036116183401,2023-01-29,38.98
USGS,394036116183401,2023-01-30,39.02
USGS,394036116183401,2023-01-31,39.03
USGS,394036116183401,2023-02-01,39.03
USGS,394036116183401,2023-02-02,39.04
USGS,394036116183401,2023-02-03,39.02
USGS,394036116183401,2023-02-04,39.02
USGS,394036116183401,2023-02-05,39.01
USGS,394036116183401,2023-02-06,39.05
USGS,394036116183401,2023-02-07,39.05
USGS,394036116183401,2023-02-08,39.04
USGS,394036116183401,2023-02-09,39.05
USGS,394036116183401,2023-02-10,39.02
USGS,394036116183401,2023-02-11,39.01
USGS,394036116183401,2023-02-12,39.03
USGS,394036116183401,2023-02-13,39.00
USGS,394036116183401,2023-02-14,39.01
USGS,394036116183401,2023-02-15,39.06
USGS,394036116183401,2023-02-16,39.06
USGS,394036116183401,2023-02-17,39.05
USGS,394036116183401,2023-02-18,39.04
USGS,394036116183401,2023-02-19,39.06
USGS,394036116183401,2023-02-20,39.05
USGS,394036116183401,2023-02-21,38.97
USGS,394036116183401,2023-02-22,38.99
USGS,394036116183401,2023-02-23,39.02
USGS,394036116183401,2023-02-24,39.05
USGS,394036116183401,2023-02-25,39.04
USGS,394036116183401,2023-02-26,39.04
USGS,394036116183401,2023-02-27,39.03
USGS,394036116183401,2023-02-28,39.03
USGS,394036116183401,2023-03-01,39.04
USGS,394036116183401,2023-03-02,39.08
USGS,394036116183401,2023-03-03,39.05
USGS,394036116183401,2023-03-04,39.03
USGS,394036116183401,2023-03-05,39.05
USGS,394036116183401,2023-03-06,39.07
USGS,394036116183401,2023-03-07,39.07
USGS,394036116183401,2023-03-08,39.06
USGS,394036116183401,2023-03-09,39.06
USGS,394036116183401,2023-03-10,39.02
USGS,394036116183401,2023-03-11,39.06
USGS,394036116183401,2023-03-12,39.07
USGS,394036116183401,2023-03-13,39.06
USGS,394036116183401,2023-03-14,39.03
USGS,394036116183401,2023-03-15,39.05
USGS,394036116183401,2023-03-16,39.08
USGS,394036116183401,2023-03-17,39.08
USGS,394036116183401,2023-03-18,39.07
USGS,394036116183401,2023-03-19,39.03
USGS,394036116183401,2023-03-20,39.03
USGS,394036116183401,2023-03-21,39.02
USGS,394036116183401,2023-03-22,39.06
USGS,394036116183401,2023-03-23,39.08
USGS,394036116183401,2023-03-24,39.08
USGS,394036116183401,2023-03-25,39.07
USGS,394036116183401,2023-03-26,39.07
USGS,394036116183401,2023-03-27,39.08
USGS,394036116183401,2023-03-28,39.04
USGS,394036116183401,2023-03-29,39.03
USGS,394036116183401,2023-03-30,39.05
USGS,394036116183401,2023-03-31,39.09
USGS,394036116183401,2023-04-01,39.07
USGS,394036116183401,2023-04-02,39.05
USGS,394036116183401,2023-04-03,39.05
USGS,394036116183401,2023-04-04,39.08
USGS,394036116183401,2023-04-05,39.09
USGS,394036116183401,2023-04-06,39.08
USGS,394036116183401,2023-04-07,39.07
USGS,394036116183401,2023-04-08,39.09
USGS,394036116183401,2023-04-09,39.11
USGS,394036116183401,2023-04-10,39.08
USGS,394036116183401,2023-04-11,39.07
USGS,394036116183401,2023-04-12,39.04
USGS,394036116183401,2023-04-13,39.06
USGS,394036116183401,2023-04-14,39.08
USGS,394036116183401,2023-04-15,39.09
USGS,394036116183401,2023-04-16,39.07
USGS,394036116183401,2023-04-17,39.05
USGS,394036116183401,2023-04-18,39.06
USGS,394036116183401,2023-04-19,39.08
USGS,394036116183401,2023-04-20,39.10
USGS,394036116183401,2023-04-21,39.09
USGS,394036116183401,2023-04-22,39.07
USGS,394036116183401,2023-04-23,39.05
USGS,394036116183401,2023-04-24,39.06
USGS,394036116183401,2023-04-25,39.09
USGS,394036116183401,2023-04-26,39.09
USGS,394036116183401,2023-04-27,39.08
USGS,394036116183401,2023-04-28,39.09
USGS,394036116183401,2023-04-29,39.08
USGS,394036116183401,2023-04-30,39.05
USGS,394036116183401,2023-05-01,39.03
USGS,394036116183401,2023-05-02,39.06
USGS,394036116183401,2023-05-03,39.06
USGS,394036116183401,2023-05-04,39.06
USGS,394036116183401,2023-05-05,39.08
USGS,394036116183401,2023-05-06,39.08
USGS,394036116183401,2023-05-07,39.09
USGS,394036116183401,2023-05-08,39.08
USGS,394036116183401,2023-05-09,39.08
USGS,394036116183401,2023-05-10,39.08
USGS,394036116183401,2023-05-11,39.10
USGS,394036116183401,2023-05-12,39.10
USGS,394036116183401,2023-05-13,39.09
USGS,394036116183401,2023-05-14,39.09
USGS,394036116183401,2023-05-15,39.10
USGS,394036116183401,2023-05-16,39.10
USGS,394036116183401,2023-05-17,39.08
USGS,394036116183401,2023-05-18,39.09
USGS,394036116183401,2023-05-19,39.10
USGS,394036116183401,2023-05-20,39.10
USGS,394036116183401,2023-05-21,39.09
USGS,394036116183401,2023-05-22,39.08
USGS,394036116183401,2023-05-23,39.07
USGS,394036116183401,2023-05-24,39.06
USGS,394036116183401,2023-05-25,39.07
USGS,394036116183401,2023-05-26,39.08
USGS,394036116183401,2023-05-27,39.09
USGS,394036116183401,2023-05-28,39.09
USGS,394036116183401,2023-05-29,39.09
USGS,394036116183401,2023-05-30,39.09
USGS,394036116183401,2023-05-31,39.09
USGS,394036116183401,2023-06-01,39.10
USGS,394036116183401,2023-06-02,39.11
USGS,394036116183401,2023-06-03,39.11
USGS,394036116183401,2023-06-04,39.11
USGS,394036116183401,2023-06-05,39.10
USGS,394036116183401,2023-06-06,39.09
USGS,394036116183401,2023-06-07,39.11
USGS,394036116183401,2023-06-08,39.11
USGS,394036116183401,2023-06-09,39.11
USGS,394036116183401,2023-06-10,39.10
USGS,394036116183401,2023-06-11,39.10
USGS,394036116183401,2023-06-12,39.11
USGS,394036116183401,2023-06-13,39.11
USGS,394036116183401,2023-06-14,39.09
USGS,394036116183401,2023-06-15,39.11
USGS,394036116183401,2023-06-16,39.12
USGS,394036116183401,2023-06-17,39.11
USGS,394036116183401,2023-06-18,39.08
USGS,394036116183401,2023-06-19,39.10
USGS,394036116183401,2023-06-20,39.13
USGS,394036116183401,2023-06-21,39.12
USGS,394036116183401,2023-06-22,39.10
USGS,394036116183401,2023-06-23,39.12
USGS,394036116183401,2023-06-24,39.13
USGS,394036116183401,2023-06-25,39.12
USGS,394036116183401,2023-06-26,39.12
USGS,394036116183401,2023-06-27,39.11
USGS,394036116183401,2023-06-28,39.12
USGS,394036116183401,2023-06-29,39.13
USGS,394036116183401,2023-06-30,39.13
USGS,394036116183401,2023-07-01,39.13
USGS,394036116183401,2023-07-02,39.13
USGS,394036116183401,2023-07-03,39.12
USGS,394036116183401,2023-07-04,39.12
USGS,394036116183401,2023-07-05,39.13
USGS,394036116183401,2023-07-06,39.12
USGS,394036116183401,2023-07-07,39.12
USGS,394036116183401,2023-07-08,39.12
USGS,394036116183401,2023-07-09,39.13
USGS,394036116183401,2023-07-10,39.13
USGS,394036116183401,2023-07-11,39.14
USGS,394036116183401,2023-07-12,39.13
USGS,394036116183401,2023-07-13,39.14
USGS,394036116183401,2023-07-14,39.14
USGS,394036116183401,2023-07-15,39.14
USGS,394036116183401,2023-07-16,39.13
USGS,394036116183401,2023-07-17,39.13
USGS,394036116183401,2023-07-18,39.14
USGS,394036116183401,2023-07-19,39.14
USGS,394036116183401,2023-07-20,39.14
USGS,394036116183401,2023-07-21,39.14
USGS,394036116183401,2023-07-22,39.13
USGS,394036116183401,2023-07-23,39.14
USGS,394036116183401,2023-07-24,39.15
USGS,394036116183401,2023-07-25,39.14
USGS,394036116183401,2023-07-26,39.13
USGS,394036116183401,2023-07-27,39.13
USGS,394036116183401,2023-07-28,39.14
USGS,394036116183401,2023-07-29,39.14
USGS,394036116183401,2023-07-30,39.14
USGS,394036116183401,2023-07-31,39.14
USGS,394036116183401,2023-08-01,39.15
USGS,394036116183401,2023-08-02,39.14
USGS,394036116183401,2023-08-03,39.14
USGS,394036116183401,2023-08-04,39.14
USGS,394036116183401,2023-08-05,39.14
USGS,394036116183401,2023-08-06,39.15
USGS,394036116183401,2023-08-07,39.14
USGS,394036116183401,2023-08-08,39.14
USGS,394036116183401,2023-08-09,39.14
USGS,394036116183401,2023-08-10,39.14
USGS,394036116183401,2023-08-11,39.15
USGS,394036116183401,2023-08-12,39.15
USGS,394036116183401,2023-08-13,39.15
USGS,394036116183401,2023-08-14,39.16
USGS,394036116183401,2023-08-15,39.16
USGS,394036116183401,2023-08-16,39.15
USGS,394036116183401,2023-08-17,39.14
USGS,394036116183401,2023-08-18,39.14
USGS,394036116183401,2023-08-19,39.15
USGS,394036116183401,2023-08-20,39.12
USGS,394036116183401,2023-08-21,39.13
USGS,394036116183401,2023-08-22,39.15
USGS,394036116183401,2023-08-23,39.15
USGS,394036116183401,2023-08-24,39.15
USGS,394036116183401,2023-08-25,39.15
USGS,394036116183401,2023-08-26,39.15
USGS,394036116183401,2023-08-27,39.16
USGS,394036116183401,2023-08-28,39.16
USGS,394036116183401,2023-08-29,39.15
USGS,394036116183401,2023-08-30,39.15
USGS,394036116183401,2023-08-31,39.13
USGS,394036116183401,2023-09-01,39.14
USGS,394036116183401,2023-09-02,39.16
USGS,394036116183401,2023-09-03,39.14
USGS,394036116183401,2023-09-04,39.15
USGS,394036116183401,2023-09-05,39.15
USGS,394036116183401,2023-09-06,39.16
USGS,394036116183401,2023-09-07,39.16
USGS,394036116183401,2023-09-08,39.17
USGS,394036116183401,2023-09-09,39.17
USGS,394036116183401,2023-09-10,39.16
USGS,394036116183401,2023-09-11,39.16
USGS,394036116183401,2023-09-12,39.16
USGS,394036116183401,2023-09-13,39.15
USGS,394036116183401,2023-09-14,39.15
USGS,394036116183401,2023-09-15,39.15
USGS,394036116183401,2023-09-16,39.15
USGS,394036116183401,2023-09-17,39.14
USGS,394036116183401,2023-09-18,39.14
USGS,394036116183401,2023-09-19,39.13
USGS,394036116183401,2023-09-20,
USGS,394036116183401,2023-09-21,39.12
USGS,394036116183401,2023-09-22,39.15
USGS,394036116183401,2023-09-23,39.14
USGS,394036116183401,2023-09-24,39.15
USGS,394036116183401,2023-09-25,39.15
USGS,394036116183401,2023-09-26,39.15
USGS,394036116183401,2023-09-27,39.14
USGS,394036116183401,2023-09-28,39.13
USGS,394036116183401,2023-09-29,39.12
USGS,394036116183401,2023-09-30,39.11
USGS,394036116183401,2023-10-01,39.12
USGS,394036116183401,2023-10-02,39.14
USGS,394036116183401,2023-10-03,39.15
USGS,394036116183401,2023-10-04,39.16
USGS,394036116183401,2023-10-05,39.16
USGS,394036116183401,2023-10-06,39.15
USGS,394036116183401,2023-10-07,39.15
USGS,394036116183401,2023-10-08,39.14
USGS,394036116183401,2023-10-09,39.12
USGS,394036116183401,2023-10-10,39.11
USGS,394036116183401,2023-10-11,39.13
USGS,394036116183401,2023-10-12,39.15
USGS,394036116183401,2023-10-13,39.15
USGS,394036116183401,2023-10-14,39.17
USGS,394036116183401,2023-10-15,39.17
USGS,394036116183401,2023-10-16,39.15
USGS,394036116183401,2023-10-17,39.15
USGS,394036116183401,2023-10-18,39.16
USGS,394036116183401,2023-10-19,39.16
USGS,394036116183401,2023-10-20,39.15
USGS,394036116183401,2023-10-21,39.14
USGS,394036116183401,2023-10-22,39.12
USGS,394036116183401,2023-10-23,39.14
USGS,394036116183401,2023-10-24,39.15
USGS,394036116183401,2023-10-25,39.14
USGS,394036116183401,2023-10-26,39.16
USGS,394036116183401,2023-10-27,39.16
USGS,394036116183401,2023-10-28,39.17
USGS,394036116183401,2023-10-29,39.18
USGS,394036116183401,2023-10-30,39.17
USGS,394036116183401,2023-10-31,39.16
USGS,394036116183401,2023-11-01,39.16
USGS,394036116183401,2023-11-02,39.17
USGS,394036116183401,2023-11-03,39.17
USGS,394036116183401,2023-11-04,39.16
USGS,394036116183401,2023-11-05,39.14
USGS,394036116183401,2023-11-06,39.14
USGS,394036116183401,2023-11-07,39.16
USGS,394036116183401,2023-11-08,39.19
USGS,394036116183401,2023-11-09,39.17
USGS,394036116183401,2023-11-10,39.16
USGS,394036116183401,2023-11-11,39.18
USGS,394036116183401,2023-11-12,39.16
USGS,394036116183401,2023-11-13,39.16
USGS,394036116183401,2023-11-14,39.17
USGS,394036116183401,2023-11-15,39.16
USGS,394036116183401,2023-11-16,39.17
USGS,394036116183401,2023-11-17,39.17
USGS,394036116183401,2023-11-18,39.15
USGS,394036116183401,2023-11-19,39.18
USGS,394036116183401,2023-11-20,39.21
USGS,394036116183401,2023-11-21,39.19
USGS,394036116183401,2023-11-22,39.16
USGS,394036116183401,2023-11-23,39.13
USGS,394036116183401,2023-11-24,39.16
USGS,394036116183401,2023-11-25,39.18
USGS,394036116183401,2023-11-26,39.18
USGS,394036116183401,2023-11-27,39.19
USGS,394036116183401,2023-11-28,39.17
USGS,394036116183401,2023-11-29,39.15
USGS,394036116183401,2023-11-30,39.15
USGS,394036116183401,2023-12-01,39.17
USGS,394036116183401,2023-12-02,39.18
USGS,394036116183401,2023-12-03,39.20
USGS,394036116183401,2023-12-04,39.20
USGS,394036116183401,2023-12-05,39.19
USGS,394036116183401,2023-12-06,39.16
USGS,394036116183401,2023-12-07,39.17
USGS,394036116183401,2023-12-08,39.19
USGS,394036116183401,2023-12-09,39.21
USGS,394036116183401,2023-12-10,39.19
USGS,394036116183401,2023-12-11,39.16
USGS,394036116183401,2023-12-12,39.17
USGS,394036116183401,2023-12-13,39.19
USGS,394036116183401,2023-12-14,39.20
USGS,394036116183401,2023-12-15,39.20
USGS,394036116183401,2023-12-16,39.19
USGS,394036116183401,2023-12-17,39.18
USGS,394036116183401,2023-12-18,39.15
USGS,394036116183401,2023-12-19,39.16
USGS,394036116183401,2023-12-20,39.17
USGS,394036116183401,2023-12-21,39.19
USGS,394036116183401,2023-12-22,39.17
USGS,394036116183401,2023-12-23,39.18
USGS,394036116183401,2023-12-24,39.19
USGS,394036116183401,2023-12-25,39.19
USGS,394036116183401,2023-12-26,39.19
USGS,394036116183401,2023-12-27,39.19
USGS,394036116183401,2023-12-28,39.20
USGS,394036116183401,2023-12-29,39.18
USGS,394036116183401,2023-12-30,39.17
USGS,394036116183401,2023-12-31,39.19
USGS,394036116183401,2024-01-01,39.20
USGS,394036116183401,2024-01-02,39.19
USGS,394036116183401,2024-01-03,39.16
USGS,394036116183401,2024-01-04,39.19
USGS,394036116183401,2024-01-05,39.20
USGS,394036116183401,2024-01-06,39.15
USGS,394036116183401,2024-01-07,39.16
USGS,394036116183401,2024-01-08,39.20
USGS,394036116183401,2024-01-09,39.17
USGS,394036116183401,2024-01-10,39.14
USGS,394036116183401,2024-01-11,39.18
USGS,394036116183401,2024-01-12,39.18
USGS,394036116183401,2024-01-13,39.16
USGS,394036116183401,2024-01-14,39.18
USGS,394036116183401,2024-01-15,39.20
USGS,394036116183401,2024-01-16,39.18
USGS,394036116183401,2024-01-17,39.16
USGS,394036116183401,2024-01-18,39.20
USGS,394036116183401,2024-01-19,39.18
USGS,394036116183401,2024-01-20,39.16
USGS,394036116183401,2024-01-21,39.16
USGS,394036116183401,2024-01-22,39.16
USGS,394036116183401,2024-01-23,39.18
USGS,394036116183401,2024-01-24,39.19
USGS,394036116183401,2024-01-25,39.19
USGS,394036116183401,2024-01-26,39.21
USGS,394036116183401,2024-01-27,39.21
USGS,394036116183401,2024-01-28,39.20
USGS,394036116183401,2024-01-29,39.19
USGS,394036116183401,2024-01-30,39.17
USGS,394036116183401,2024-01-31,39.15
USGS,394036116183401,2024-02-01,39.13
USGS,394036116183401,2024-02-02,39.15
USGS,394036116183401,2024-02-03,39.17
USGS,394036116183401,2024-02-04,39.16
USGS,394036116183401,2024-02-05,39.15
USGS,394036116183401,2024-02-06,39.13
USGS,394036116183401,2024-02-07,39.15
USGS,394036116183401,2024-02-08,39.17
USGS,394036116183401,2024-02-09,39.18
USGS,394036116183401,2024-02-10,39.20
USGS,394036116183401,2024-02-11,39.20
USGS,394036116183401,2024-02-12,39.18
USGS,394036116183401,2024-02-13,39.17
USGS,394036116183401,2024-02-14,39.18
USGS,394036116183401,2024-02-15,39.19
USGS,394036116183401,2024-02-16,39.19
USGS,394036116183401,2024-02-17,39.18
USGS,394036116183401,2024-02-18,39.17
USGS,394036116183401,2024-02-19,39.16
USGS,394036116183401,2024-02-20,39.17
USGS,394036116183401,2024-02-21,39.18
USGS,394036116183401,2024-02-22,39.20
USGS,394036116183401,2024-02-23,39.19
USGS,394036116183401,2024-02-24,39.18
USGS,394036116183401,2024-02-25,39.17
USGS,394036116183401,2024-02-26,39.15
USGS,394036116183401,2024-02-27,39.18
USGS,394036116183401,2024-02-28,39.18
USGS,394036116183401,2024-02-29,39.16
USGS,394036116183401,2024-03-01,39.15
USGS,394036116183401,2024-03-02,39.14
USGS,394036116183401,2024-03-03,39.16
USGS,394036116183401,2024-03-04,39.19
USGS,394036116183401,2024-03-05,39.18
USGS,394036116183401,2024-03-06,39.17
USGS,394036116183401,2024-03-07,39.19
USGS,394036116183401,2024-03-08,39.21
USGS,394036116183401,2024-03-09,39.18
USGS,394036116183401,2024-03-10,39.17
USGS,394036116183401,2024-03-11,39.17
USGS,394036116183401,2024-03-12,39.18
USGS,394036116183401,2024-03-13,39.19
USGS,394036116183401,2024-03-14,39.19
USGS,394036116183401,2024-03-15,39.18
USGS,394036116183401,2024-03-16,39.19
USGS,394036116183401,2024-03-17,39.20
USGS,394036116183401,2024-03-18,39.20
USGS,394036116183401,2024-03-19,39.18
USGS,394036116183401,2024-03-20,39.18
USGS,394036116183401,2024-03-21,39.19
USGS,394036116183401,2024-03-22,39.17
USGS,394036116183401,2024-03-23,39.14
USGS,394036116183401,2024-03-24,39.16
USGS,394036116183401,2024-03-25,39.17
USGS,394036116183401,2024-03-26,39.19
USGS,394036116183401,2024-03-27,39.19
USGS,394036116183401,2024-03-28,39.17
USGS,394036116183401,2024-03-29,39.15
USGS,394036116183401,2024-03-30,39.15
USGS,394036116183401,2024-03-31,39.16
USGS,394036116183401,2024-04-01,39.20
USGS,394036116183401,2024-04-02,39.22
USGS,394036116183401,2024-04-03,39.17
USGS,394036116183401,2024-04-04,39.12
USGS,394036116183401,2024-04-05,39.15
USGS,394036116183401,2024-04-06,39.20
USGS,394036116183401,2024-04-07,39.18
USGS,394036116183401,2024-04-08,39.19
USGS,394036116183401,2024-04-09,39.20
USGS,394036116183401,2024-04-10,39.19
USGS,394036116183401,2024-04-11,39.17
USGS,394036116183401,2024-04-12,39.16
USGS,394036116183401,2024-04-13,39.16
USGS,394036116183401,2024-04-14,39.17
USGS,394036116183401,2024-04-15,39.19
USGS,394036116183401,2024-04-16,39.19
USGS,394036116183401,2024-04-17,39.18
USGS,394036116183401,2024-04-18,39.18
USGS,394036116183401,2024-04-19,39.18
USGS,394036116183401,2024-04-20,39.19
USGS,394036116183401,2024-04-21,39.18
USGS,394036116183401,2024-04-22,39.17
USGS,394036116183401,2024-04-23,39.17
USGS,394036116183401,2024-04-24,39.17
USGS,394036116183401,2024-04-25,39.16
USGS,394036116183401,2024-04-26,39.15
USGS,394036116183401,2024-04-27,39.18
USGS,394036116183401,2024-04-28,39.18
USGS,394036116183401,2024-04-29,39.17
USGS,394036116183401,2024-04-30,39.17
USGS,394036116183401,2024-05-01,39.18
USGS,394036116183401,2024-05-02,39.17
USGS,394036116183401,2024-05-03,39.17
USGS,394036116183401,2024-05-04,39.13
USGS,394036116183401,2024-05-05,39.16
USGS,394036116183401,2024-05-06,39.18
USGS,394036116183401,2024-05-07,39.18
USGS,394036116183401,2024-05-08,39.19
USGS,394036116183401,2024-05-09,39.19
USGS,394036116183401,2024-05-10,39.18
USGS,394036116183401,2024-05-11,39.18
USGS,394036116183401,2024-05-12,39.17
USGS,394036116183401,2024-05-13,39.17
USGS,394036116183401,2024-05-14,39.17
USGS,394036116183401,2024-05-15,39.18
USGS,394036116183401,2024-05-16,39.17
USGS,394036116183401,2024-05-17,39.17
USGS,394036116183401,2024-05-18,39.17
USGS,394036116183401,2024-05-19,39.17
USGS,394036116183401,2024-05-20,39.17
USGS,394036116183401,2024-05-21,39.18
USGS,394036116183401,2024-05-22,39.16
USGS,394036116183401,2024-05-23,39.17
USGS,394036116183401,2024-05-24,39.15
USGS,394036116183401,2024-05-25,39.17
USGS,394036116183401,2024-05-26,39.18
USGS,394036116183401,2024-05-27,39.18
USGS,394036116183401,2024-05-28,39.17
USGS,394036116183401,2024-05-29,39.18
USGS,394036116183401,2024-05-30,39.18
USGS,394036116183401,2024-05-31,39.16
USGS,394036116183401,2024-06-01,39.16
USGS,394036116183401,2024-06-02,39.16
USGS,394036116183401,2024-06-03,39.16
USGS,394036116183401,2024-06-04,39.18
USGS,394036116183401,2024-06-05,39.18
USGS,394036116183401,2024-06-06,39.17
USGS,394036116183401,2024-06-07,39.16
USGS,394036116183401,2024-06-08,39.16
USGS,394036116183401,2024-06-09,39.16
USGS,394036116183401,2024-06-10,39.17
USGS,394036116183401,2024-06-11,39.17
USGS,394036116183401,2024-06-12,39.16
USGS,394036116183401,2024-06-13,39.16
USGS,394036116183401,2024-06-14,39.16
USGS,394036116183401,2024-06-15,39.15
USGS,394036116183401,2024-06-16,39.14
USGS,394036116183401,2024-06-17,39.15
USGS,394036116183401,2024-06-18,39.16
USGS,394036116183401,2024-06-19,39.16
USGS,394036116183401,2024-06-20,39.16
USGS,394036116183401,2024-06-21,39.16
USGS,394036116183401,2024-06-22,39.16
USGS,394036116183401,2024-06-23,39.16
USGS,394036116183401,2024-06-24,39.16
USGS,394036116183401,2024-06-25,39.16
USGS,394036116183401,2024-06-26,39.15
USGS,394036116183401,2024-06-27,39.14
USGS,394036116183401,2024-06-28,39.14
USGS,394036116183401,2024-06-29,39.15
USGS,394036116183401,2024-06-30,39.15
USGS,394036116183401,2024-07-01,39.15
USGS,394036116183401,2024-07-02,39.16
USGS,394036116183401,2024-07-03,39.16
USGS,394036116183401,2024-07-04,39.17
USGS,394036116183401,2024-07-05,39.16
USGS,394036116183401,2024-07-06,39.15
USGS,394036116183401,2024-07-07,39.15
USGS,394036116183401,2024-07-08,39.15
USGS,394036116183401,2024-07-09,39.15
USGS,394036116183401,2024-07-10,39.15
USGS,394036116183401,2024-07-11,39.15
USGS,394036116183401,2024-07-12,39.15
USGS,394036116183401,2024-07-13,39.15
USGS,394036116183401,2024-07-14,39.15
USGS,394036116183401,2024-07-15,39.15
USGS,394036116183401,2024-07-16,39.15
USGS,394036116183401,2024-07-17,39.15
USGS,394036116183401,2024-07-18,39.15
USGS,394036116183401,2024-07-19,39.15
USGS,394036116183401,2024-07-20,39.15
USGS,394036116183401,2024-07-21,39.14
USGS,394036116183401,2024-07-22,
USGS,394036116183401,2024-07-23,39.17
USGS,394036116183401,2024-07-24,39.17
USGS,394036116183401,2024-07-25,39.16
USGS,394036116183401,2024-07-26,39.14
USGS,394036116183401,2024-07-27,39.13
USGS,394036116183401,2024-07-28,39.15
USGS,394036116183401,2024-07-29,39.15
USGS,394036116183401,2024-07-30,39.15
USGS,394036116183401,2024-07-31,39.16
USGS,394036116183401,2024-08-01,39.17
USGS,394036116183401,2024-08-02,39.16
USGS,394036116183401,2024-08-03,39.15
USGS,394036116183401,2024-08-04,39.15
USGS,394036116183401,2024-08-05,39.15
USGS,394036116183401,2024-08-06,39.16
USGS,394036116183401,2024-08-07,39.15
USGS,394036116183401,2024-08-08,39.15
USGS,394036116183401,2024-08-09,39.15
USGS,394036116183401,2024-08-10,39.15
USGS,394036116183401,2024-08-11,39.15
USGS,394036116183401,2024-08-12,39.14
USGS,394036116183401,2024-08-13,39.15
USGS,394036116183401,2024-08-14,39.15
USGS,394036116183401,2024-08-15,39.15
USGS,394036116183401,2024-08-16,39.14
USGS,394036116183401,2024-08-17,39.14
USGS,394036116183401,2024-08-18,39.15
USGS,394036116183401,2024-08-19,39.16
USGS,394036116183401,2024-08-20,39.15
USGS,394036116183401,2024-08-21,39.15
USGS,394036116183401,2024-08-22,39.13
USGS,394036116183401,2024-08-23,39.13
USGS,394036116183401,2024-08-24,39.15
USGS,394036116183401,2024-08-25,39.15
USGS,394036116183401,2024-08-26,39.16
USGS,394036116183401,2024-08-27,39.15
USGS,394036116183401,2024-08-28,39.15
USGS,394036116183401,2024-08-29,39.16
USGS,394036116183401,2024-08-30,39.16
USGS,394036116183401,2024-08-31,39.15
USGS,394036116183401,2024-09-01,39.15
USGS,394036116183401,2024-09-02,39.15
USGS,394036116183401,2024-09-03,39.15
USGS,394036116183401,2024-09-04,39.17
USGS,394036116183401,2024-09-05,39.16
USGS,394036116183401,2024-09-06,39.15
USGS,394036116183401,2024-09-07,39.14
USGS,394036116183401,2024-09-08,39.14
USGS,394036116183401,2024-09-09,39.14
USGS,394036116183401,2024-09-10,39.13
USGS,394036116183401,2024-09-11,39.12
USGS,394036116183401,2024-09-12,
USGS,394036116183401,2024-09-13,39.15
USGS,394036116183401,2024-09-14,39.15
USGS,394036116183401,2024-09-15,39.13
USGS,394036116183401,2024-09-16,39.13
USGS,394036116183401,2024-09-17,39.15
USGS,394036116183401,2024-09-18,39.15
USGS,394036116183401,2024-09-19,39.15
USGS,394036116183401,2024-09-20,39.15
USGS,394036116183401,2024-09-21,39.16
USGS,394036116183401,2024-09-22,39.17
USGS,394036116183401,2024-09-23,39.17
USGS,394036116183401,2024-09-24,39.16
USGS,394036116183401,2024-09-25,39.15
USGS,394036116183401,2024-09-26,39.16
USGS,394036116183401,2024-09-27,39.16
USGS,394036116183401,2024-09-28,39.16
USGS,394036116183401,2024-09-29,39.16
USGS,394036116183401,2024-09-30,39.17
USGS,394036116183401,2024-10-01,39.16
USGS,394036116183401,2024-10-02,39.14
USGS,394036116183401,2024-10-03,39.14
USGS,394036116183401,2024-10-04,39.15
USGS,394036116183401,2024-10-05,39.16
USGS,394036116183401,2024-10-06,39.15
USGS,394036116183401,2024-10-07,39.14
USGS,394036116183401,2024-10-08,39.13
USGS,394036116183401,2024-10-09,39.14
USGS,394036116183401,2024-10-10,39.14
USGS,394036116183401,2024-10-11,39.14
USGS,394036116183401,2024-10-12,39.14
USGS,394036116183401,2024-10-13,39.14
USGS,394036116183401,2024-10-14,39.14
USGS,394036116183401,2024-10-15,39.13
USGS,394036116183401,2024-10-16,39.11
USGS,394036116183401,2024-10-17,39.11
USGS,394036116183401,2024-10-18,39.15
USGS,394036116183401,2024-10-19,39.15
USGS,394036116183401,2024-10-20,39.13
USGS,394036116183401,2024-10-21,39.13
USGS,394036116183401,2024-10-22,39.14
USGS,394036116183401,2024-10-23,39.13
USGS,394036116183401,2024-10-24,39.13
USGS,394036116183401,2024-10-25,39.13
USGS,394036116183401,2024-10-26,39.14
USGS,394036116183401,2024-10-27,39.11
USGS,394036116183401,2024-10-28,39.09
USGS,394036116183401,2024-10-29,39.11
USGS,394036116183401,2024-10-30,39.12
USGS,394036116183401,2024-10-31,39.11
USGS,394036116183401,2024-11-01,39.11
USGS,394036116183401,2024-11-02,39.10
USGS,394036116183401,2024-11-03,39.12
USGS,394036116183401,2024-11-04,39.13
USGS,394036116183401,2024-11-05,39.11
USGS,394036116183401,2024-11-06,39.13
USGS,394036116183401,2024-11-07,39.13
USGS,394036116183401,2024-11-08,39.12
USGS,394036116183401,2024-11-09,39.10
USGS,394036116183401,2024-11-10,39.11
USGS,394036116183401,2024-11-11,39.09
USGS,394036116183401,2024-11-12,39.12
USGS,394036116183401,2024-11-13,39.11
USGS,394036116183401,2024-11-14,39.09
USGS,394036116183401,2024-11-15,39.07
USGS,394036116183401,2024-11-16,39.11
USGS,394036116183401,2024-11-17,39.10
USGS,394036116183401,2024-11-18,39.10
USGS,394036116183401,2024-11-19,39.11
USGS,394036116183401,2024-11-20,39.11
USGS,394036116183401,2024-11-21,39.11
USGS,394036116183401,2024-11-22,39.09
USGS,394036116183401,2024-11-23,39.08
USGS,394036116183401,2024-11-24,39.11
USGS,394036116183401,2024-11-25,39.10
USGS,394036116183401,2024-11-26,39.09
USGS,394036116183401,2024-11-27,39.11
USGS,394036116183401,2024-11-28,39.11
USGS,394036116183401,2024-11-29,39.11
USGS,394036116183401,2024-11-30,39.11
USGS,394036116183401,2024-12-01,39.11
USGS,394036116183401,2024-12-02,39.11
USGS,394036116183401,2024-12-03,39.10
USGS,394036116183401,2024-12-04,39.11
USGS,394036116183401,2024-12-05,39.10
USGS,394036116183401,2024-12-06,39.11
USGS,394036116183401,2024-12-07,39.09
USGS,394036116183401,2024-12-08,39.08
USGS,394036116183401,2024-12-09,39.11
USGS,394036116183401,2024-12-10,39.11
USGS,394036116183401,2024-12-11,39.08
USGS,394036116183401,2024-12-12,39.05
USGS,394036116183401,2024-12-13,39.09
USGS,394036116183401,2024-12-14,39.07
USGS,394036116183401,2024-12-15,39.10
USGS,394036116183401,2024-12-16,39.08
USGS,394036116183401,2024-12-17,39.11
USGS,394036116183401,2024-12-18,39.11
USGS,394036116183401,2024-12-19,39.09
USGS,394036116183401,2024-12-20,39.09
USGS,394036116183401,2024-12-21,39.08
USGS,394036116183401,2024-12-22,39.08
USGS,394036116183401,2024-12-23,39.08
USGS,394036116183401,2024-12-24,39.05
USGS,394036116183401,2024-12-25,39.07
USGS,394036116183401,2024-12-26,39.06
USGS,394036116183401,2024-12-27,39.04
USGS,394036116183401,2024-12-28,39.07
USGS,394036116183401,2024-12-29,39.05
USGS,394036116183401,2024-12-30,39.08
USGS,394036116183401,2024-12-31,39.07
USGS,394036116183401,2025-01-01,39.07
USGS,394036116183401,2025-01-02,39.07
USGS,394036116183401,2025-01-03,39.04
USGS,394036116183401,2025-01-04,39.07
USGS,394036116183401,2025-01-05,39.08
USGS,394036116183401,2025-01-06,39.06
USGS,394036116183401,2025-01-07,39.08
USGS,394036116183401,2025-01-08,39.08
USGS,394036116183401,2025-01-09,39.08
USGS,394036116183401,2025-01-10,39.06
USGS,394036116183401,2025-01-11,39.06
USGS,394036116183401,2025-01-12,39.05
USGS,394036116183401,2025-01-13,39.07
USGS,394036116183401,2025-01-14,39.07
USGS,394036116183401,2025-01-15,39.06
USGS,394036116183401,2025-01-16,39.04
USGS,394036116183401,2025-01-17,39.04
USGS,394036116183401,2025-01-18,39.06
USGS,394036116183401,2025-01-19,39.04
USGS,394036116183401,2025-01-20,39.07
USGS,394036116183401,2025-01-21,39.07
USGS,394036116183401,2025-01-22,39.07
USGS,394036116183401,2025-01-23,39.06
USGS,394036116183401,2025-01-24,39.01
USGS,394036116183401,2025-01-25,39.00
USGS,394036116183401,2025-01-26,39.04
USGS,394036116183401,2025-01-27,39.04
USGS,394036116183401,2025-01-28,39.03
USGS,394036116183401,2025-01-29,39.03
USGS,394036116183401,2025-01-30,39.04
USGS,394036116183401,2025-01-31,39.03
USGS,394036116183401,2025-02-01,39.02
USGS,394036116183401,2025-02-02,39.01
USGS,394036116183401,2025-02-03,39.01
USGS,394036116183401,2025-02-04,39.00
USGS,394036116183401,2025-02-05,39.02
USGS,394036116183401,2025-02-06,39.01
USGS,394036116183401,2025-02-07,39.03
USGS,394036116183401,2025-02-08,39.04
USGS,394036116183401,2025-02-09,39.03
USGS,394036116183401,2025-02-10,39.01
USGS,394036116183401,2025-02-11,39.00
USGS,394036116183401,2025-02-12,39.00
USGS,394036116183401,2025-02-13,38.98
USGS,394036116183401,2025-02-14,39.01
USGS,394036116183401,2025-02-15,39.04
USGS,394036116183401,2025-02-16,39.01
USGS,394036116183401,2025-02-17,39.01
USGS,394036116183401,2025-02-18,39.03
USGS,394036116183401,2025-02-19,39.01
USGS,394036116183401,2025-02-20,39.03
USGS,394036116183401,2025-02-21,39.03
USGS,394036116183401,2025-02-22,39.03
USGS,394036116183401,2025-02-23,39.02
USGS,394036116183401,2025-02-24,39.01
USGS,394036116183401,2025-02-25,39.01
USGS,394036116183401,2025-02-26,39.02
USGS,394036116183401,2025-02-27,39.02
USGS,394036116183401,2025-02-28,39.00
USGS,394036116183401,2025-03-01,38.98
USGS,394036116183401,2025-03-02,38.96
USGS,394036116183401,2025-03-03,38.97
USGS,394036116183401,2025-03-04,39.00
USGS,394036116183401,2025-03-05,38.96
USGS,394036116183401,2025-03-06,38.95
USGS,394036116183401,2025-03-07,39.01
USGS,394036116183401,2025-03-08,39.02
USGS,394036116183401,2025-03-09,39.00
USGS,394036116183401,2025-03-10,38.97
USGS,394036116183401,2025-03-11,38.96
USGS,394036116183401,2025-03-12,38.96
USGS,394036116183401,2025-03-13,38.94
USGS,394036116183401,2025-03-14,38.95
USGS,394036116183401,2025-03-15,38.98
USGS,394036116183401,2025-03-16,38.98
USGS,394036116183401,2025-03-17,38.96
USGS,394036116183401,2025-03-18,39.00
USGS,394036116183401,2025-03-19,39.00
USGS,394036116183401,2025-03-20,38.98
USGS,394036116183401,2025-03-21,38.97
USGS,394036116183401,2025-03-22,38.98
USGS,394036116183401,2025-03-23,38.99
USGS,394036116183401,2025-03-24,38.99
USGS,394036116183401,2025-03-25,38.98
USGS,394036116183401,2025-03-26,38.96
USGS,394036116183401,2025-03-27,38.95
USGS,394036116183401,2025-03-28,38.96
USGS,394036116183401,2025-03-29,38.96
USGS,394036116183401,2025-03-30,38.95
USGS,394036116183401,2025-03-31,38.94
USGS,394036116183401,2025-04-01,38.94
USGS,394036116183401,2025-04-02,38.95
USGS,394036116183401,2025-04-03,38.97
USGS,394036116183401,2025-04-04,38.99
USGS,394036116183401,2025-04-05,38.99
USGS,394036116183401,2025-04-06,38.97
USGS,394036116183401,2025-04-07,38.96
USGS,394036116183401,2025-04-08,38.97
USGS,394036116183401,2025-04-09,38.98
USGS,394036116183401,2025-04-10,38.97
USGS,394036116183401,2025-04-11,38.95
USGS,394036116183401,2025-04-12,38.95
USGS,394036116183401,2025-04-13,38.96
USGS,394036116183401,2025-04-14,38.96
USGS,394036116183401,2025-04-15,38.95
USGS,394036116183401,2025-04-16,38.93
USGS,394036116183401,2025-04-17,38.93
USGS,394036116183401,2025-04-18,38.96
USGS,394036116183401,2025-04-19,38.96
USGS,394036116183401,2025-04-20,38.95
USGS,394036116183401,2025-04-21,38.95
USGS,394036116183401,2025-04-22,38.94
USGS,394036116183401,2025-04-23,38.93
USGS,394036116183401,2025-04-24,38.94
USGS,394036116183401,2025-04-25,38.92
USGS,394036116183401,2025-04-26,38.92
USGS,394036116183401,2025-04-27,38.93
USGS,394036116183401,2025-04-28,38.96
USGS,394036116183401,2025-04-29,38.95
USGS,394036116183401,2025-04-30,38.94
USGS,394036116183401,2025-05-01,38.94
USGS,394036116183401,2025-05-02,38.94
USGS,394036116183401,2025-05-03,38.92
USGS,394036116183401,2025-05-04,38.92
USGS,394036116183401,2025-05-05,38.93
USGS,394036116183401,2025-05-06,38.94
USGS,394036116183401,2025-05-07,38.94
USGS,394036116183401,2025-05-08,38.95
USGS,394036116183401,2025-05-09,38.95
USGS,394036116183401,2025-05-10,38.93
USGS,394036116183401,2025-05-11,38.91
USGS,394036116183401,2025-05-12,38.90
USGS,394036116183401,2025-05-13,
USGS,394036116183401,2025-05-14,38.93
USGS,394036116183401,2025-05-15,38.93
USGS,394036116183401,2025-05-16,38.92
USGS,394036116183401,2025-05-17,38.89
USGS,394036116183401,2025-05-18,38.92
USGS,394036116183401,2025-05-19,38.93
USGS,394036116183401,2025-05-20,38.93
USGS,394036116183401,2025-05-21,38.92
USGS,394036116183401,2025-05-22,38.91
USGS,394036116183401,2025-05-23,38.91
USGS,394036116183401,2025-05-24,38.92
USGS,394036116183401,2025-05-25,38.92
USGS,394036116183401,2025-05-26,38.92
USGS,394036116183401,2025-05-27,38.92
USGS,394036116183401,2025-05-28,38.92
USGS,394036116183401,2025-05-29,38.92
USGS,394036116183401,2025-05-30,38.93
USGS,394036116183401,2025-05-31,38.91
USGS,394036116183401,2025-06-01,38.90
USGS,394036116183401,2025-06-02,38.91
USGS,394036116183401,2025-06-03,38.91
USGS,394036116183401,2025-06-04,38.90
USGS,394036116183401,2025-06-05,38.91
USGS,394036116183401,2025-06-06,38.91
USGS,394036116183401,2025-06-07,38.92
USGS,394036116183401,2025-06-08,38.91
USGS,394036116183401,2025-06-09,38.91
USGS,394036116183401,2025-06-10,38.90
USGS,394036116183401,2025-06-11,38.90
USGS,394036116183401,2025-06-12,38.89
USGS,394036116183401,2025-06-13,38.90
USGS,394036116183401,2025-06-14,38.91
USGS,394036116183401,2025-06-15,38.91
USGS,394036116183401,2025-06-16,38.90
USGS,394036116183401,2025-06-17,38.90
USGS,394036116183401,2025-06-18,38.90
USGS,394036116183401,2025-06-19,38.88
USGS,394036116183401,2025-06-20,38.87
USGS,394036116183401,2025-06-21,38.89
USGS,394036116183401,2025-06-22,38.90
USGS,394036116183401,2025-06-23,38.90
USGS,394036116183401,2025-06-24,38.90
USGS,394036116183401,2025-06-25,38.90
USGS,394036116183401,2025-06-26,38.89
USGS,394036116183401,2025-06-27,38.89
USGS,394036116183401,2025-06-28,38.90
USGS,394036116183401,2025-06-29,38.89
USGS,394036116183401,2025-06-30,38.89
USGS,394036116183401,2025-07-01,38.88
USGS,394036116183401,2025-07-02,38.89
USGS,394036116183401,2025-07-03,38.88
USGS,394036116183401,2025-07-04,38.88
USGS,394036116183401,2025-07-05,38.90
USGS,394036116183401,2025-07-06,38.89
USGS,394036116183401,2025-07-07,38.89
USGS,394036116183401,2025-07-08,38.89
USGS,394036116183401,2025-07-09,38.89
USGS,394036116183401,2025-07-10,38.89
USGS,394036116183401,2025-07-11,38.88
USGS,394036116183401,2025-07-12,38.88
USGS,394036116183401,2025-07-13,38.89
USGS,394036116183401,2025-07-14,38.87
USGS,394036116183401,2025-07-15,38.87
USGS,394036116183401,2025-07-16,38.87
USGS,394036116183401,2025-07-17,38.87
USGS,394036116183401,2025-07-18,38.88
USGS,394036116183401,2025-07-19,38.88
USGS,394036116183401,2025-07-20,38.87
USGS,394036116183401,2025-07-21,38.86
USGS,394036116183401,2025-07-22,38.87
USGS,394036116183401,2025-07-23,38.87
USGS,394036116183401,2025-07-24,38.88
USGS,394036116183401,2025-07-25,38.86
USGS,394036116183401,2025-07-26,38.86
USGS,394036116183401,2025-07-27,38.87
USGS,394036116183401,2025-07-28,38.87
USGS,394036116183401,2025-07-29,38.87
USGS,394036116183401,2025-07-30,38.86
USGS,394036116183401,2025-07-31,38.87
USGS,394036116183401,2025-08-01,38.87
USGS,394036116183401,2025-08-02,38.87
USGS,394036116183401,2025-08-03,38.86
USGS,394036116183401,2025-08-04,38.85
USGS,394036116183401,2025-08-05,38.86
USGS,394036116183401,2025-08-06,38.87
USGS,394036116183401,2025-08-07,38.86
USGS,394036116183401,2025-08-08,38.86
USGS,394036116183401,2025-08-09,38.86
USGS,394036116183401,2025-08-10,38.87
USGS,394036116183401,2025-08-11,38.86
USGS,394036116183401,2025-08-12,38.85
USGS,394036116183401,2025-08-13,38.85
USGS,394036116183401,2025-08-14,38.84
USGS,394036116183401,2025-08-15,38.85
USGS,394036116183401,2025-08-16,38.85
USGS,394036116183401,2025-08-17,38.85
USGS,394036116183401,2025-08-18,38.85
USGS,394036116183401,2025-08-19,38.86
USGS,394036116183401,2025-08-20,38.85
USGS,394036116183401,2025-08-21,38.85
USGS,394036116183401,2025-08-22,38.85
USGS,394036116183401,2025-08-23,38.85
USGS,394036116183401,2025-08-24,38.84
USGS,394036116183401,2025-08-25,38.83
USGS,394036116183401,2025-08-26,38.84
USGS,394036116183401,2025-08-27,38.85
USGS,394036116183401,2025-08-28,38.85
USGS,394036116183401,2025-08-29,38.84
USGS,394036116183401,2025-08-30,38.84
USGS,394036116183401,2025-08-31,38.84
USGS,394036116183401,2025-09-01,38.84
USGS,394036116183401,2025-09-02,38.84
USGS,394036116183401,2025-09-03,38.84
USGS,394036116183401,2025-09-04,38.82
USGS,394036116183401,2025-09-05,38.83
USGS,394036116183401,2025-09-06,38.83
USGS,394036116183401,2025-09-07,38.84
USGS,394036116183401,2025-09-08,38.83
USGS,394036116183401,2025-09-09,38.81
USGS,394036116183401,2025-09-10,38.82
USGS,394036116183401,2025-09-11,38.83
USGS,394036116183401,2025-09-12,38.83
USGS,394036116183401,2025-09-13,38.83
USGS,394036116183401,2025-09-14,38.82
USGS,394036116183401,2025-09-15,38.83
USGS,394036116183401,2025-09-16,38.84
USGS,394036116183401,2025-09-17,38.83
USGS,394036116183401,2025-09-18,38.82
USGS,394036116183401,2025-09-19,38.82
USGS,394036116183401,2025-09-20,38.82
USGS,394036116183401,2025-09-21,38.82
USGS,394036116183401,2025-09-22,38.83
USGS,394036116183401,2025-09-23,
USGS,394036116183401,2025-09-24,38.77
USGS,394036116183401,2025-09-25,38.76
USGS,394036116183401,2025-09-26,38.76
USGS,394036116183401,2025-09-27,38.76
USGS,394036116183401,2025-09-28,38.76
USGS,394036116183401,2025-09-29,38.76
USGS,394036116183401,2025-09-30,38.74
USGS,394036116183401,2025-10-01,38.76
USGS,394036116183401,2025-10-02,38.75
USGS,394036116183401,2025-10-03,38.74
USGS,394036116183401,2025-10-04,38.74
USGS,394036116183401,2025-10-05,38.75
USGS,394036116183401,2025-10-06,38.76
USGS,394036116183401,2025-10-07,38.76
USGS,394036116183401,2025-10-08,38.75
USGS,394036116183401,2025-10-09,38.75
USGS,394036116183401,2025-10-10,38.74
USGS,394036116183401,2025-10-11,38.73
USGS,394036116183401,2025-10-12,38.74
USGS,394036116183401,2025-10-13,38.72
USGS,394036116183401,2025-10-14,38.74
USGS,394036116183401,2025-10-15,38.75
USGS,394036116183401,2025-10-16,38.76
USGS,394036116183401,2025-10-17,38.76
USGS,394036116183401,2025-10-18,38.76
USGS,394036116183401,2025-10-19,38.75
USGS,394036116183401,2025-10-20,38.77
USGS,394036116183401,2025-10-21,38.76
USGS,394036116183401,2025-10-22,38.75
USGS,394036116183401,2025-10-23,38.76
USGS,394036116183401,2025-10-24,38.75
USGS,394036116183401,2025-10-25,38.73
USGS,394036116183401,2025-10-26,38.73
USGS,394036116183401,2025-10-27,38.77
USGS,394036116183401,2025-10-28,38.77
USGS,394036116183401,2025-10-29,38.76
USGS,394036116183401,2025-10-30,38.75
USGS,394036116183401,2025-10-31,38.75
USGS,394036116183401,2025-11-01,38.75
USGS,394036116183401,2025-11-02,38.75
USGS,394036116183401,2025-11-03,38.74
USGS,394036116183401,2025-11-04,38.74
USGS,394036116183401,2025-11-05,38.73
USGS,394036116183401,2025-11-06,38.75
USGS,394036116183401,2025-11-07,38.74
USGS,394036116183401,2025-11-08,38.76
USGS,394036116183401,2025-11-09,38.77
USGS,394036116183401,2025-11-10,38.75
USGS,394036116183401,2025-11-11,38.74
USGS,394036116183401,2025-11-12,38.73
USGS,394036116183401,2025-11-13,38.72
USGS,394036116183401,2025-11-14,38.73
USGS,394036116183401,2025-11-15,38.72
USGS,394036116183401,2025-11-16,38.71
USGS,394036116183401,2025-11-17,38.72
USGS,394036116183401,2025-11-18,38.73
USGS,394036116183401,2025-11-19,38.73
USGS,394036116183401,2025-11-20,38.72
USGS,394036116183401,2025-11-21,38.75
USGS,394036116183401,2025-11-22,38.74
USGS,394036116183401,2025-11-23,38.73
USGS,394036116183401,2025-11-24,38.74
USGS,394036116183401,2025-11-25,38.74
USGS,394036116183401,2025-11-26,38.75
USGS,394036116183401,2025-11-27,38.73
USGS,394036116183401,2025-11-28,38.72
USGS,394036116183401,2025-11-29,38.72
USGS,394036116183401,2025-11-30,38.72
USGS,394036116183401,2025-12-01,38.73
USGS,394036116183401,2025-12-02,38.71
USGS,394036116183401,2025-12-03,38.73
USGS,394036116183401,2025-12-04,38.73
USGS,394036116183401,2025-12-05,38.72
USGS,394036116183401,2025-12-06,38.72
USGS,394036116183401,2025-12-07,38.74
USGS,394036116183401,2025-12-08,38.74
USGS,394036116183401,2025-12-09,38.73
USGS,394036116183401,2025-12-10,38.73
USGS,394036116183401,2025-12-11,38.73
USGS,394036116183401,2025-12-12,38.72
USGS,394036116183401,2025-12-13,38.72
USGS,394036116183401,2025-12-14,38.73
USGS,394036116183401,2025-12-15,38.73
USGS,394036116183401,2025-12-16,38.72
